url,page_class,primary_keyword,evidence,measured_keyword,monthly_volume,volume_source,h1,title
"https://takemocktest.com/in","country home","free online mock test","GSC-observed","","","","Free Online Mock Tests for Competitive Exams in India","Free Mock Tests for Competitive Exams in India"
"https://takemocktest.com/in/exams","exam directory","competitive exams list","Reasoned, not yet SERP-checked","","","","Find an exam by name or goal","All Exams in India: Browse Mock Tests by Goal | TakeMockTest"
"https://takemocktest.com/in/exam-updates","updates index","latest exam notifications, admit cards and results","Reasoned, not yet SERP-checked","","","","Latest exam notifications, admit cards and results","Latest Exam Notifications, Admit Cards & Results"
"https://takemocktest.com/in/logical-reasoning","reasoning hub","logical reasoning questions","Reasoned, not yet SERP-checked","","","","Logical Reasoning Practice 2026","Logical Reasoning Practice 2026: Free Graded Tests"
"https://takemocktest.com/in/practice","topic practice index","topic wise practice questions","Reasoned, not yet SERP-checked","","","","Topic-wise Practice Questions 2026","Topic-wise Practice Questions 2026: Free Tests"
"https://takemocktest.com/in/practice/percentage","topic practice","percentage questions with answers","Reasoned, not yet SERP-checked","","","","Percentage Questions with Answers","Percentage Questions with Answers 2026 | TakeMockTest"
"https://takemocktest.com/in/practice/profit-and-loss","topic practice","profit and loss questions with answers","Reasoned, not yet SERP-checked","","","","Profit and Loss Questions with Answers","Profit and Loss Questions with Answers 2026 | TakeMockTest"
"https://takemocktest.com/in/practice/ratio-and-proportion","topic practice","ratio and proportion questions with answers","Reasoned, not yet SERP-checked","","","","Ratio and Proportion Questions with Answers","Ratio and Proportion Questions with Answers 2026"
"https://takemocktest.com/in/practice/time-and-work","topic practice","time and work questions with answers","Reasoned, not yet SERP-checked","","","","Time and Work Questions with Answers","Time and Work Questions with Answers 2026 | TakeMockTest"
"https://takemocktest.com/in/practice/time-speed-and-distance","topic practice","time, speed and distance questions with answers","Reasoned, not yet SERP-checked","","","","Time, Speed and Distance Questions with Answers","Time, Speed and Distance Questions with Answers 2026"
"https://takemocktest.com/in/practice/averages","topic practice","averages questions with answers","Reasoned, not yet SERP-checked","","","","Averages Questions with Answers","Averages Questions with Answers 2026 | TakeMockTest"
"https://takemocktest.com/in/practice/simple-interest","topic practice","simple interest questions with answers","Reasoned, not yet SERP-checked","","","","Simple Interest Questions with Answers","Simple Interest Questions with Answers 2026 | TakeMockTest"
"https://takemocktest.com/in/practice/compound-interest","topic practice","compound interest questions with answers","Reasoned, not yet SERP-checked","","","","Compound Interest Questions with Answers","Compound Interest Questions with Answers 2026 | TakeMockTest"
"https://takemocktest.com/in/practice/number-system","topic practice","number system questions with answers","Reasoned, not yet SERP-checked","","","","Number System Questions with Answers","Number System Questions with Answers 2026 | TakeMockTest"
"https://takemocktest.com/in/practice/simplification","topic practice","simplification questions with answers","Reasoned, not yet SERP-checked","","","","Simplification Questions with Answers","Simplification Questions with Answers 2026 | TakeMockTest"
"https://takemocktest.com/in/practice/mensuration","topic practice","mensuration questions with answers","Reasoned, not yet SERP-checked","","","","Mensuration Questions with Answers","Mensuration Questions with Answers 2026 | TakeMockTest"
"https://takemocktest.com/in/practice/data-interpretation","topic practice","data interpretation questions with answers","Reasoned, not yet SERP-checked","","","","Data Interpretation Questions with Answers","Data Interpretation Questions with Answers 2026"
"https://takemocktest.com/in/practice/probability","topic practice","probability questions with answers","Reasoned, not yet SERP-checked","","","","Probability Questions with Answers","Probability Questions with Answers 2026 | TakeMockTest"
"https://takemocktest.com/in/practice/permutations-and-combinations","topic practice","permutations and combinations questions with answers","Reasoned, not yet SERP-checked","","","","Permutations and Combinations Questions with Answers","Permutations and Combinations Questions with Answers 2026"
"https://takemocktest.com/in/practice/number-series","topic practice","number series questions with answers","Reasoned, not yet SERP-checked","","","","Number Series Questions with Answers","Number Series Questions with Answers 2026 | TakeMockTest"
"https://takemocktest.com/in/practice/coding-and-decoding","topic practice","coding and decoding questions with answers","Reasoned, not yet SERP-checked","","","","Coding and Decoding Questions with Answers","Coding and Decoding Questions with Answers 2026"
"https://takemocktest.com/in/practice/syllogism","topic practice","syllogism questions with answers","Reasoned, not yet SERP-checked","","","","Syllogism Questions with Answers","Syllogism Questions with Answers 2026 | TakeMockTest"
"https://takemocktest.com/in/practice/blood-relations","topic practice","blood relations questions with answers","Reasoned, not yet SERP-checked","","","","Blood Relations Questions with Answers","Blood Relations Questions with Answers 2026 | TakeMockTest"
"https://takemocktest.com/in/practice/direction-sense","topic practice","direction sense questions with answers","Reasoned, not yet SERP-checked","","","","Direction Sense Questions with Answers","Direction Sense Questions with Answers 2026 | TakeMockTest"
"https://takemocktest.com/in/practice/classification","topic practice","classification questions with answers","Reasoned, not yet SERP-checked","","","","Classification Questions with Answers","Classification Questions with Answers 2026 | TakeMockTest"
"https://takemocktest.com/in/practice/analogy","topic practice","analogy questions with answers","Reasoned, not yet SERP-checked","","","","Analogy Questions with Answers","Analogy Questions with Answers 2026 | TakeMockTest"
"https://takemocktest.com/in/practice/data-sufficiency","topic practice","data sufficiency questions with answers","Reasoned, not yet SERP-checked","","","","Data Sufficiency Questions with Answers","Data Sufficiency Questions with Answers 2026 | TakeMockTest"
"https://takemocktest.com/in/practice/ranking-and-order","topic practice","ranking and order questions with answers","Reasoned, not yet SERP-checked","","","","Ranking and Order Questions with Answers","Ranking and Order Questions with Answers 2026 | TakeMockTest"
"https://takemocktest.com/in/practice/alphanumeric-series","topic practice","alphanumeric series questions with answers","Reasoned, not yet SERP-checked","","","","Alphanumeric Series Questions with Answers","Alphanumeric Series Questions with Answers 2026"
"https://takemocktest.com/in/practice/puzzles","topic practice","puzzles questions with answers","Reasoned, not yet SERP-checked","","","","Puzzles Questions with Answers","Puzzles Questions with Answers 2026 | TakeMockTest"
"https://takemocktest.com/in/practice/coded-inequality","topic practice","coded inequality questions with answers","Reasoned, not yet SERP-checked","","","","Coded Inequality Questions with Answers","Coded Inequality Questions with Answers 2026 | TakeMockTest"
"https://takemocktest.com/in/practice/seating-arrangement","topic practice","seating arrangement questions with answers","Reasoned, not yet SERP-checked","","","","Seating Arrangement Questions with Answers","Seating Arrangement Questions with Answers 2026"
"https://takemocktest.com/in/practice/reading-comprehension","topic practice","reading comprehension questions with answers","Reasoned, not yet SERP-checked","","","","Reading Comprehension Questions with Answers","Reading Comprehension Questions with Answers 2026"
"https://takemocktest.com/in/practice/one-word-substitution","topic practice","one-word substitution questions with answers","Reasoned, not yet SERP-checked","","","","One-Word Substitution Questions with Answers","One-Word Substitution Questions with Answers 2026"
"https://takemocktest.com/in/practice/fill-in-the-blanks","topic practice","fill in the blanks questions with answers","Reasoned, not yet SERP-checked","","","","Fill in the Blanks Questions with Answers","Fill in the Blanks Questions with Answers 2026"
"https://takemocktest.com/in/practice/sentence-improvement","topic practice","sentence improvement questions with answers","Reasoned, not yet SERP-checked","","","","Sentence Improvement Questions with Answers","Sentence Improvement Questions with Answers 2026"
"https://takemocktest.com/in/practice/error-spotting","topic practice","error spotting questions with answers","Reasoned, not yet SERP-checked","","","","Error Spotting Questions with Answers","Error Spotting Questions with Answers 2026 | TakeMockTest"
"https://takemocktest.com/in/practice/synonyms","topic practice","synonyms questions with answers","Reasoned, not yet SERP-checked","","","","Synonyms Questions with Answers","Synonyms Questions with Answers 2026 | TakeMockTest"
"https://takemocktest.com/in/practice/antonyms","topic practice","antonyms questions with answers","Reasoned, not yet SERP-checked","","","","Antonyms Questions with Answers","Antonyms Questions with Answers 2026 | TakeMockTest"
"https://takemocktest.com/in/practice/idioms-and-phrases","topic practice","idioms and phrases questions with answers","Reasoned, not yet SERP-checked","","","","Idioms and Phrases Questions with Answers","Idioms and Phrases Questions with Answers 2026"
"https://takemocktest.com/in/practice/cloze-test","topic practice","cloze test questions with answers","Reasoned, not yet SERP-checked","","","","Cloze Test Questions with Answers","Cloze Test Questions with Answers 2026 | TakeMockTest"
"https://takemocktest.com/in/practice/active-and-passive-voice","topic practice","active and passive voice questions with answers","Reasoned, not yet SERP-checked","","","","Active and Passive Voice Questions with Answers","Active and Passive Voice Questions with Answers 2026"
"https://takemocktest.com/in/practice/direct-and-indirect-speech","topic practice","direct and indirect speech questions with answers","Reasoned, not yet SERP-checked","","","","Direct and Indirect Speech Questions with Answers","Direct and Indirect Speech Questions with Answers 2026"
"https://takemocktest.com/in/practice/para-jumbles","topic practice","para jumbles questions with answers","Reasoned, not yet SERP-checked","","","","Para Jumbles Questions with Answers","Para Jumbles Questions with Answers 2026 | TakeMockTest"
"https://takemocktest.com/in/practice/spelling","topic practice","spelling questions with answers","Reasoned, not yet SERP-checked","","","","Spelling Questions with Answers","Spelling Questions with Answers 2026 | TakeMockTest"
"https://takemocktest.com/in/exam-updates/ibps-rrb-14-officer-reserve-list-august-2026","exam update","exam notification","Reasoned, not yet SERP-checked","","","","IBPS RRB XIV: Officer reserve-list allotment links published","IBPS RRB XIV: Officer reserve-list allotment links published"
"https://takemocktest.com/in/exam-updates/mat-september-2026-registration-and-test-dates","exam update","exam notification","Reasoned, not yet SERP-checked","","","","MAT Sept 2026: separate PBT, CBT registration deadlines","MAT Sept 2026: separate PBT, CBT registration deadlines"
"https://takemocktest.com/in/exam-updates/gate-2027-registration-opening-awaited","exam update","exam notification","Reasoned, not yet SERP-checked","","","","GATE 2027: opening date awaited, deadlines revised","GATE 2027: opening date awaited, deadlines revised"
"https://takemocktest.com/in/exam-updates/ibps-po-16-vacancy-corrigendum-august-2026","exam update","exam notification","Reasoned, not yet SERP-checked","","","","IBPS PO XVI: corrigendum and updated vacancy document listed","IBPS PO XVI: corrigendum and updated vacancy document listed"
"https://takemocktest.com/in/exam-updates/ibps-so-16-vacancy-corrigendum-august-2026","exam update","exam notification","Reasoned, not yet SERP-checked","","","","IBPS SO XVI: corrigendum and updated vacancy document listed","IBPS SO XVI: corrigendum and updated vacancy document listed"
"https://takemocktest.com/in/exam-updates/ibps-po-crp-16-prelims-call-letter-2026","exam update","exam notification","Reasoned, not yet SERP-checked","","","","IBPS releases CRP PO/MT-XVI Prelims call letter","IBPS releases CRP PO/MT-XVI Prelims call letter"
"https://takemocktest.com/in/exam-updates/ibps-clerk-csa-16-notification-2026","exam update","exam notification","Reasoned, not yet SERP-checked","","","","IBPS releases CRP CSA-XVI notification for Clerical cadre","IBPS releases CRP CSA-XVI notification for Clerical cadre"
"https://takemocktest.com/in/exam-updates/upsc-cse-main-examination-timetable-2026","exam update","exam notification","Reasoned, not yet SERP-checked","","","","UPSC publishes Civil Services Main Exam 2026 timetable","UPSC publishes Civil Services Main Exam 2026 timetable"
"https://takemocktest.com/in/exam-updates/upsc-cse-main-application-confirmation-window-2026","exam update","exam notification","Reasoned, not yet SERP-checked","","","","UPSC opens the CSE Main 2026 application confirmation window","UPSC opens the CSE Main 2026 application confirmation window"
"https://takemocktest.com/in/exam-updates/upsc-cse-preliminary-written-result-2026","exam update","exam notification","Reasoned, not yet SERP-checked","","","","UPSC publishes Civil Services Prelims 2026 written result","UPSC publishes Civil Services Prelims 2026 written result"
"https://takemocktest.com/in/exam-updates/ssc-selection-post-phase-14-vocational-instructor-corrigendum-2026","exam update","exam notification","Reasoned, not yet SERP-checked","","","","SSC publishes Phase XIV Vocational Instructor corrigendum","SSC publishes Phase XIV Vocational Instructor corrigendum"
"https://takemocktest.com/in/exam-updates/ibps-clerk-csa-15-main-result-chandigarh-2026","exam update","exam notification","Reasoned, not yet SERP-checked","","","","IBPS publishes CRP CSA-XV Main result update for Chandigarh","IBPS publishes CRP CSA-XV Main result update for Chandigarh"
"https://takemocktest.com/in/exam-updates/ibps-po-crp-16-notification-2026","exam update","exam notification","Reasoned, not yet SERP-checked","","","","IBPS releases the CRP PO/MT-XVI notification","IBPS releases the CRP PO/MT-XVI notification | TakeMockTest"
"https://takemocktest.com/in/exam-updates/rrb-je-cbt-2-tentative-exam-schedule-2026","exam update","exam notification","Reasoned, not yet SERP-checked","","","","RRB publishes tentative CBT 2 schedule for JE recruitment","RRB publishes tentative CBT 2 schedule for JE recruitment"
"https://takemocktest.com/in/exam-updates/upsc-cds-2-notification-2026","exam update","exam notification","Reasoned, not yet SERP-checked","","","","UPSC publishes the CDS II 2026 examination notification","UPSC publishes the CDS II 2026 examination notification"
"https://takemocktest.com/in/exam-updates/upsc-nda-2-notification-2026","exam update","exam notification","Reasoned, not yet SERP-checked","","","","UPSC publishes the NDA and NA II 2026 notification","UPSC publishes the NDA and NA II 2026 notification"
"https://takemocktest.com/in/exam-updates/rrb-ntpc-cbt-1-answer-key-response-sheet-2026","exam update","exam notification","Reasoned, not yet SERP-checked","","","","RRB opens NTPC Graduate CBT 1 response, objection tracker","RRB opens NTPC Graduate CBT 1 response, objection tracker"
"https://takemocktest.com/in/exam-updates/ssc-selection-post-phase-14-exam-date-2026","exam update","exam notification","Reasoned, not yet SERP-checked","","","","SSC announces the Phase XIV/2026 Selection Posts exam dates","SSC announces the Phase XIV/2026 Selection Posts exam dates"
"https://takemocktest.com/in/exam-updates/ssc-stenographer-grade-c-d-2026-notification","exam update","exam notification","Reasoned, not yet SERP-checked","","","","SSC opens new recruitment cycle for Stenographer Grade C & D","SSC opens new recruitment cycle for Stenographer Grade C & D"
"https://takemocktest.com/in/blog","blog index","study tips & exam strategy","Reasoned, not yet SERP-checked","","","","Study tips & exam strategy","Study Tips & Exam Strategy | TakeMockTest"
"https://takemocktest.com/in/about","exam hub","about takemocktest","Reasoned, not yet SERP-checked","","","","About TakeMockTest","About and editorial policy | TakeMockTest"
"https://takemocktest.com/in/blog/how-to-build-a-study-timetable","blog post","study timetable for competitive exams","Declared per post in blog.ts","","","","How to Build a Study Timetable That Actually Works","How to Build a Study Timetable That Actually Works"
"https://takemocktest.com/in/blog/common-ssc-cgl-preparation-mistakes","blog post","ssc cgl preparation mistakes","Declared per post in blog.ts","","","","5 Common Mistakes to Avoid in SSC CGL Preparation","5 Common Mistakes to Avoid in SSC CGL Preparation"
"https://takemocktest.com/in/blog/understanding-negative-marking","blog post","negative marking in competitive exams","Declared per post in blog.ts","","","","Understanding Negative Marking: A Complete Guide","Understanding Negative Marking: A Complete Guide"
"https://takemocktest.com/in/blog/time-management-during-the-exam","blog post","time management in the exam hall","Declared per post in blog.ts","","","","Time Management Tips for the Exam Hall","Time Management Tips for the Exam Hall | TakeMockTest"
"https://takemocktest.com/in/blog/how-to-analyze-your-mock-test-performance","blog post","how to analyse mock test performance","Declared per post in blog.ts","","","","How to Analyze Your Mock Test Performance","How to Analyze Your Mock Test Performance | TakeMockTest"
"https://takemocktest.com/in/blog/ibps-po-vs-ssc-cgl-which-exam-suits-you","blog post","ibps po vs ssc cgl","Declared per post in blog.ts","","","","IBPS PO vs SSC CGL: Which Is Tougher?","IBPS PO vs SSC CGL: Which Is Tougher? | TakeMockTest"
"https://takemocktest.com/in/blog/sectional-lock-vs-composite-timer","blog post","sectional lock vs composite timer","Declared per post in blog.ts","","","","Sectional Lock vs Composite Timer, Explained","Sectional Lock vs Composite Timer, Explained | TakeMockTest"
"https://takemocktest.com/in/blog/qualifying-vs-merit-sections-banking-exams","blog post","qualifying vs merit sections in bank exams","Declared per post in blog.ts","","","","Qualifying vs Merit Sections in Bank Exams","Qualifying vs Merit Sections in Bank Exams | TakeMockTest"
"https://takemocktest.com/in/blog/beginners-guide-to-banking-exams-in-india","blog post","which banking exam should i start with","Declared per post in blog.ts","","","","A Beginner's Guide to Banking Exams in India","A Beginner's Guide to Banking Exams in India | TakeMockTest"
"https://takemocktest.com/in/blog/ssc-vs-banking-vs-railways-choosing-your-path","blog post","ssc vs banking vs railways","Declared per post in blog.ts","","","","SSC vs Banking vs Railways: Which to Choose?","SSC vs Banking vs Railways: Which to Choose? | TakeMockTest"
"https://takemocktest.com/in/blog/rbi-grade-b-vs-nabard-vs-sebi-vs-sidbi","blog post","rbi grade b vs nabard grade a","Declared per post in blog.ts","","","","RBI Grade B vs NABARD vs SEBI vs SIDBI","RBI Grade B vs NABARD vs SEBI vs SIDBI | TakeMockTest"
"https://takemocktest.com/in/blog/how-many-mock-tests-should-you-take","blog post","how many mock tests before the exam","Declared per post in blog.ts","","","","How Many Mock Tests Should You Take Before the Exam?","How Many Mock Tests Should You Take Before the Exam?"
"https://takemocktest.com/in/blog/coaching-vs-self-study","blog post","coaching vs self study for government exams","Declared per post in blog.ts","","","","Coaching vs Self-Study: How to Actually Decide","Coaching vs Self-Study: How to Actually Decide"
"https://takemocktest.com/in/blog/how-to-handle-exam-day-anxiety","blog post","exam day anxiety","Declared per post in blog.ts","","","","How to Handle Exam Day Anxiety and Stay Calm Under Pressure","How to Handle Exam Day Anxiety and Stay Calm Under Pressure"
"https://takemocktest.com/in/blog/preparing-for-exams-while-working-a-job","blog post","how to prepare for government exams while working","Declared per post in blog.ts","","","","Preparing for Government Exams While Working a Full-Time Job","Preparing for Government Exams While Working a Full-Time Job"
"https://takemocktest.com/in/blog/document-verification-what-to-expect","blog post","document verification after written exam","Declared per post in blog.ts","","","","Document Verification: What Happens After the Written Exam","Document Verification: What Happens After the Written Exam"
"https://takemocktest.com/in/blog/age-limit-and-attempts-explained","blog post","age limit and number of attempts for government exams","Declared per post in blog.ts","","","","Age Limits and Number of Attempts: How They Actually Work","Age Limits and Number of Attempts: How They Actually Work"
"https://takemocktest.com/in/blog/should-you-take-a-drop-year","blog post","drop year for exam preparation","Declared per post in blog.ts","","","","Should You Take a Drop Year for Exam Preparation?","Should You Take a Drop Year for Exam Preparation?"
"https://takemocktest.com/in/blog/understanding-cutoffs-and-percentile","blog post","cutoff vs percentile","Declared per post in blog.ts","","","","Cutoffs and Percentile: What Score Do You Actually Need?","Cutoffs and Percentile: What Score Do You Actually Need?"
"https://takemocktest.com/in/blog/revising-in-the-final-week-before-your-exam","blog post","how to revise in the last week before an exam","Declared per post in blog.ts","","","","How to Revise Effectively in the Final Week Before Your Exam","How to Revise Effectively in the Final Week Before Your Exam"
"https://takemocktest.com/in/blog/speed-vs-accuracy-in-timed-tests","blog post","speed vs accuracy in exams","Declared per post in blog.ts","","","","Speed vs Accuracy: The Right Trade-off in Timed Tests","Speed vs Accuracy: The Right Trade-off in Timed Tests"
"https://takemocktest.com/in/blog/how-to-build-an-error-log","blog post","error log for exam preparation","Declared per post in blog.ts","","","","How to Build an Error Log and Actually Use It","How to Build an Error Log and Actually Use It | TakeMockTest"
"https://takemocktest.com/in/blog/group-study-vs-solo-study","blog post","group study vs self study","Declared per post in blog.ts","","","","Group Study vs Solo Study: What Actually Works for Exam Prep","Group Study vs Solo Study: What Actually Works for Exam Prep"
"https://takemocktest.com/in/blog/sectional-practice-or-full-mocks","blog post","sectional test vs full mock test","Declared per post in blog.ts","","","","Sectional Practice or Full Mocks: Choosing Your Next Test","Sectional Practice or Full Mocks: Choosing Your Next Test"
"https://takemocktest.com/in/blog/preparing-general-awareness-without-drowning-in-current-affairs","blog post","how to prepare general awareness for competitive exams","Declared per post in blog.ts","","","","General Awareness Without Drowning in Current Affairs","General Awareness Without Drowning in Current Affairs"
"https://takemocktest.com/in/blog/exam-day-checklist-what-to-carry","blog post","exam day checklist what to carry","Declared per post in blog.ts","","","","Exam Day Checklist: What to Carry and What Gets Rejected","Exam Day Checklist: What to Carry and What Gets Rejected"
"https://takemocktest.com/in/blog/building-vocabulary-without-rote-memorization","blog post","how to build vocabulary for competitive exams","Declared per post in blog.ts","","","","Building Exam Vocabulary Without Rote Memorization","Building Exam Vocabulary Without Rote Memorization"
"https://takemocktest.com/in/blog/how-to-read-an-exam-notification","blog post","how to read an exam notification","Declared per post in blog.ts","","","","How to Read an Exam Notification Carefully","How to Read an Exam Notification Carefully | TakeMockTest"
"https://takemocktest.com/in/blog/spaced-repetition-how-to-actually-remember-what-you-study","blog post","spaced repetition for exam preparation","Declared per post in blog.ts","","","","Spaced Repetition: How to Actually Remember What You Study","Spaced Repetition: How to Actually Remember What You Study"
"https://takemocktest.com/in/blog/cat-vs-mat-vs-cmat-choosing-your-mba-entrance","blog post","cat vs mat vs cmat","Declared per post in blog.ts","","","","CAT, MAT, CMAT, or a State MBA CET: Pick Your Exam","CAT, MAT, CMAT, or a State MBA CET: Pick Your Exam"
"https://takemocktest.com/in/blog/ielts-vs-toefl-vs-pte-picking-your-english-test","blog post","ielts vs toefl vs pte","Declared per post in blog.ts","","","","IELTS, TOEFL, or PTE: Which English Test Should You Take?","IELTS, TOEFL, or PTE: Which English Test Should You Take?"
"https://takemocktest.com/in/blog/nda-vs-cds-vs-afcat-choosing-your-defence-entry","blog post","nda vs cds vs afcat","Declared per post in blog.ts","","","","NDA, CDS, or AFCAT: Matching the Exam to Your Entry Path","NDA, CDS, or AFCAT: Matching the Exam to Your Entry Path"
"https://takemocktest.com/in/blog/clat-vs-ailet-vs-state-law-cets-first-timers-guide","blog post","clat vs ailet","Declared per post in blog.ts","","","","CLAT, AILET, or a State Law CET: A Guide to Law Entrances","CLAT, AILET, or a State Law CET: A Guide to Law Entrances"
"https://takemocktest.com/in/blog/ca-foundation-vs-cma-foundation-which-to-start-with","blog post","ca foundation vs cma foundation","Declared per post in blog.ts","","","","CA Foundation or CMA Foundation: Where Should You Start?","CA Foundation or CMA Foundation: Where Should You Start?"
"https://takemocktest.com/in/blog/jee-main-vs-bitsat-vs-state-cets-engineering-prep","blog post","jee main vs bitsat","Declared per post in blog.ts","","","","JEE Main, BITSAT, or a State CET: How Prep Differs","JEE Main, BITSAT, or a State CET: How Prep Differs"
"https://takemocktest.com/in/blog/nata-vs-jee-main-paper-2-choosing-your-barch-entry","blog post","nata vs jee main paper 2","Declared per post in blog.ts","","","","NATA or JEE Main Paper 2: Which B.Arch Entrance Do You Need?","NATA or JEE Main Paper 2: Which B.Arch Entrance Do You Need?"
"https://takemocktest.com/in/blog/sat-vs-act-choosing-your-us-admission-test","blog post","sat vs act","Declared per post in blog.ts","","","","SAT or ACT: How the Two US Admission Tests Differ in 2026","SAT or ACT: How the Two US Admission Tests Differ in 2026"
"https://takemocktest.com/in/blog/rrb-ntpc-vs-group-d-vs-je-vs-alp-choosing-your-railway-exam","blog post","rrb ntpc vs group d","Declared per post in blog.ts","","","","RRB NTPC, Group D, JE, or ALP: Which Exam Fits You?","RRB NTPC, Group D, JE, or ALP: Which Exam Fits You?"
"https://takemocktest.com/in/blog/ssc-cgl-vs-chsl-vs-mts-choosing-the-right-ssc-exam","blog post","ssc cgl vs chsl vs mts","Declared per post in blog.ts","","","","SSC CGL, CHSL, or MTS: Which Matches Your Qualification?","SSC CGL, CHSL, or MTS: Which Matches Your Qualification?"
"https://takemocktest.com/in/blog/oet-vs-ielts-choosing-your-healthcare-english-test","blog post","oet vs ielts","Declared per post in blog.ts","","","","OET or IELTS: Which English Test Do Healthcare Pros Need?","OET or IELTS: Which English Test Do Healthcare Pros Need?"
"https://takemocktest.com/in/blog/mht-cet-vs-jee-main-maharashtra-engineering-admission","blog post","mht cet vs jee main","Declared per post in blog.ts","","","","MHT CET or JEE Main: Which Gets You a Maharashtra Seat?","MHT CET or JEE Main: Which Gets You a Maharashtra Seat?"
"https://takemocktest.com/in/blog/lic-aao-vs-niacl-ao-choosing-your-insurance-sector-exam","blog post","lic aao vs niacl ao","Declared per post in blog.ts","","","","LIC AAO or NIACL AO: Choosing Your Insurance Sector Exam","LIC AAO or NIACL AO: Choosing Your Insurance Sector Exam"
"https://takemocktest.com/in/blog/why-this-site-gives-you-two-full-mock-tests","blog post","why take more than one full mock test","Declared per post in blog.ts","","","","Why This Site Gives You Two Full Mock Tests","Why This Site Gives You Two Full Mock Tests | TakeMockTest"
"https://takemocktest.com/in/blog/ssc-selection-post-one-cbe-three-qualification-levels","blog post","ssc selection post matriculation vs graduation level","Declared per post in blog.ts","","","","SSC Selection Post: One CBE, Three Levels, One Fixed Subject","SSC Selection Post: One CBE, Three Levels, One Fixed Subject"
"https://takemocktest.com/in/blog/rrb-technician-grade-1-signal-vs-grade-3","blog post","rrb technician grade 1 vs grade 3","Declared per post in blog.ts","","","","RRB Technician Grade I Signal vs Grade III: What Changes","RRB Technician Grade I Signal vs Grade III: What Changes"
"https://takemocktest.com/in/blog/ssc-stenographer-grade-c-vs-grade-d","blog post","ssc stenographer grade c vs grade d","Declared per post in blog.ts","","","","SSC Stenographer Grade C vs D: Same CBT, Different Skill","SSC Stenographer Grade C vs D: Same CBT, Different Skill"
"https://takemocktest.com/in/blog/rrb-je-cbt2-civil-vs-mechanical","blog post","rrb je cbt 2 civil vs mechanical","Declared per post in blog.ts","","","","RRB JE CBT 2 Civil vs Mechanical: Which Is Easier?","RRB JE CBT 2 Civil vs Mechanical: Which Is Easier?"
"https://takemocktest.com/in/blog/cg-pet-vs-bcece-two-state-engineering-routes","blog post","cg pet vs bcece","Declared per post in blog.ts","","","","CG PET vs BCECE: Two State Engineering Routes, Worlds Apart","CG PET vs BCECE: Two State Engineering Routes, Worlds Apart"
"https://takemocktest.com/in/blog/bits-hd-vs-gate-cs-which-to-prepare-for","blog post","bits hd vs gate","Declared per post in blog.ts","","","","BITS HD vs GATE CS: Which Should You Actually Prepare For?","BITS HD vs GATE CS: Which Should You Actually Prepare For?"
"https://takemocktest.com/in/blog/amu-btech-admission-test-pattern-and-scoring","blog post","amu b.tech admission test marking scheme","Declared per post in blog.ts","","","","AMU B.Tech. Admission Test 2026-27: Pattern and Scoring","AMU B.Tech. Admission Test 2026-27: Pattern and Scoring"
"https://takemocktest.com/in/blog/assam-cee-2026-exam-pattern-explained","blog post","assam cee marking scheme","Declared per post in blog.ts","","","","Assam CEE 2026 Exam Pattern: 120 Questions, +4/-1 Scoring","Assam CEE 2026 Exam Pattern: 120 Questions, +4/-1 Scoring"
"https://takemocktest.com/in/blog/cusat-cat-2026-what-to-expect","blog post","cusat cat how many questions","Declared per post in blog.ts","","","","CUSAT CAT 2026: 225 Questions, One Free-Roam Timer","CUSAT CAT 2026: 225 Questions, One Free-Roam Timer"
"https://takemocktest.com/in/blog/engineering-entrance-exams-beyond-jee-main-2026-roundup","blog post","engineering entrance exams other than jee main","Declared per post in blog.ts","","","","Seven Engineering Entrance Exams Beyond JEE Main","Seven Engineering Entrance Exams Beyond JEE Main"
"https://takemocktest.com/in/blog/rrb-paramedical-cbt-pattern-what-this-site-can-and-cannot-cover","blog post","rrb paramedical cbt shared sections","Declared per post in blog.ts","","","","RRB Paramedical CBT: Why Only 30 of 100 Questions Are Shared","RRB Paramedical CBT: Why Only 30 of 100 Questions Are Shared"
"https://takemocktest.com/in/blog/ssc-gd-constable-cbe-pattern-speed-over-difficulty","blog post","is ssc gd constable exam easy","Declared per post in blog.ts","","","","SSC GD Constable: The CBE That Rewards Speed Over Difficulty","SSC GD Constable: The CBE That Rewards Speed Over Difficulty"
"https://takemocktest.com/in/blog/ssc-cpo-paper-1-vs-paper-2-same-marks-different-shape","blog post","ssc cpo paper 1 vs paper 2","Declared per post in blog.ts","","","","SSC CPO Paper 1 vs Paper 2: Same Marks, Different Shape","SSC CPO Paper 1 vs Paper 2: Same Marks, Different Shape"
"https://takemocktest.com/in/blog/ssc-je-paper-1-only-a-quarter-of-the-exam","blog post","ssc je paper 1 vs paper 2","Declared per post in blog.ts","","","","SSC JE Paper I: Why This Site Covers Only a Quarter","SSC JE Paper I: Why This Site Covers Only a Quarter"
"https://takemocktest.com/in/blog/rpf-constable-vs-rpf-si-same-cbt-different-post","blog post","rpf constable vs rpf si","Declared per post in blog.ts","","","","RPF Constable vs RPF SI: Same CBT, Different Post","RPF Constable vs RPF SI: Same CBT, Different Post"
"https://takemocktest.com/in/blog/exams-that-share-sections-what-actually-transfers","blog post","which exams have a common syllabus","Declared per post in blog.ts","","","","Which Exams Share Sections, and What Actually Transfers","Which Exams Share Sections, and What Actually Transfers"
"https://takemocktest.com/in/blog/practice-by-topic-instead-of-by-exam","blog post","should i practise by topic or by exam","Declared per post in blog.ts","","","","Practice by Topic Instead of by Exam","Practice by Topic Instead of by Exam | TakeMockTest"
"https://takemocktest.com/in/blog/reasoning-has-23-names-on-indian-exam-papers","blog post","reasoning section names in indian exams","Declared per post in blog.ts","","","","Reasoning Has 23 Names on Indian Exam Papers","Reasoning Has 23 Names on Indian Exam Papers | TakeMockTest"
"https://takemocktest.com/in/exams/government-jobs","exam category","government jobs exams","Reasoned, not yet SERP-checked","","","","Government Jobs Exams","Government Jobs Exams in India: Mock Test Directory"
"https://takemocktest.com/in/exams/engineering","exam category","engineering & technology exams","Reasoned, not yet SERP-checked","","","","Engineering & Technology Exams","Engineering & Technology Exams in India: Mock Test Directory"
"https://takemocktest.com/in/exams/medical","exam category","medical & healthcare exams","Reasoned, not yet SERP-checked","","","","Medical & Healthcare Exams","Medical & Healthcare Exams in India: Mock Test Directory"
"https://takemocktest.com/in/exams/study-abroad","exam category","study abroad exams","Reasoned, not yet SERP-checked","","","","Study Abroad Exams","Study Abroad Exams in India: Mock Test Directory"
"https://takemocktest.com/in/exams/management","exam category","management & business exams","Reasoned, not yet SERP-checked","","","","Management & Business Exams","Management & Business Exams in India: Mock Test Directory"
"https://takemocktest.com/in/exams/university-science","exam category","university & science exams","Reasoned, not yet SERP-checked","","","","University & Science Exams","University & Science Exams in India: Mock Test Directory"
"https://takemocktest.com/in/exams/defence","exam category","defence & uniformed services exams","Reasoned, not yet SERP-checked","","","","Defence & Uniformed Services Exams","Defence & Uniformed Services Exams in India: Mock Test Directory"
"https://takemocktest.com/in/exams/law","exam category","law & judiciary exams","Reasoned, not yet SERP-checked","","","","Law & Judiciary Exams","Law & Judiciary Exams in India: Mock Test Directory"
"https://takemocktest.com/in/exams/teaching-research","exam category","teaching & research exams","Reasoned, not yet SERP-checked","","","","Teaching & Research Exams","Teaching & Research Exams in India: Mock Test Directory"
"https://takemocktest.com/in/exams/commerce-professional","exam category","commerce & professional exams","Reasoned, not yet SERP-checked","","","","Commerce & Professional Exams","Commerce & Professional Exams in India: Mock Test Directory"
"https://takemocktest.com/in/exams/design-hospitality","exam category","design, fashion & hospitality exams","Reasoned, not yet SERP-checked","","","","Design, Fashion & Hospitality Exams","Design, Fashion & Hospitality Exams in India: Mock Test Directory"
"https://takemocktest.com/in/ssc-cgl","exam hub","ssc cgl","Reasoned, not yet SERP-checked","","","","SSC CGL","SSC CGL: Free Mock Tests & Exam Pattern | TakeMockTest"
"https://takemocktest.com/in/ssc-cgl/mock-test","mock-test","ssc cgl mock test 2026","Reasoned, not yet SERP-checked","ssc cgl mock test","22200","Semrush 2026-02 India, supplied by site owner, not verified here","SSC CGL Mock Test 2026","SSC CGL Mock Test 2026, Practice Free Test Series"
"https://takemocktest.com/in/ssc-cgl/similar-tests","similar-tests","similar tests to ssc cgl","Reasoned, not yet SERP-checked","","","","Similar Tests to SSC CGL","Similar Tests to SSC CGL, Extra Reasoning Practice"
"https://takemocktest.com/in/ssc-cgl/dest-practice","dest-practice","ssc cgl dest practice test","Reasoned, not yet SERP-checked","","","","SSC CGL DEST Practice Test","SSC CGL DEST Practice Test: 15 Minute Typing Test"
"https://takemocktest.com/in/ssc-cgl/exam-pattern","exam-pattern","ssc cgl exam pattern","Reasoned, not yet SERP-checked","","","","SSC CGL Exam Pattern","SSC CGL Exam Pattern 2026: Marks & Duration | TakeMockTest"
"https://takemocktest.com/in/ssc-cgl/syllabus","syllabus","ssc cgl tier 1 syllabus","SERP-verified 2026-09-09","","","","SSC CGL Tier 1 Syllabus 2026","SSC CGL Tier 1 Syllabus 2026: Section-wise Topics"
"https://takemocktest.com/in/ssc-cgl/eligibility","eligibility","ssc cgl eligibility","Reasoned, not yet SERP-checked","","","","SSC CGL Eligibility 2026","SSC CGL Eligibility 2026: Age Limit & Qualification"
"https://takemocktest.com/in/ssc-cgl/selection-process","selection-process","ssc cgl selection process","Reasoned, not yet SERP-checked","","","","SSC CGL Selection Process 2026","SSC CGL Selection Process 2026: Tier 1 to Final Merit"
"https://takemocktest.com/in/ssc-cgl/salary","salary","ssc cgl salary","Reasoned, not yet SERP-checked","","","","SSC CGL Salary 2026","SSC CGL Salary 2026: Post-wise Pay Levels & Basic Pay"
"https://takemocktest.com/in/ssc-cgl/previous-year-papers","previous-year-papers","ssc cgl previous year question papers","Reasoned, not yet SERP-checked","","","","SSC CGL Previous Year Paper Sources","SSC CGL Previous Year Paper Sources: Official SSC Records"
"https://takemocktest.com/in/ssc-cgl/cutoff","cutoff","ssc cgl tier 1 cutoff 2025","Reasoned, not yet SERP-checked","","","","SSC CGL Tier 1 Cutoff 2025","SSC CGL Tier 1 Cutoff 2025: Official Category-wise Marks"
"https://takemocktest.com/in/ssc-cgl/result","result","ssc cgl result 2025","Reasoned, not yet SERP-checked","","","","SSC CGL Result 2025","SSC CGL Result 2025: Final Result and Official Timeline"
"https://takemocktest.com/in/ssc-cgl/answer-key","answer-key","ssc cgl answer key 2025","Reasoned, not yet SERP-checked","","","","SSC CGL Answer Key 2025","SSC CGL Answer Key 2025: Tier 2 Final Key Status"
"https://takemocktest.com/in/ssc-cgl/admit-card","admit-card","ssc cgl admit card 2026","Reasoned, not yet SERP-checked","","","","SSC CGL Admit Card 2026","SSC CGL Admit Card 2026: Release Schedule and Documents"
"https://takemocktest.com/in/ssc-cgl/test/tier-1-full-mock-1","full mock test","ssc cgl tier 1 full mock test 1","Class GSC-observed, this URL not yet in GSC","","","","SSC CGL Tier 1 Full Mock Test 1","SSC CGL Tier 1 Full Mock Test 1 (2026): Free Online Test"
"https://takemocktest.com/in/ssc-cgl/test/tier-1-full-mock-2","full mock test","ssc cgl tier 1 full mock test 2","Class GSC-observed, this URL not yet in GSC","","","","SSC CGL Tier 1 Full Mock Test 2","SSC CGL Tier 1 Full Mock Test 2 (2026): Free Online Test"
"https://takemocktest.com/in/ssc-cgl/test/tier-1-full-mock-3","full mock test","ssc cgl tier 1 full mock test 3","Class GSC-observed, this URL not yet in GSC","","","","SSC CGL Tier 1 Full Mock Test 3","SSC CGL Tier 1 Full Mock Test 3 (2026): Free Online Test"
"https://takemocktest.com/in/ssc-cgl/test/tier-1-general-intelligence-reasoning-sectional-1","sectional test","ssc cgl tier 1 general intelligence & reasoning mock test 1","SERP-verified 2026-09-09","","","","SSC CGL Tier 1 General Intelligence & Reasoning Mock Test 1","SSC CGL Tier 1 General Intelligence & Reasoning Mock Test 1"
"https://takemocktest.com/in/ssc-cgl/test/tier-1-general-awareness-sectional-1","sectional test","ssc cgl tier 1 general awareness mock test 1","SERP-verified 2026-09-09","","","","SSC CGL Tier 1 General Awareness Mock Test 1","SSC CGL Tier 1 General Awareness Mock Test 1: Free Practice"
"https://takemocktest.com/in/ssc-cgl/test/tier-1-quantitative-aptitude-sectional-1","sectional test","ssc cgl tier 1 quantitative aptitude mock test 1","SERP-verified 2026-09-09","","","","SSC CGL Tier 1 Quantitative Aptitude Mock Test 1","SSC CGL Tier 1 Quantitative Aptitude Mock Test 1"
"https://takemocktest.com/in/ssc-cgl/test/tier-1-english-comprehension-sectional-1","sectional test","ssc cgl tier 1 english comprehension mock test 1","SERP-verified 2026-09-09","","","","SSC CGL Tier 1 English Comprehension Mock Test 1","SSC CGL Tier 1 English Comprehension Mock Test 1"
"https://takemocktest.com/in/ssc-cgl/test/tier-1-general-intelligence-reasoning-sectional-2","sectional test","ssc cgl tier 1 general intelligence & reasoning mock test 2","SERP-verified 2026-09-09","","","","SSC CGL Tier 1 General Intelligence & Reasoning Mock Test 2","SSC CGL Tier 1 General Intelligence & Reasoning Mock Test 2"
"https://takemocktest.com/in/ssc-cgl/test/tier-1-general-awareness-sectional-2","sectional test","ssc cgl tier 1 general awareness mock test 2","SERP-verified 2026-09-09","","","","SSC CGL Tier 1 General Awareness Mock Test 2","SSC CGL Tier 1 General Awareness Mock Test 2: Free Practice"
"https://takemocktest.com/in/ssc-cgl/test/tier-1-quantitative-aptitude-sectional-2","sectional test","ssc cgl tier 1 quantitative aptitude mock test 2","SERP-verified 2026-09-09","","","","SSC CGL Tier 1 Quantitative Aptitude Mock Test 2","SSC CGL Tier 1 Quantitative Aptitude Mock Test 2"
"https://takemocktest.com/in/ssc-cgl/test/tier-1-english-comprehension-sectional-2","sectional test","ssc cgl tier 1 english comprehension mock test 2","SERP-verified 2026-09-09","","","","SSC CGL Tier 1 English Comprehension Mock Test 2","SSC CGL Tier 1 English Comprehension Mock Test 2"
"https://takemocktest.com/in/ssc-cgl/test/tier-1-general-intelligence-reasoning-sectional-3","sectional test","ssc cgl tier 1 general intelligence & reasoning mock test 3","SERP-verified 2026-09-09","","","","SSC CGL Tier 1 General Intelligence & Reasoning Mock Test 3","SSC CGL Tier 1 General Intelligence & Reasoning Mock Test 3"
"https://takemocktest.com/in/ssc-cgl/test/tier-1-general-awareness-sectional-3","sectional test","ssc cgl tier 1 general awareness mock test 3","SERP-verified 2026-09-09","","","","SSC CGL Tier 1 General Awareness Mock Test 3","SSC CGL Tier 1 General Awareness Mock Test 3: Free Practice"
"https://takemocktest.com/in/ssc-cgl/test/tier-1-quantitative-aptitude-sectional-3","sectional test","ssc cgl tier 1 quantitative aptitude mock test 3","SERP-verified 2026-09-09","","","","SSC CGL Tier 1 Quantitative Aptitude Mock Test 3","SSC CGL Tier 1 Quantitative Aptitude Mock Test 3"
"https://takemocktest.com/in/ssc-cgl/test/tier-1-english-comprehension-sectional-3","sectional test","ssc cgl tier 1 english comprehension mock test 3","SERP-verified 2026-09-09","","","","SSC CGL Tier 1 English Comprehension Mock Test 3","SSC CGL Tier 1 English Comprehension Mock Test 3"
"https://takemocktest.com/in/ssc-cgl/test/tier-2-paper-1-objective-full-mock-1","full mock test","ssc cgl tier 2 paper i full mock test 1","Class GSC-observed, this URL not yet in GSC","","","","SSC CGL Tier 2 Paper I Full Mock Test 1","SSC CGL Tier 2 Paper I Mock Test 1 (2026): Free Online Test"
"https://takemocktest.com/in/ssc-cgl/test/tier-2-paper-1-objective-full-mock-2","full mock test","ssc cgl tier 2 paper i full mock test 2","Class GSC-observed, this URL not yet in GSC","","","","SSC CGL Tier 2 Paper I Full Mock Test 2","SSC CGL Tier 2 Paper I Mock Test 2 (2026): Free Online Test"
"https://takemocktest.com/in/ssc-cgl/test/tier-2-paper-1-objective-full-mock-3","full mock test","ssc cgl tier 2 paper i full mock test 3","Class GSC-observed, this URL not yet in GSC","","","","SSC CGL Tier 2 Paper I Full Mock Test 3","SSC CGL Tier 2 Paper I Mock Test 3 (2026): Free Online Test"
"https://takemocktest.com/in/ssc-cgl/test/tier-2-mathematical-abilities-sectional-1","sectional test","ssc cgl tier 2 mathematical abilities mock test 1","SERP-verified 2026-09-09","","","","SSC CGL Tier 2 Mathematical Abilities Mock Test 1","SSC CGL Tier 2 Mathematical Abilities Mock Test 1"
"https://takemocktest.com/in/ssc-cgl/test/tier-2-mathematical-abilities-sectional-2","sectional test","ssc cgl tier 2 mathematical abilities mock test 2","SERP-verified 2026-09-09","","","","SSC CGL Tier 2 Mathematical Abilities Mock Test 2","SSC CGL Tier 2 Mathematical Abilities Mock Test 2"
"https://takemocktest.com/in/ssc-cgl/test/tier-2-mathematical-abilities-sectional-3","sectional test","ssc cgl tier 2 mathematical abilities mock test 3","SERP-verified 2026-09-09","","","","SSC CGL Tier 2 Mathematical Abilities Mock Test 3","SSC CGL Tier 2 Mathematical Abilities Mock Test 3"
"https://takemocktest.com/in/ssc-cgl/test/tier-2-reasoning-general-intelligence-sectional-1","sectional test","ssc cgl tier 2 reasoning & general intelligence mock test 1","SERP-verified 2026-09-09","","","","SSC CGL Tier 2 Reasoning & General Intelligence Mock Test 1","SSC CGL Tier 2 Reasoning & General Intelligence Mock Test 1"
"https://takemocktest.com/in/ssc-cgl/test/tier-2-reasoning-general-intelligence-sectional-2","sectional test","ssc cgl tier 2 reasoning & general intelligence mock test 2","SERP-verified 2026-09-09","","","","SSC CGL Tier 2 Reasoning & General Intelligence Mock Test 2","SSC CGL Tier 2 Reasoning & General Intelligence Mock Test 2"
"https://takemocktest.com/in/ssc-cgl/test/tier-2-reasoning-general-intelligence-sectional-3","sectional test","ssc cgl tier 2 reasoning & general intelligence mock test 3","SERP-verified 2026-09-09","","","","SSC CGL Tier 2 Reasoning & General Intelligence Mock Test 3","SSC CGL Tier 2 Reasoning & General Intelligence Mock Test 3"
"https://takemocktest.com/in/ssc-cgl/test/tier-2-english-language-comprehension-sectional-1","sectional test","ssc cgl tier 2 english language & comprehension mock test 1","SERP-verified 2026-09-09","","","","SSC CGL Tier 2 English Language & Comprehension Mock Test 1","SSC CGL Tier 2 English Language & Comprehension Mock Test 1"
"https://takemocktest.com/in/ssc-cgl/test/tier-2-english-language-comprehension-sectional-2","sectional test","ssc cgl tier 2 english language & comprehension mock test 2","SERP-verified 2026-09-09","","","","SSC CGL Tier 2 English Language & Comprehension Mock Test 2","SSC CGL Tier 2 English Language & Comprehension Mock Test 2"
"https://takemocktest.com/in/ssc-cgl/test/tier-2-english-language-comprehension-sectional-3","sectional test","ssc cgl tier 2 english language & comprehension mock test 3","SERP-verified 2026-09-09","","","","SSC CGL Tier 2 English Language & Comprehension Mock Test 3","SSC CGL Tier 2 English Language & Comprehension Mock Test 3"
"https://takemocktest.com/in/ssc-cgl/test/tier-2-general-awareness-sectional-1","sectional test","ssc cgl tier 2 general awareness mock test 1","SERP-verified 2026-09-09","","","","SSC CGL Tier 2 General Awareness Mock Test 1","SSC CGL Tier 2 General Awareness Mock Test 1: Free Practice"
"https://takemocktest.com/in/ssc-cgl/test/tier-2-general-awareness-sectional-2","sectional test","ssc cgl tier 2 general awareness mock test 2","SERP-verified 2026-09-09","","","","SSC CGL Tier 2 General Awareness Mock Test 2","SSC CGL Tier 2 General Awareness Mock Test 2: Free Practice"
"https://takemocktest.com/in/ssc-cgl/test/tier-2-general-awareness-sectional-3","sectional test","ssc cgl tier 2 general awareness mock test 3","SERP-verified 2026-09-09","","","","SSC CGL Tier 2 General Awareness Mock Test 3","SSC CGL Tier 2 General Awareness Mock Test 3: Free Practice"
"https://takemocktest.com/in/ssc-cgl/test/tier-2-computer-knowledge-sectional-1","sectional test","ssc cgl tier 2 computer knowledge test 1 mock test","SERP-verified 2026-09-09","","","","SSC CGL Tier 2 Computer Knowledge Test 1 Mock Test","SSC CGL Tier 2 Computer Knowledge Test 1 Mock Test"
"https://takemocktest.com/in/ssc-cgl/test/tier-2-computer-knowledge-sectional-2","sectional test","ssc cgl tier 2 computer knowledge test 2 mock test","SERP-verified 2026-09-09","","","","SSC CGL Tier 2 Computer Knowledge Test 2 Mock Test","SSC CGL Tier 2 Computer Knowledge Test 2 Mock Test"
"https://takemocktest.com/in/ssc-cgl/test/tier-2-computer-knowledge-sectional-3","sectional test","ssc cgl tier 2 computer knowledge test 3 mock test","SERP-verified 2026-09-09","","","","SSC CGL Tier 2 Computer Knowledge Test 3 Mock Test","SSC CGL Tier 2 Computer Knowledge Test 3 Mock Test"
"https://takemocktest.com/in/ibps-po","exam hub","ibps po","Reasoned, not yet SERP-checked","","","","IBPS PO","IBPS PO: Free Mock Tests & Exam Pattern | TakeMockTest"
"https://takemocktest.com/in/ibps-po/mock-test","mock-test","ibps po mock test 2026","Reasoned, not yet SERP-checked","ibps po mock test","5400","Semrush 2026-07 India, supplied by site owner, not verified here","IBPS PO Mock Test 2026","IBPS PO Mock Test 2026, Practice Free Test Series"
"https://takemocktest.com/in/ibps-po/similar-tests","similar-tests","similar tests to ibps po","Reasoned, not yet SERP-checked","","","","Similar Tests to IBPS PO","Similar Tests to IBPS PO, Extra Reasoning Practice"
"https://takemocktest.com/in/ibps-po/exam-pattern","exam-pattern","ibps po exam pattern","Reasoned, not yet SERP-checked","","","","IBPS PO Exam Pattern","IBPS PO Exam Pattern 2026: Marks & Duration | TakeMockTest"
"https://takemocktest.com/in/ibps-po/syllabus","syllabus","ibps po prelims syllabus","SERP-verified 2026-09-09","","","","IBPS PO Prelims Syllabus 2026","IBPS PO Prelims Syllabus 2026: Topics & Section Pattern"
"https://takemocktest.com/in/ibps-po/eligibility","eligibility","ibps po eligibility","Reasoned, not yet SERP-checked","","","","IBPS PO Eligibility 2026","IBPS PO Eligibility 2026: Age Limit & Qualification"
"https://takemocktest.com/in/ibps-po/selection-process","selection-process","ibps po selection process","Reasoned, not yet SERP-checked","","","","IBPS PO Selection Process 2026","IBPS PO Selection Process 2026: Prelims to Allotment"
"https://takemocktest.com/in/ibps-po/test/prelims-full-mock-1","full mock test","ibps po prelims full mock test 1","Class GSC-observed, this URL not yet in GSC","","","","IBPS PO Prelims Full Mock Test 1","IBPS PO Prelims Full Mock Test 1 (2026): Free Online Test"
"https://takemocktest.com/in/ibps-po/test/prelims-english-language-sectional-1","sectional test","ibps po prelims english language mock test 1","SERP-verified 2026-09-09","","","","IBPS PO Prelims English Language Mock Test 1","IBPS PO Prelims English Language Mock Test 1: Free Practice"
"https://takemocktest.com/in/ibps-po/test/prelims-quantitative-aptitude-sectional-1","sectional test","ibps po prelims quantitative aptitude mock test 1","SERP-verified 2026-09-09","","","","IBPS PO Prelims Quantitative Aptitude Mock Test 1","IBPS PO Prelims Quantitative Aptitude Mock Test 1"
"https://takemocktest.com/in/ibps-po/test/prelims-reasoning-ability-sectional-1","sectional test","ibps po prelims reasoning ability mock test 1","SERP-verified 2026-09-09","","","","IBPS PO Prelims Reasoning Ability Mock Test 1","IBPS PO Prelims Reasoning Ability Mock Test 1: Free Practice"
"https://takemocktest.com/in/ibps-po/test/prelims-full-mock-2","full mock test","ibps po prelims full mock test 2","Class GSC-observed, this URL not yet in GSC","","","","IBPS PO Prelims Full Mock Test 2","IBPS PO Prelims Full Mock Test 2 (2026): Free Online Test"
"https://takemocktest.com/in/ibps-po/test/prelims-english-language-sectional-2","sectional test","ibps po prelims english language mock test 2","SERP-verified 2026-09-09","","","","IBPS PO Prelims English Language Mock Test 2","IBPS PO Prelims English Language Mock Test 2: Free Practice"
"https://takemocktest.com/in/ibps-po/test/prelims-quantitative-aptitude-sectional-2","sectional test","ibps po prelims quantitative aptitude mock test 2","SERP-verified 2026-09-09","","","","IBPS PO Prelims Quantitative Aptitude Mock Test 2","IBPS PO Prelims Quantitative Aptitude Mock Test 2"
"https://takemocktest.com/in/ibps-po/test/prelims-reasoning-ability-sectional-2","sectional test","ibps po prelims reasoning ability mock test 2","SERP-verified 2026-09-09","","","","IBPS PO Prelims Reasoning Ability Mock Test 2","IBPS PO Prelims Reasoning Ability Mock Test 2: Free Practice"
"https://takemocktest.com/in/ibps-po/test/mains-full-mock-1","full mock test","ibps po mains full mock test 1","Class GSC-observed, this URL not yet in GSC","","","","IBPS PO Mains Full Mock Test 1","IBPS PO Mains Full Mock Test 1 (2026): Free Online Test"
"https://takemocktest.com/in/ibps-po/test/mains-reasoning-sectional-1","sectional test","ibps po mains reasoning mock test 1","SERP-verified 2026-09-09","","","","IBPS PO Mains Reasoning Mock Test 1","IBPS PO Mains Reasoning Mock Test 1: Free Practice"
"https://takemocktest.com/in/ibps-po/test/mains-general-awareness-sectional-1","sectional test","ibps po mains general, economy, banking, digital and financial awareness mock test 1","SERP-verified 2026-09-09","","","","IBPS PO Mains General, Economy, Banking, Digital and Financial Awareness Mock Test 1","IBPS PO Mains General, Economy, Banking, Digital and Financial Awareness Mock Test 1"
"https://takemocktest.com/in/ibps-po/test/mains-english-language-sectional-1","sectional test","ibps po mains english language mock test 1","SERP-verified 2026-09-09","","","","IBPS PO Mains English Language Mock Test 1","IBPS PO Mains English Language Mock Test 1: Free Practice"
"https://takemocktest.com/in/ibps-po/test/mains-data-analysis-interpretation-sectional-1","sectional test","ibps po mains data analysis and interpretation mock test 1","SERP-verified 2026-09-09","","","","IBPS PO Mains Data Analysis and Interpretation Mock Test 1","IBPS PO Mains Data Analysis and Interpretation Mock Test 1"
"https://takemocktest.com/in/ibps-po/test/mains-full-mock-2","full mock test","ibps po mains full mock test 2","Class GSC-observed, this URL not yet in GSC","","","","IBPS PO Mains Full Mock Test 2","IBPS PO Mains Full Mock Test 2 (2026): Free Online Test"
"https://takemocktest.com/in/ibps-po/test/mains-reasoning-sectional-2","sectional test","ibps po mains reasoning mock test 2","SERP-verified 2026-09-09","","","","IBPS PO Mains Reasoning Mock Test 2","IBPS PO Mains Reasoning Mock Test 2: Free Practice"
"https://takemocktest.com/in/ibps-po/test/mains-general-awareness-sectional-2","sectional test","ibps po mains general, economy, banking, digital and financial awareness mock test 2","SERP-verified 2026-09-09","","","","IBPS PO Mains General, Economy, Banking, Digital and Financial Awareness Mock Test 2","IBPS PO Mains General, Economy, Banking, Digital and Financial Awareness Mock Test 2"
"https://takemocktest.com/in/ibps-po/test/mains-english-language-sectional-2","sectional test","ibps po mains english language mock test 2","SERP-verified 2026-09-09","","","","IBPS PO Mains English Language Mock Test 2","IBPS PO Mains English Language Mock Test 2: Free Practice"
"https://takemocktest.com/in/ibps-po/test/mains-data-analysis-interpretation-sectional-2","sectional test","ibps po mains data analysis and interpretation mock test 2","SERP-verified 2026-09-09","","","","IBPS PO Mains Data Analysis and Interpretation Mock Test 2","IBPS PO Mains Data Analysis and Interpretation Mock Test 2"
"https://takemocktest.com/in/rrb-ntpc","exam hub","rrb ntpc","Reasoned, not yet SERP-checked","","","","RRB NTPC","RRB NTPC: Free Mock Tests & Exam Pattern | TakeMockTest"
"https://takemocktest.com/in/rrb-ntpc/mock-test","mock-test","rrb ntpc mock test 2026","Reasoned, not yet SERP-checked","","","","RRB NTPC Mock Test 2026","RRB NTPC Mock Test 2026, Practice Free Test Series"
"https://takemocktest.com/in/rrb-ntpc/similar-tests","similar-tests","similar tests to rrb ntpc","Reasoned, not yet SERP-checked","","","","Similar Tests to RRB NTPC","Similar Tests to RRB NTPC, Extra Reasoning Practice"
"https://takemocktest.com/in/rrb-ntpc/exam-pattern","exam-pattern","rrb ntpc exam pattern","Reasoned, not yet SERP-checked","","","","RRB NTPC Exam Pattern","RRB NTPC Exam Pattern 2026: Marks & Duration | TakeMockTest"
"https://takemocktest.com/in/rrb-ntpc/syllabus","syllabus","rrb ntpc syllabus","SERP-verified 2026-09-09","","","","RRB NTPC Syllabus 2026","RRB NTPC Syllabus 2026: CBT 1 & CBT 2 Topics | TakeMockTest"
"https://takemocktest.com/in/rrb-ntpc/test/cbt-1-full-mock-1","full mock test","rrb ntpc cbt 1 full mock test 1","Class GSC-observed, this URL not yet in GSC","","","","RRB NTPC CBT 1 Full Mock Test 1","RRB NTPC CBT 1 Full Mock Test 1 (2026): Free Online Test"
"https://takemocktest.com/in/rrb-ntpc/test/cbt-1-mathematics-sectional-1","sectional test","rrb ntpc cbt 1 mathematics mock test 1","SERP-verified 2026-09-09","","","","RRB NTPC CBT 1 Mathematics Mock Test 1","RRB NTPC CBT 1 Mathematics Mock Test 1: Free Practice"
"https://takemocktest.com/in/rrb-ntpc/test/cbt-1-general-intelligence-reasoning-sectional-1","sectional test","rrb ntpc cbt 1 general intelligence and reasoning mock test 1","SERP-verified 2026-09-09","","","","RRB NTPC CBT 1 General Intelligence and Reasoning Mock Test 1","RRB NTPC CBT 1 General Intelligence and Reasoning Mock Test 1"
"https://takemocktest.com/in/rrb-ntpc/test/cbt-1-general-awareness-sectional-1","sectional test","rrb ntpc cbt 1 general awareness mock test 1","SERP-verified 2026-09-09","","","","RRB NTPC CBT 1 General Awareness Mock Test 1","RRB NTPC CBT 1 General Awareness Mock Test 1: Free Practice"
"https://takemocktest.com/in/rrb-ntpc/test/cbt-1-full-mock-2","full mock test","rrb ntpc cbt 1 full mock test 2","Class GSC-observed, this URL not yet in GSC","","","","RRB NTPC CBT 1 Full Mock Test 2","RRB NTPC CBT 1 Full Mock Test 2 (2026): Free Online Test"
"https://takemocktest.com/in/rrb-ntpc/test/cbt-1-mathematics-sectional-2","sectional test","rrb ntpc cbt 1 mathematics mock test 2","SERP-verified 2026-09-09","","","","RRB NTPC CBT 1 Mathematics Mock Test 2","RRB NTPC CBT 1 Mathematics Mock Test 2: Free Practice"
"https://takemocktest.com/in/rrb-ntpc/test/cbt-1-general-intelligence-reasoning-sectional-2","sectional test","rrb ntpc cbt 1 general intelligence and reasoning mock test 2","SERP-verified 2026-09-09","","","","RRB NTPC CBT 1 General Intelligence and Reasoning Mock Test 2","RRB NTPC CBT 1 General Intelligence and Reasoning Mock Test 2"
"https://takemocktest.com/in/rrb-ntpc/test/cbt-1-general-awareness-sectional-2","sectional test","rrb ntpc cbt 1 general awareness mock test 2","SERP-verified 2026-09-09","","","","RRB NTPC CBT 1 General Awareness Mock Test 2","RRB NTPC CBT 1 General Awareness Mock Test 2: Free Practice"
"https://takemocktest.com/in/rrb-ntpc/test/cbt-2-full-mock-1","full mock test","rrb ntpc cbt 2 full mock test 1","Class GSC-observed, this URL not yet in GSC","","","","RRB NTPC CBT 2 Full Mock Test 1","RRB NTPC CBT 2 Full Mock Test 1 (2026): Free Online Test"
"https://takemocktest.com/in/rrb-ntpc/test/cbt-2-mathematics-sectional-1","sectional test","rrb ntpc cbt 2 mathematics mock test 1","SERP-verified 2026-09-09","","","","RRB NTPC CBT 2 Mathematics Mock Test 1","RRB NTPC CBT 2 Mathematics Mock Test 1: Free Practice"
"https://takemocktest.com/in/rrb-ntpc/test/cbt-2-general-intelligence-reasoning-sectional-1","sectional test","rrb ntpc cbt 2 general intelligence and reasoning mock test 1","SERP-verified 2026-09-09","","","","RRB NTPC CBT 2 General Intelligence and Reasoning Mock Test 1","RRB NTPC CBT 2 General Intelligence and Reasoning Mock Test 1"
"https://takemocktest.com/in/rrb-ntpc/test/cbt-2-general-awareness-sectional-1","sectional test","rrb ntpc cbt 2 general awareness mock test 1","SERP-verified 2026-09-09","","","","RRB NTPC CBT 2 General Awareness Mock Test 1","RRB NTPC CBT 2 General Awareness Mock Test 1: Free Practice"
"https://takemocktest.com/in/rrb-ntpc/test/cbt-2-full-mock-2","full mock test","rrb ntpc cbt 2 full mock test 2","Class GSC-observed, this URL not yet in GSC","","","","RRB NTPC CBT 2 Full Mock Test 2","RRB NTPC CBT 2 Full Mock Test 2 (2026): Free Online Test"
"https://takemocktest.com/in/rrb-ntpc/test/cbt-2-mathematics-sectional-2","sectional test","rrb ntpc cbt 2 mathematics mock test 2","SERP-verified 2026-09-09","","","","RRB NTPC CBT 2 Mathematics Mock Test 2","RRB NTPC CBT 2 Mathematics Mock Test 2: Free Practice"
"https://takemocktest.com/in/rrb-ntpc/test/cbt-2-general-intelligence-reasoning-sectional-2","sectional test","rrb ntpc cbt 2 general intelligence and reasoning mock test 2","SERP-verified 2026-09-09","","","","RRB NTPC CBT 2 General Intelligence and Reasoning Mock Test 2","RRB NTPC CBT 2 General Intelligence and Reasoning Mock Test 2"
"https://takemocktest.com/in/ssc-chsl","exam hub","ssc chsl","Reasoned, not yet SERP-checked","","","","SSC CHSL","SSC CHSL: Free Mock Tests & Exam Pattern | TakeMockTest"
"https://takemocktest.com/in/ssc-chsl/mock-test","mock-test","ssc chsl mock test 2026","Reasoned, not yet SERP-checked","ssc chsl mock test","12100","Semrush 2026-02 India, supplied by site owner, not verified here","SSC CHSL Mock Test 2026","SSC CHSL Mock Test 2026, Practice Free Test Series"
"https://takemocktest.com/in/ssc-chsl/similar-tests","similar-tests","similar tests to ssc chsl","Reasoned, not yet SERP-checked","","","","Similar Tests to SSC CHSL","Similar Tests to SSC CHSL, Extra Reasoning Practice"
"https://takemocktest.com/in/ssc-chsl/exam-pattern","exam-pattern","ssc chsl exam pattern","Reasoned, not yet SERP-checked","","","","SSC CHSL Exam Pattern","SSC CHSL Exam Pattern 2026: Marks & Duration | TakeMockTest"
"https://takemocktest.com/in/ssc-chsl/syllabus","syllabus","ssc chsl tier 1 syllabus","SERP-verified 2026-09-09","","","","SSC CHSL Tier 1 Syllabus 2025","SSC CHSL Tier 1 Syllabus 2025: Section-wise Topics"
"https://takemocktest.com/in/ssc-chsl/eligibility","eligibility","ssc chsl eligibility","Reasoned, not yet SERP-checked","","","","SSC CHSL Eligibility 2025","SSC CHSL Eligibility 2025: Age Limit & Qualification"
"https://takemocktest.com/in/ssc-chsl/selection-process","selection-process","ssc chsl selection process","Reasoned, not yet SERP-checked","","","","SSC CHSL Selection Process 2025","SSC CHSL Selection Process 2025: Tier 1 to Final Selection"
"https://takemocktest.com/in/ssc-chsl/test/tier-1-full-mock-1","full mock test","ssc chsl tier 1 full mock test 1","Class GSC-observed, this URL not yet in GSC","","","","SSC CHSL Tier 1 Full Mock Test 1","SSC CHSL Tier 1 Full Mock Test 1 (2025): Free Online Test"
"https://takemocktest.com/in/ssc-chsl/test/tier-1-general-intelligence-sectional-1","sectional test","ssc chsl tier 1 general intelligence mock test 1","SERP-verified 2026-09-09","","","","SSC CHSL Tier 1 General Intelligence Mock Test 1","SSC CHSL Tier 1 General Intelligence Mock Test 1"
"https://takemocktest.com/in/ssc-chsl/test/tier-1-general-awareness-sectional-1","sectional test","ssc chsl tier 1 general awareness mock test 1","SERP-verified 2026-09-09","","","","SSC CHSL Tier 1 General Awareness Mock Test 1","SSC CHSL Tier 1 General Awareness Mock Test 1: Free Practice"
"https://takemocktest.com/in/ssc-chsl/test/tier-1-quantitative-aptitude-sectional-1","sectional test","ssc chsl tier 1 quantitative aptitude mock test 1","SERP-verified 2026-09-09","","","","SSC CHSL Tier 1 Quantitative Aptitude Mock Test 1","SSC CHSL Tier 1 Quantitative Aptitude Mock Test 1"
"https://takemocktest.com/in/ssc-chsl/test/tier-1-english-language-sectional-1","sectional test","ssc chsl tier 1 english language mock test 1","SERP-verified 2026-09-09","","","","SSC CHSL Tier 1 English Language Mock Test 1","SSC CHSL Tier 1 English Language Mock Test 1: Free Practice"
"https://takemocktest.com/in/ssc-chsl/test/tier-1-full-mock-2","full mock test","ssc chsl tier 1 full mock test 2","Class GSC-observed, this URL not yet in GSC","","","","SSC CHSL Tier 1 Full Mock Test 2","SSC CHSL Tier 1 Full Mock Test 2 (2025): Free Online Test"
"https://takemocktest.com/in/ssc-chsl/test/tier-1-general-intelligence-sectional-2","sectional test","ssc chsl tier 1 general intelligence mock test 2","SERP-verified 2026-09-09","","","","SSC CHSL Tier 1 General Intelligence Mock Test 2","SSC CHSL Tier 1 General Intelligence Mock Test 2"
"https://takemocktest.com/in/ssc-chsl/test/tier-1-general-awareness-sectional-2","sectional test","ssc chsl tier 1 general awareness mock test 2","SERP-verified 2026-09-09","","","","SSC CHSL Tier 1 General Awareness Mock Test 2","SSC CHSL Tier 1 General Awareness Mock Test 2: Free Practice"
"https://takemocktest.com/in/ssc-chsl/test/tier-1-quantitative-aptitude-sectional-2","sectional test","ssc chsl tier 1 quantitative aptitude mock test 2","SERP-verified 2026-09-09","","","","SSC CHSL Tier 1 Quantitative Aptitude Mock Test 2","SSC CHSL Tier 1 Quantitative Aptitude Mock Test 2"
"https://takemocktest.com/in/ssc-chsl/test/tier-1-english-language-sectional-2","sectional test","ssc chsl tier 1 english language mock test 2","SERP-verified 2026-09-09","","","","SSC CHSL Tier 1 English Language Mock Test 2","SSC CHSL Tier 1 English Language Mock Test 2: Free Practice"
"https://takemocktest.com/in/ssc-chsl/test/tier-1-general-intelligence-sectional-3","sectional test","ssc chsl tier 1 general intelligence mock test 3","SERP-verified 2026-09-09","","","","SSC CHSL Tier 1 General Intelligence Mock Test 3","SSC CHSL Tier 1 General Intelligence Mock Test 3"
"https://takemocktest.com/in/ssc-chsl/test/tier-2-full-mock-1","full mock test","ssc chsl tier 2 full mock test 1","Class GSC-observed, this URL not yet in GSC","","","","SSC CHSL Tier 2 Full Mock Test 1","SSC CHSL Tier 2 Full Mock Test 1 (2026): Free Online Test"
"https://takemocktest.com/in/ssc-chsl/test/tier-2-mathematical-abilities-sectional-1","sectional test","ssc chsl tier 2 mathematical abilities mock test 1","SERP-verified 2026-09-09","","","","SSC CHSL Tier 2 Mathematical Abilities Mock Test 1","SSC CHSL Tier 2 Mathematical Abilities Mock Test 1"
"https://takemocktest.com/in/ssc-chsl/test/tier-2-reasoning-general-intelligence-sectional-1","sectional test","ssc chsl tier 2 reasoning and general intelligence mock test 1","SERP-verified 2026-09-09","","","","SSC CHSL Tier 2 Reasoning and General Intelligence Mock Test 1","SSC CHSL Tier 2 Reasoning and General Intelligence Mock Test 1"
"https://takemocktest.com/in/ssc-chsl/test/tier-2-english-language-comprehension-sectional-1","sectional test","ssc chsl tier 2 english language and comprehension mock test 1","SERP-verified 2026-09-09","","","","SSC CHSL Tier 2 English Language and Comprehension Mock Test 1","SSC CHSL Tier 2 English Language and Comprehension Mock Test 1"
"https://takemocktest.com/in/ssc-chsl/test/tier-2-computer-knowledge-sectional-1","sectional test","ssc chsl tier 2 computer knowledge mock test 1","SERP-verified 2026-09-09","","","","SSC CHSL Tier 2 Computer Knowledge Mock Test 1","SSC CHSL Tier 2 Computer Knowledge Mock Test 1"
"https://takemocktest.com/in/ibps-clerk","exam hub","ibps clerk","Reasoned, not yet SERP-checked","","","","IBPS Clerk","IBPS Clerk: Free Mock Tests & Exam Pattern | TakeMockTest"
"https://takemocktest.com/in/ibps-clerk/mock-test","mock-test","ibps clerk mock test 2026","Reasoned, not yet SERP-checked","ibps clerk mock test","5400","Semrush 2026-07 India, supplied by site owner, not verified here","IBPS Clerk Mock Test 2026","IBPS Clerk Mock Test 2026, Practice Free Test Series"
"https://takemocktest.com/in/ibps-clerk/similar-tests","similar-tests","similar tests to ibps clerk","Reasoned, not yet SERP-checked","","","","Similar Tests to IBPS Clerk","Similar Tests to IBPS Clerk, Extra Reasoning Practice"
"https://takemocktest.com/in/ibps-clerk/exam-pattern","exam-pattern","ibps clerk exam pattern","Reasoned, not yet SERP-checked","","","","IBPS Clerk Exam Pattern","IBPS Clerk Exam Pattern 2026: Marks & Duration"
"https://takemocktest.com/in/ibps-clerk/syllabus","syllabus","ibps clerk prelims syllabus","SERP-verified 2026-09-09","","","","IBPS Clerk Prelims Syllabus 2026","IBPS Clerk Prelims Syllabus 2026: Sections & Topic Map"
"https://takemocktest.com/in/ibps-clerk/eligibility","eligibility","ibps clerk eligibility","Reasoned, not yet SERP-checked","","","","IBPS Clerk Eligibility 2026","IBPS Clerk Eligibility 2026: Age Limit & Qualification"
"https://takemocktest.com/in/ibps-clerk/selection-process","selection-process","ibps clerk selection process","Reasoned, not yet SERP-checked","","","","IBPS Clerk Selection Process 2026","IBPS Clerk Selection Process 2026: Prelims to Allotment"
"https://takemocktest.com/in/ibps-clerk/test/prelims-full-mock-1","full mock test","ibps clerk prelims full mock test 1","Class GSC-observed, this URL not yet in GSC","","","","IBPS Clerk Prelims Full Mock Test 1","IBPS Clerk Prelims Full Mock Test 1 (CRP CSA-XVI, 2026)"
"https://takemocktest.com/in/ibps-clerk/test/prelims-english-language-sectional-1","sectional test","ibps clerk prelims english language mock test 1","SERP-verified 2026-09-09","","","","IBPS Clerk Prelims English Language Mock Test 1","IBPS Clerk Prelims English Language Mock Test 1"
"https://takemocktest.com/in/ibps-clerk/test/prelims-numerical-ability-sectional-1","sectional test","ibps clerk prelims numerical ability mock test 1","SERP-verified 2026-09-09","","","","IBPS Clerk Prelims Numerical Ability Mock Test 1","IBPS Clerk Prelims Numerical Ability Mock Test 1"
"https://takemocktest.com/in/ibps-clerk/test/prelims-reasoning-ability-sectional-1","sectional test","ibps clerk prelims reasoning ability mock test 1","SERP-verified 2026-09-09","","","","IBPS Clerk Prelims Reasoning Ability Mock Test 1","IBPS Clerk Prelims Reasoning Ability Mock Test 1"
"https://takemocktest.com/in/ibps-clerk/test/prelims-full-mock-2","full mock test","ibps clerk prelims full mock test 2","Class GSC-observed, this URL not yet in GSC","","","","IBPS Clerk Prelims Full Mock Test 2","IBPS Clerk Prelims Full Mock Test 2 (CRP CSA-XVI, 2026)"
"https://takemocktest.com/in/ibps-clerk/test/prelims-english-language-sectional-2","sectional test","ibps clerk prelims english language mock test 2","SERP-verified 2026-09-09","","","","IBPS Clerk Prelims English Language Mock Test 2","IBPS Clerk Prelims English Language Mock Test 2"
"https://takemocktest.com/in/ibps-clerk/test/prelims-numerical-ability-sectional-2","sectional test","ibps clerk prelims numerical ability mock test 2","SERP-verified 2026-09-09","","","","IBPS Clerk Prelims Numerical Ability Mock Test 2","IBPS Clerk Prelims Numerical Ability Mock Test 2"
"https://takemocktest.com/in/ibps-clerk/test/prelims-reasoning-ability-sectional-2","sectional test","ibps clerk prelims reasoning ability mock test 2","SERP-verified 2026-09-09","","","","IBPS Clerk Prelims Reasoning Ability Mock Test 2","IBPS Clerk Prelims Reasoning Ability Mock Test 2"
"https://takemocktest.com/in/ibps-clerk/test/mains-full-mock-1","full mock test","ibps clerk mains full mock test 1","Class GSC-observed, this URL not yet in GSC","","","","IBPS Clerk Mains Full Mock Test 1","IBPS Clerk Mains Full Mock Test 1 (CRP CSA-XVI, 2026)"
"https://takemocktest.com/in/ibps-clerk/test/mains-reasoning-computer-aptitude-sectional-1","sectional test","ibps clerk mains reasoning ability & computer aptitude mock test 1","SERP-verified 2026-09-09","","","","IBPS Clerk Mains Reasoning Ability & Computer Aptitude Mock Test 1","IBPS Clerk Mains Reasoning Ability & Computer Aptitude Mock Test 1"
"https://takemocktest.com/in/ibps-clerk/test/mains-quantitative-aptitude-sectional-1","sectional test","ibps clerk mains quantitative aptitude mock test 1","SERP-verified 2026-09-09","","","","IBPS Clerk Mains Quantitative Aptitude Mock Test 1","IBPS Clerk Mains Quantitative Aptitude Mock Test 1"
"https://takemocktest.com/in/ibps-clerk/test/mains-english-language-sectional-1","sectional test","ibps clerk mains english language mock test 1","SERP-verified 2026-09-09","","","","IBPS Clerk Mains English Language Mock Test 1","IBPS Clerk Mains English Language Mock Test 1: Free Practice"
"https://takemocktest.com/in/ibps-clerk/test/mains-full-mock-2","full mock test","ibps clerk mains full mock test 2","Class GSC-observed, this URL not yet in GSC","","","","IBPS Clerk Mains Full Mock Test 2","IBPS Clerk Mains Full Mock Test 2 (CRP CSA-XVI, 2026)"
"https://takemocktest.com/in/ibps-clerk/test/mains-reasoning-computer-aptitude-sectional-2","sectional test","ibps clerk mains reasoning ability & computer aptitude mock test 2","SERP-verified 2026-09-09","","","","IBPS Clerk Mains Reasoning Ability & Computer Aptitude Mock Test 2","IBPS Clerk Mains Reasoning Ability & Computer Aptitude Mock Test 2"
"https://takemocktest.com/in/ibps-clerk/test/mains-quantitative-aptitude-sectional-2","sectional test","ibps clerk mains quantitative aptitude mock test 2","SERP-verified 2026-09-09","","","","IBPS Clerk Mains Quantitative Aptitude Mock Test 2","IBPS Clerk Mains Quantitative Aptitude Mock Test 2"
"https://takemocktest.com/in/ibps-clerk/test/mains-english-language-sectional-2","sectional test","ibps clerk mains english language mock test 2","SERP-verified 2026-09-09","","","","IBPS Clerk Mains English Language Mock Test 2","IBPS Clerk Mains English Language Mock Test 2: Free Practice"
"https://takemocktest.com/in/rrb-group-d","exam hub","rrb group d","Reasoned, not yet SERP-checked","","","","RRB Group D","RRB Group D: Free Mock Tests & Exam Pattern | TakeMockTest"
"https://takemocktest.com/in/rrb-group-d/mock-test","mock-test","rrb group d mock test 2026","Reasoned, not yet SERP-checked","","","","RRB Group D Mock Test 2026","RRB Group D Mock Test 2026, Practice Free Test Series"
"https://takemocktest.com/in/rrb-group-d/similar-tests","similar-tests","similar tests to rrb group d","Reasoned, not yet SERP-checked","","","","Similar Tests to RRB Group D","Similar Tests to RRB Group D, Extra Reasoning Practice"
"https://takemocktest.com/in/rrb-group-d/exam-pattern","exam-pattern","rrb group d exam pattern","Reasoned, not yet SERP-checked","","","","RRB Group D Exam Pattern","RRB Group D Exam Pattern 2026: Marks & Duration"
"https://takemocktest.com/in/rrb-group-d/syllabus","syllabus","rrb group d cbt syllabus","SERP-verified 2026-09-09","","","","RRB Group D CBT Syllabus 2026","RRB Group D Syllabus 2026: CBT Sections & Topics"
"https://takemocktest.com/in/rrb-group-d/eligibility","eligibility","rrb group d eligibility","Reasoned, not yet SERP-checked","","","","RRB Group D Eligibility 2026","RRB Group D Eligibility 2026: Age & Qualification"
"https://takemocktest.com/in/rrb-group-d/selection-process","selection-process","rrb group d selection process","Reasoned, not yet SERP-checked","","","","RRB Group D Selection Process 2026","RRB Group D Selection Process 2026: CBT, PET, DV & Medical"
"https://takemocktest.com/in/rrb-group-d/test/cbt-full-mock-1","full mock test","rrb group d cbt full mock test 1","Class GSC-observed, this URL not yet in GSC","","","","RRB Group D CBT Full Mock Test 1","RRB Group D CBT Full Mock Test 1 (CEN 09/2025)"
"https://takemocktest.com/in/rrb-group-d/test/cbt-general-science-sectional-1","sectional test","rrb group d general science mock test 1","SERP-verified 2026-09-09","","","","RRB Group D General Science Mock Test 1","RRB Group D General Science Mock Test 1: Free Practice"
"https://takemocktest.com/in/rrb-group-d/test/cbt-mathematics-sectional-1","sectional test","rrb group d mathematics mock test 1","SERP-verified 2026-09-09","","","","RRB Group D Mathematics Mock Test 1","RRB Group D Mathematics Mock Test 1: Free Practice"
"https://takemocktest.com/in/rrb-group-d/test/cbt-general-intelligence-reasoning-sectional-1","sectional test","rrb group d general intelligence and reasoning mock test 1","SERP-verified 2026-09-09","","","","RRB Group D General Intelligence and Reasoning Mock Test 1","RRB Group D General Intelligence and Reasoning Mock Test 1"
"https://takemocktest.com/in/rrb-group-d/test/cbt-general-awareness-current-affairs-sectional-1","sectional test","rrb group d general awareness and current affairs mock test 1","SERP-verified 2026-09-09","","","","RRB Group D General Awareness and Current Affairs Mock Test 1","RRB Group D General Awareness and Current Affairs Mock Test 1"
"https://takemocktest.com/in/rrb-group-d/test/cbt-full-mock-2","full mock test","rrb group d cbt full mock test 2","Class GSC-observed, this URL not yet in GSC","","","","RRB Group D CBT Full Mock Test 2","RRB Group D CBT Full Mock Test 2 (CEN 09/2025)"
"https://takemocktest.com/in/rrb-group-d/test/cbt-general-science-sectional-2","sectional test","rrb group d general science mock test 2","SERP-verified 2026-09-09","","","","RRB Group D General Science Mock Test 2","RRB Group D General Science Mock Test 2: Free Practice"
"https://takemocktest.com/in/rrb-group-d/test/cbt-mathematics-sectional-2","sectional test","rrb group d mathematics mock test 2","SERP-verified 2026-09-09","","","","RRB Group D Mathematics Mock Test 2","RRB Group D Mathematics Mock Test 2: Free Practice"
"https://takemocktest.com/in/rrb-group-d/test/cbt-general-intelligence-reasoning-sectional-2","sectional test","rrb group d general intelligence and reasoning mock test 2","SERP-verified 2026-09-09","","","","RRB Group D General Intelligence and Reasoning Mock Test 2","RRB Group D General Intelligence and Reasoning Mock Test 2"
"https://takemocktest.com/in/rrb-group-d/test/cbt-general-awareness-current-affairs-sectional-2","sectional test","rrb group d general awareness and current affairs mock test 2","SERP-verified 2026-09-09","","","","RRB Group D General Awareness and Current Affairs Mock Test 2","RRB Group D General Awareness and Current Affairs Mock Test 2"
"https://takemocktest.com/in/sbi-po","exam hub","sbi po","Reasoned, not yet SERP-checked","","","","SBI PO","SBI PO: Free Mock Tests & Exam Pattern | TakeMockTest"
"https://takemocktest.com/in/sbi-po/mock-test","mock-test","sbi po mock test 2026","Reasoned, not yet SERP-checked","","","","SBI PO Mock Test 2026","SBI PO Mock Test 2026, Practice Free Test Series"
"https://takemocktest.com/in/sbi-po/similar-tests","similar-tests","similar tests to sbi po","Reasoned, not yet SERP-checked","","","","Similar Tests to SBI PO","Similar Tests to SBI PO, Extra Reasoning Practice"
"https://takemocktest.com/in/sbi-po/exam-pattern","exam-pattern","sbi po exam pattern","Reasoned, not yet SERP-checked","","","","SBI PO Exam Pattern","SBI PO Exam Pattern 2026: Marks & Duration | TakeMockTest"
"https://takemocktest.com/in/sbi-po/syllabus","syllabus","sbi po prelims syllabus","SERP-verified 2026-09-09","","","","SBI PO Prelims Syllabus 2026","SBI PO Prelims Syllabus 2026: Sections & Topic Map"
"https://takemocktest.com/in/sbi-po/eligibility","eligibility","sbi po eligibility","Reasoned, not yet SERP-checked","","","","SBI PO Eligibility 2026","SBI PO Eligibility 2026: Age, Attempts & Qualification"
"https://takemocktest.com/in/sbi-po/selection-process","selection-process","sbi po selection process","Reasoned, not yet SERP-checked","","","","SBI PO Selection Process 2026","SBI PO Selection Process 2026: Prelims, Mains & Interview"
"https://takemocktest.com/in/sbi-po/test/prelims-full-mock-1","full mock test","sbi po prelims full mock test 1","Class GSC-observed, this URL not yet in GSC","","","","SBI PO Prelims Full Mock Test 1","SBI PO Prelims Full Mock Test 1 (CRPD/PO/2026-27/09)"
"https://takemocktest.com/in/sbi-po/test/prelims-english-language-sectional-1","sectional test","sbi po prelims english language mock test 1","SERP-verified 2026-09-09","","","","SBI PO Prelims English Language Mock Test 1","SBI PO Prelims English Language Mock Test 1: Free Practice"
"https://takemocktest.com/in/sbi-po/test/prelims-quantitative-aptitude-sectional-1","sectional test","sbi po prelims quantitative aptitude mock test 1","SERP-verified 2026-09-09","","","","SBI PO Prelims Quantitative Aptitude Mock Test 1","SBI PO Prelims Quantitative Aptitude Mock Test 1"
"https://takemocktest.com/in/sbi-po/test/prelims-reasoning-ability-sectional-1","sectional test","sbi po prelims reasoning ability mock test 1","SERP-verified 2026-09-09","","","","SBI PO Prelims Reasoning Ability Mock Test 1","SBI PO Prelims Reasoning Ability Mock Test 1: Free Practice"
"https://takemocktest.com/in/sbi-po/test/prelims-full-mock-2","full mock test","sbi po prelims full mock test 2","Class GSC-observed, this URL not yet in GSC","","","","SBI PO Prelims Full Mock Test 2","SBI PO Prelims Full Mock Test 2 (CRPD/PO/2026-27/09)"
"https://takemocktest.com/in/sbi-po/test/prelims-english-language-sectional-2","sectional test","sbi po prelims english language mock test 2","SERP-verified 2026-09-09","","","","SBI PO Prelims English Language Mock Test 2","SBI PO Prelims English Language Mock Test 2: Free Practice"
"https://takemocktest.com/in/sbi-po/test/prelims-quantitative-aptitude-sectional-2","sectional test","sbi po prelims quantitative aptitude mock test 2","SERP-verified 2026-09-09","","","","SBI PO Prelims Quantitative Aptitude Mock Test 2","SBI PO Prelims Quantitative Aptitude Mock Test 2"
"https://takemocktest.com/in/sbi-po/test/prelims-reasoning-ability-sectional-2","sectional test","sbi po prelims reasoning ability mock test 2","SERP-verified 2026-09-09","","","","SBI PO Prelims Reasoning Ability Mock Test 2","SBI PO Prelims Reasoning Ability Mock Test 2: Free Practice"
"https://takemocktest.com/in/sbi-po/test/prelims-full-mock-3","full mock test","sbi po prelims full mock test 3","Class GSC-observed, this URL not yet in GSC","","","","SBI PO Prelims Full Mock Test 3","SBI PO Prelims Full Mock Test 3 (CRPD/PO/2026-27/09)"
"https://takemocktest.com/in/sbi-po/test/prelims-english-language-sectional-3","sectional test","sbi po prelims english language mock test 3","SERP-verified 2026-09-09","","","","SBI PO Prelims English Language Mock Test 3","SBI PO Prelims English Language Mock Test 3: Free Practice"
"https://takemocktest.com/in/sbi-po/test/prelims-quantitative-aptitude-sectional-3","sectional test","sbi po prelims quantitative aptitude mock test 3","SERP-verified 2026-09-09","","","","SBI PO Prelims Quantitative Aptitude Mock Test 3","SBI PO Prelims Quantitative Aptitude Mock Test 3"
"https://takemocktest.com/in/sbi-po/test/prelims-reasoning-ability-sectional-3","sectional test","sbi po prelims reasoning ability mock test 3","SERP-verified 2026-09-09","","","","SBI PO Prelims Reasoning Ability Mock Test 3","SBI PO Prelims Reasoning Ability Mock Test 3: Free Practice"
"https://takemocktest.com/in/sbi-po/test/mains-full-mock-1","full mock test","sbi po mains full mock test 1","Class GSC-observed, this URL not yet in GSC","","","","SBI PO Mains Full Mock Test 1","SBI PO Mains Full Mock Test 1 (CRPD/PO/2026-27/09)"
"https://takemocktest.com/in/sbi-po/test/mains-reasoning-computer-aptitude-sectional-1","sectional test","sbi po mains reasoning & computer aptitude mock test 1","SERP-verified 2026-09-09","","","","SBI PO Mains Reasoning & Computer Aptitude Mock Test 1","SBI PO Mains Reasoning & Computer Aptitude Mock Test 1"
"https://takemocktest.com/in/sbi-po/test/mains-data-analysis-interpretation-sectional-1","sectional test","sbi po mains data analysis and interpretation mock test 1","SERP-verified 2026-09-09","","","","SBI PO Mains Data Analysis and Interpretation Mock Test 1","SBI PO Mains Data Analysis and Interpretation Mock Test 1"
"https://takemocktest.com/in/sbi-po/test/mains-english-language-sectional-1","sectional test","sbi po mains english language mock test 1","SERP-verified 2026-09-09","","","","SBI PO Mains English Language Mock Test 1","SBI PO Mains English Language Mock Test 1: Free Practice"
"https://takemocktest.com/in/sbi-po/test/mains-full-mock-2","full mock test","sbi po mains full mock test 2","Class GSC-observed, this URL not yet in GSC","","","","SBI PO Mains Full Mock Test 2","SBI PO Mains Full Mock Test 2 (CRPD/PO/2026-27/09)"
"https://takemocktest.com/in/sbi-po/test/mains-reasoning-computer-aptitude-sectional-2","sectional test","sbi po mains reasoning & computer aptitude mock test 2","SERP-verified 2026-09-09","","","","SBI PO Mains Reasoning & Computer Aptitude Mock Test 2","SBI PO Mains Reasoning & Computer Aptitude Mock Test 2"
"https://takemocktest.com/in/sbi-po/test/mains-data-analysis-interpretation-sectional-2","sectional test","sbi po mains data analysis and interpretation mock test 2","SERP-verified 2026-09-09","","","","SBI PO Mains Data Analysis and Interpretation Mock Test 2","SBI PO Mains Data Analysis and Interpretation Mock Test 2"
"https://takemocktest.com/in/sbi-po/test/mains-english-language-sectional-2","sectional test","sbi po mains english language mock test 2","SERP-verified 2026-09-09","","","","SBI PO Mains English Language Mock Test 2","SBI PO Mains English Language Mock Test 2: Free Practice"
"https://takemocktest.com/in/rbi-assistant","exam hub","rbi assistant","Reasoned, not yet SERP-checked","","","","RBI Assistant","RBI Assistant: Free Mock Tests & Exam Pattern | TakeMockTest"
"https://takemocktest.com/in/rbi-assistant/mock-test","mock-test","rbi assistant mock test 2026","Reasoned, not yet SERP-checked","","","","RBI Assistant Mock Test 2026","RBI Assistant Mock Test 2026: Free Prelims & Mains Tests"
"https://takemocktest.com/in/rbi-assistant/similar-tests","similar-tests","similar tests to rbi assistant","Reasoned, not yet SERP-checked","","","","Similar Tests to RBI Assistant","Similar Tests to RBI Assistant, Extra Reasoning Practice"
"https://takemocktest.com/in/rbi-assistant/exam-pattern","exam-pattern","rbi assistant exam pattern","Reasoned, not yet SERP-checked","","","","RBI Assistant Exam Pattern","RBI Assistant Exam Pattern 2026: Marks & Duration"
"https://takemocktest.com/in/rbi-assistant/test/prelims-full-mock-1","full mock test","rbi assistant prelims full mock test 1","Class GSC-observed, this URL not yet in GSC","","","","RBI Assistant Prelims Full Mock Test 1","RBI Assistant Prelims Full Mock Test 1 (Panel Year 2025)"
"https://takemocktest.com/in/rbi-assistant/test/prelims-english-language-sectional-1","sectional test","rbi assistant prelims english language mock test 1","SERP-verified 2026-09-09","","","","RBI Assistant Prelims English Language Mock Test 1","RBI Assistant Prelims English Language Mock Test 1"
"https://takemocktest.com/in/rbi-assistant/test/prelims-numerical-ability-sectional-1","sectional test","rbi assistant prelims numerical ability mock test 1","SERP-verified 2026-09-09","","","","RBI Assistant Prelims Numerical Ability Mock Test 1","RBI Assistant Prelims Numerical Ability Mock Test 1"
"https://takemocktest.com/in/rbi-assistant/test/prelims-reasoning-ability-sectional-1","sectional test","rbi assistant prelims reasoning ability mock test 1","SERP-verified 2026-09-09","","","","RBI Assistant Prelims Reasoning Ability Mock Test 1","RBI Assistant Prelims Reasoning Ability Mock Test 1"
"https://takemocktest.com/in/rbi-assistant/test/prelims-full-mock-2","full mock test","rbi assistant prelims full mock test 2","Class GSC-observed, this URL not yet in GSC","","","","RBI Assistant Prelims Full Mock Test 2","RBI Assistant Prelims Full Mock Test 2 (Panel Year 2025)"
"https://takemocktest.com/in/rbi-assistant/test/prelims-english-language-sectional-2","sectional test","rbi assistant prelims english language mock test 2","SERP-verified 2026-09-09","","","","RBI Assistant Prelims English Language Mock Test 2","RBI Assistant Prelims English Language Mock Test 2"
"https://takemocktest.com/in/rbi-assistant/test/prelims-numerical-ability-sectional-2","sectional test","rbi assistant prelims numerical ability mock test 2","SERP-verified 2026-09-09","","","","RBI Assistant Prelims Numerical Ability Mock Test 2","RBI Assistant Prelims Numerical Ability Mock Test 2"
"https://takemocktest.com/in/rbi-assistant/test/prelims-reasoning-ability-sectional-2","sectional test","rbi assistant prelims reasoning ability mock test 2","SERP-verified 2026-09-09","","","","RBI Assistant Prelims Reasoning Ability Mock Test 2","RBI Assistant Prelims Reasoning Ability Mock Test 2"
"https://takemocktest.com/in/rbi-assistant/test/mains-full-mock-1","full mock test","rbi assistant mains full mock test 1","Class GSC-observed, this URL not yet in GSC","","","","RBI Assistant Mains Full Mock Test 1","RBI Assistant Mains Full Mock Test 1 (Panel Year 2025)"
"https://takemocktest.com/in/rbi-assistant/test/mains-english-language-sectional-1","sectional test","rbi assistant mains english language mock test 1","SERP-verified 2026-09-09","","","","RBI Assistant Mains English Language Mock Test 1","RBI Assistant Mains English Language Mock Test 1"
"https://takemocktest.com/in/rbi-assistant/test/mains-numerical-ability-sectional-1","sectional test","rbi assistant mains numerical ability mock test 1","SERP-verified 2026-09-09","","","","RBI Assistant Mains Numerical Ability Mock Test 1","RBI Assistant Mains Numerical Ability Mock Test 1"
"https://takemocktest.com/in/rbi-assistant/test/mains-reasoning-ability-sectional-1","sectional test","rbi assistant mains reasoning ability mock test 1","SERP-verified 2026-09-09","","","","RBI Assistant Mains Reasoning Ability Mock Test 1","RBI Assistant Mains Reasoning Ability Mock Test 1"
"https://takemocktest.com/in/rbi-assistant/test/mains-computer-knowledge-sectional-1","sectional test","rbi assistant mains computer knowledge mock test 1","SERP-verified 2026-09-09","","","","RBI Assistant Mains Computer Knowledge Mock Test 1","RBI Assistant Mains Computer Knowledge Mock Test 1"
"https://takemocktest.com/in/rbi-assistant/test/mains-full-mock-2","full mock test","rbi assistant mains full mock test 2","Class GSC-observed, this URL not yet in GSC","","","","RBI Assistant Mains Full Mock Test 2","RBI Assistant Mains Full Mock Test 2 (Panel Year 2025)"
"https://takemocktest.com/in/rbi-assistant/test/mains-english-language-sectional-2","sectional test","rbi assistant mains english language mock test 2","SERP-verified 2026-09-09","","","","RBI Assistant Mains English Language Mock Test 2","RBI Assistant Mains English Language Mock Test 2"
"https://takemocktest.com/in/rbi-assistant/test/mains-numerical-ability-sectional-2","sectional test","rbi assistant mains numerical ability mock test 2","SERP-verified 2026-09-09","","","","RBI Assistant Mains Numerical Ability Mock Test 2","RBI Assistant Mains Numerical Ability Mock Test 2"
"https://takemocktest.com/in/rbi-assistant/test/mains-reasoning-ability-sectional-2","sectional test","rbi assistant mains reasoning ability mock test 2","SERP-verified 2026-09-09","","","","RBI Assistant Mains Reasoning Ability Mock Test 2","RBI Assistant Mains Reasoning Ability Mock Test 2"
"https://takemocktest.com/in/rbi-assistant/test/mains-computer-knowledge-sectional-2","sectional test","rbi assistant mains computer knowledge mock test 2","SERP-verified 2026-09-09","","","","RBI Assistant Mains Computer Knowledge Mock Test 2","RBI Assistant Mains Computer Knowledge Mock Test 2"
"https://takemocktest.com/in/ssc-mts","exam hub","ssc mts","Reasoned, not yet SERP-checked","","","","SSC MTS","SSC MTS: Free Mock Tests & Exam Pattern | TakeMockTest"
"https://takemocktest.com/in/ssc-mts/mock-test","mock-test","ssc mts mock test 2026","Reasoned, not yet SERP-checked","","","","SSC MTS Mock Test 2026","SSC MTS Mock Test 2026: Free Online Test Series"
"https://takemocktest.com/in/ssc-mts/exam-pattern","exam-pattern","ssc mts exam pattern","Reasoned, not yet SERP-checked","","","","SSC MTS Exam Pattern","SSC MTS Exam Pattern 2026: Marks & Duration | TakeMockTest"
"https://takemocktest.com/in/ssc-mts/syllabus","syllabus","ssc mts & havaldar syllabus","SERP-verified 2026-09-09","","","","SSC MTS & Havaldar Syllabus 2025","SSC MTS & Havaldar Syllabus 2025: CBE Topics & Pattern"
"https://takemocktest.com/in/ssc-mts/eligibility","eligibility","ssc mts & havaldar eligibility","Reasoned, not yet SERP-checked","","","","SSC MTS & Havaldar Eligibility 2025","SSC MTS & Havaldar Eligibility 2025: Age & Qualification"
"https://takemocktest.com/in/ssc-mts/selection-process","selection-process","ssc mts & havaldar selection process","Reasoned, not yet SERP-checked","","","","SSC MTS & Havaldar Selection Process 2025","SSC MTS & Havaldar Selection Process 2025 | TakeMockTest"
"https://takemocktest.com/in/ssc-mts/test/cbt-full-mock-1","full mock test","ssc mts cbt full mock test 1","Class GSC-observed, this URL not yet in GSC","","","","SSC MTS CBT Full Mock Test 1","SSC MTS CBT Full Mock Test 1 | TakeMockTest"
"https://takemocktest.com/in/ssc-mts/test/cbt-numerical-ability-sectional-1","sectional test","ssc mts numerical and mathematical ability mock test 1","SERP-verified 2026-09-09","","","","SSC MTS Numerical and Mathematical Ability Mock Test 1","SSC MTS Numerical and Mathematical Ability Mock Test 1"
"https://takemocktest.com/in/ssc-mts/test/cbt-reasoning-ability-sectional-1","sectional test","ssc mts reasoning ability and problem solving mock test 1","SERP-verified 2026-09-09","","","","SSC MTS Reasoning Ability and Problem Solving Mock Test 1","SSC MTS Reasoning Ability and Problem Solving Mock Test 1"
"https://takemocktest.com/in/ssc-mts/test/cbt-general-awareness-sectional-1","sectional test","ssc mts general awareness mock test 1","SERP-verified 2026-09-09","","","","SSC MTS General Awareness Mock Test 1","SSC MTS General Awareness Mock Test 1: Free Practice"
"https://takemocktest.com/in/ssc-mts/test/cbt-english-language-comprehension-sectional-1","sectional test","ssc mts english language & comprehension mock test 1","SERP-verified 2026-09-09","","","","SSC MTS English Language & Comprehension Mock Test 1","SSC MTS English Language & Comprehension Mock Test 1"
"https://takemocktest.com/in/ssc-mts/test/cbt-full-mock-2","full mock test","ssc mts cbt full mock test 2","Class GSC-observed, this URL not yet in GSC","","","","SSC MTS CBT Full Mock Test 2","SSC MTS CBT Full Mock Test 2 | TakeMockTest"
"https://takemocktest.com/in/ssc-mts/test/cbt-numerical-ability-sectional-2","sectional test","ssc mts numerical and mathematical ability mock test 2","SERP-verified 2026-09-09","","","","SSC MTS Numerical and Mathematical Ability Mock Test 2","SSC MTS Numerical and Mathematical Ability Mock Test 2"
"https://takemocktest.com/in/ssc-mts/test/cbt-reasoning-ability-sectional-2","sectional test","ssc mts reasoning ability and problem solving mock test 2","SERP-verified 2026-09-09","","","","SSC MTS Reasoning Ability and Problem Solving Mock Test 2","SSC MTS Reasoning Ability and Problem Solving Mock Test 2"
"https://takemocktest.com/in/ssc-mts/test/cbt-general-awareness-sectional-2","sectional test","ssc mts general awareness mock test 2","SERP-verified 2026-09-09","","","","SSC MTS General Awareness Mock Test 2","SSC MTS General Awareness Mock Test 2: Free Practice"
"https://takemocktest.com/in/ssc-mts/test/cbt-english-language-comprehension-sectional-2","sectional test","ssc mts english language & comprehension mock test 2","SERP-verified 2026-09-09","","","","SSC MTS English Language & Comprehension Mock Test 2","SSC MTS English Language & Comprehension Mock Test 2"
"https://takemocktest.com/in/ibps-rrb-office-assistant","exam hub","ibps rrb office assistant","Reasoned, not yet SERP-checked","","","","IBPS RRB Office Assistant","IBPS RRB Office Assistant: Free Mock Tests & Exam Pattern"
"https://takemocktest.com/in/ibps-rrb-office-assistant/mock-test","mock-test","ibps rrb clerk (office assistant) mock test 2026","Reasoned, not yet SERP-checked","","","","IBPS RRB Clerk (Office Assistant) Mock Test 2026","IBPS RRB Clerk Mock Test 2026: Free Office Assistant Tests"
"https://takemocktest.com/in/ibps-rrb-office-assistant/similar-tests","similar-tests","similar tests to ibps rrb office assistant","Reasoned, not yet SERP-checked","","","","Similar Tests to IBPS RRB Office Assistant","Similar Tests to IBPS RRB Office Assistant, Extra Reasoning Practice"
"https://takemocktest.com/in/ibps-rrb-office-assistant/exam-pattern","exam-pattern","ibps rrb office assistant exam pattern","Reasoned, not yet SERP-checked","","","","IBPS RRB Office Assistant Exam Pattern","IBPS RRB Office Assistant Exam Pattern 2026: Marks & Duration"
"https://takemocktest.com/in/ibps-rrb-office-assistant/test/prelims-full-mock-1","full mock test","ibps rrb office assistant prelims full mock test 1","Class GSC-observed, this URL not yet in GSC","","","","IBPS RRB Office Assistant Prelims Full Mock Test 1","IBPS RRB Office Assistant Prelims Full Mock Test 1"
"https://takemocktest.com/in/ibps-rrb-office-assistant/test/prelims-reasoning-sectional-1","sectional test","ibps rrb office assistant prelims reasoning mock test 1","SERP-verified 2026-09-09","","","","IBPS RRB Office Assistant Prelims Reasoning Mock Test 1","IBPS RRB Office Assistant Prelims Reasoning Mock Test 1"
"https://takemocktest.com/in/ibps-rrb-office-assistant/test/prelims-numerical-ability-sectional-1","sectional test","ibps rrb office assistant prelims numerical ability mock test 1","SERP-verified 2026-09-09","","","","IBPS RRB Office Assistant Prelims Numerical Ability Mock Test 1","IBPS RRB Office Assistant Prelims Numerical Ability Mock Test 1"
"https://takemocktest.com/in/ibps-rrb-office-assistant/test/prelims-full-mock-2","full mock test","ibps rrb office assistant prelims full mock test 2","Class GSC-observed, this URL not yet in GSC","","","","IBPS RRB Office Assistant Prelims Full Mock Test 2","IBPS RRB Office Assistant Prelims Full Mock Test 2"
"https://takemocktest.com/in/ibps-rrb-office-assistant/test/prelims-reasoning-sectional-2","sectional test","ibps rrb office assistant prelims reasoning mock test 2","SERP-verified 2026-09-09","","","","IBPS RRB Office Assistant Prelims Reasoning Mock Test 2","IBPS RRB Office Assistant Prelims Reasoning Mock Test 2"
"https://takemocktest.com/in/ibps-rrb-office-assistant/test/prelims-numerical-ability-sectional-2","sectional test","ibps rrb office assistant prelims numerical ability mock test 2","SERP-verified 2026-09-09","","","","IBPS RRB Office Assistant Prelims Numerical Ability Mock Test 2","IBPS RRB Office Assistant Prelims Numerical Ability Mock Test 2"
"https://takemocktest.com/in/ibps-rrb-office-assistant/test/mains-full-mock-1","full mock test","ibps rrb office assistant mains full mock test 1","Class GSC-observed, this URL not yet in GSC","","","","IBPS RRB Office Assistant Mains Full Mock Test 1","IBPS RRB Office Assistant Mains Full Mock Test 1"
"https://takemocktest.com/in/ibps-rrb-office-assistant/test/mains-reasoning-sectional-1","sectional test","ibps rrb office assistant mains reasoning mock test 1","SERP-verified 2026-09-09","","","","IBPS RRB Office Assistant Mains Reasoning Mock Test 1","IBPS RRB Office Assistant Mains Reasoning Mock Test 1"
"https://takemocktest.com/in/ibps-rrb-office-assistant/test/mains-numerical-ability-sectional-1","sectional test","ibps rrb office assistant mains numerical ability mock test 1","SERP-verified 2026-09-09","","","","IBPS RRB Office Assistant Mains Numerical Ability Mock Test 1","IBPS RRB Office Assistant Mains Numerical Ability Mock Test 1"
"https://takemocktest.com/in/ibps-rrb-office-assistant/test/mains-computer-knowledge-sectional-1","sectional test","ibps rrb office assistant mains computer knowledge mock test 1","SERP-verified 2026-09-09","","","","IBPS RRB Office Assistant Mains Computer Knowledge Mock Test 1","IBPS RRB Office Assistant Mains Computer Knowledge Mock Test 1"
"https://takemocktest.com/in/ibps-rrb-office-assistant/test/mains-english-language-sectional-1","sectional test","ibps rrb office assistant mains english language mock test 1","SERP-verified 2026-09-09","","","","IBPS RRB Office Assistant Mains English Language Mock Test 1","IBPS RRB Office Assistant Mains English Language Mock Test 1"
"https://takemocktest.com/in/ibps-rrb-office-assistant/test/mains-full-mock-2","full mock test","ibps rrb office assistant mains full mock test 2","Class GSC-observed, this URL not yet in GSC","","","","IBPS RRB Office Assistant Mains Full Mock Test 2","IBPS RRB Office Assistant Mains Full Mock Test 2"
"https://takemocktest.com/in/ibps-rrb-office-assistant/test/mains-reasoning-sectional-2","sectional test","ibps rrb office assistant mains reasoning mock test 2","SERP-verified 2026-09-09","","","","IBPS RRB Office Assistant Mains Reasoning Mock Test 2","IBPS RRB Office Assistant Mains Reasoning Mock Test 2"
"https://takemocktest.com/in/ibps-rrb-office-assistant/test/mains-numerical-ability-sectional-2","sectional test","ibps rrb office assistant mains numerical ability mock test 2","SERP-verified 2026-09-09","","","","IBPS RRB Office Assistant Mains Numerical Ability Mock Test 2","IBPS RRB Office Assistant Mains Numerical Ability Mock Test 2"
"https://takemocktest.com/in/ibps-rrb-office-assistant/test/mains-computer-knowledge-sectional-2","sectional test","ibps rrb office assistant mains computer knowledge mock test 2","SERP-verified 2026-09-09","","","","IBPS RRB Office Assistant Mains Computer Knowledge Mock Test 2","IBPS RRB Office Assistant Mains Computer Knowledge Mock Test 2"
"https://takemocktest.com/in/ibps-rrb-office-assistant/test/mains-english-language-sectional-2","sectional test","ibps rrb office assistant mains english language mock test 2","SERP-verified 2026-09-09","","","","IBPS RRB Office Assistant Mains English Language Mock Test 2","IBPS RRB Office Assistant Mains English Language Mock Test 2"
"https://takemocktest.com/in/ssc-gd-constable","exam hub","ssc gd constable","Reasoned, not yet SERP-checked","","","","SSC GD Constable","SSC GD Constable: Free Mock Tests & Exam Pattern"
"https://takemocktest.com/in/ssc-gd-constable/mock-test","mock-test","ssc gd constable mock test 2026","Reasoned, not yet SERP-checked","","","","SSC GD Constable Mock Test 2026","SSC GD Constable Mock Test 2026, Practice Free Test Series"
"https://takemocktest.com/in/ssc-gd-constable/exam-pattern","exam-pattern","ssc gd constable exam pattern","Reasoned, not yet SERP-checked","","","","SSC GD Constable Exam Pattern","SSC GD Constable Exam Pattern 2026: Marks & Duration"
"https://takemocktest.com/in/ssc-gd-constable/syllabus","syllabus","ssc gd constable syllabus","SERP-verified 2026-09-09","","","","SSC GD Constable Syllabus 2026","SSC GD Constable Syllabus 2026: CBE Topics & Pattern"
"https://takemocktest.com/in/ssc-gd-constable/eligibility","eligibility","ssc gd constable eligibility","Reasoned, not yet SERP-checked","","","","SSC GD Constable Eligibility 2026","SSC GD Constable Eligibility 2026: Age & Qualification"
"https://takemocktest.com/in/ssc-gd-constable/selection-process","selection-process","ssc gd constable selection process","Reasoned, not yet SERP-checked","","","","SSC GD Constable Selection Process 2026","SSC GD Constable Selection Process 2026 | TakeMockTest"
"https://takemocktest.com/in/ssc-gd-constable/test/cbe-full-mock-1","full mock test","ssc gd constable cbe full mock test 1","Class GSC-observed, this URL not yet in GSC","","","","SSC GD Constable CBE Full Mock Test 1","SSC GD Constable CBE Full Mock Test 1 | TakeMockTest"
"https://takemocktest.com/in/ssc-gd-constable/test/cbe-general-intelligence-reasoning-sectional-1","sectional test","ssc gd constable general intelligence and reasoning mock test 1","SERP-verified 2026-09-09","","","","SSC GD Constable General Intelligence and Reasoning Mock Test 1","SSC GD Constable General Intelligence and Reasoning Mock Test 1"
"https://takemocktest.com/in/ssc-gd-constable/test/cbe-general-knowledge-awareness-sectional-1","sectional test","ssc gd constable general knowledge and general awareness mock test 1","SERP-verified 2026-09-09","","","","SSC GD Constable General Knowledge and General Awareness Mock Test 1","SSC GD Constable General Knowledge and General Awareness Mock Test 1"
"https://takemocktest.com/in/ssc-gd-constable/test/cbe-elementary-mathematics-sectional-1","sectional test","ssc gd constable elementary mathematics mock test 1","SERP-verified 2026-09-09","","","","SSC GD Constable Elementary Mathematics Mock Test 1","SSC GD Constable Elementary Mathematics Mock Test 1"
"https://takemocktest.com/in/ssc-gd-constable/test/cbe-english-hindi-sectional-1","sectional test","ssc gd constable english/hindi mock test 1","SERP-verified 2026-09-09","","","","SSC GD Constable English/Hindi Mock Test 1","SSC GD Constable English/Hindi Mock Test 1: Free Practice"
"https://takemocktest.com/in/ssc-gd-constable/test/cbe-full-mock-2","full mock test","ssc gd constable cbe full mock test 2","Class GSC-observed, this URL not yet in GSC","","","","SSC GD Constable CBE Full Mock Test 2","SSC GD Constable CBE Full Mock Test 2 | TakeMockTest"
"https://takemocktest.com/in/ssc-gd-constable/test/cbe-general-intelligence-reasoning-sectional-2","sectional test","ssc gd constable general intelligence and reasoning mock test 2","SERP-verified 2026-09-09","","","","SSC GD Constable General Intelligence and Reasoning Mock Test 2","SSC GD Constable General Intelligence and Reasoning Mock Test 2"
"https://takemocktest.com/in/ssc-gd-constable/test/cbe-general-knowledge-awareness-sectional-2","sectional test","ssc gd constable general knowledge and general awareness mock test 2","SERP-verified 2026-09-09","","","","SSC GD Constable General Knowledge and General Awareness Mock Test 2","SSC GD Constable General Knowledge and General Awareness Mock Test 2"
"https://takemocktest.com/in/ssc-gd-constable/test/cbe-elementary-mathematics-sectional-2","sectional test","ssc gd constable elementary mathematics mock test 2","SERP-verified 2026-09-09","","","","SSC GD Constable Elementary Mathematics Mock Test 2","SSC GD Constable Elementary Mathematics Mock Test 2"
"https://takemocktest.com/in/ssc-gd-constable/test/cbe-english-hindi-sectional-2","sectional test","ssc gd constable english/hindi mock test 2","SERP-verified 2026-09-09","","","","SSC GD Constable English/Hindi Mock Test 2","SSC GD Constable English/Hindi Mock Test 2: Free Practice"
"https://takemocktest.com/in/ibps-rrb-officer-scale-1","exam hub","ibps rrb officer scale i","Reasoned, not yet SERP-checked","","","","IBPS RRB Officer Scale I","IBPS RRB Officer Scale I: Free Mock Tests & Exam Pattern"
"https://takemocktest.com/in/ibps-rrb-officer-scale-1/mock-test","mock-test","ibps rrb po (officer scale i) mock test 2026","Reasoned, not yet SERP-checked","","","","IBPS RRB PO (Officer Scale I) Mock Test 2026","IBPS RRB PO Mock Test 2026: Free Officer Scale I Tests"
"https://takemocktest.com/in/ibps-rrb-officer-scale-1/similar-tests","similar-tests","similar tests to ibps rrb officer scale i","Reasoned, not yet SERP-checked","","","","Similar Tests to IBPS RRB Officer Scale I","Similar Tests to IBPS RRB Officer Scale I, Extra Reasoning Practice"
"https://takemocktest.com/in/ibps-rrb-officer-scale-1/exam-pattern","exam-pattern","ibps rrb officer scale i exam pattern","Reasoned, not yet SERP-checked","","","","IBPS RRB Officer Scale I Exam Pattern","IBPS RRB Officer Scale I Exam Pattern 2026: Marks & Duration"
"https://takemocktest.com/in/ibps-rrb-officer-scale-1/test/prelims-full-mock-1","full mock test","ibps rrb officer scale i prelims full mock test 1","Class GSC-observed, this URL not yet in GSC","","","","IBPS RRB Officer Scale I Prelims Full Mock Test 1","IBPS RRB Officer Scale I Prelims Full Mock Test 1"
"https://takemocktest.com/in/ibps-rrb-officer-scale-1/test/prelims-reasoning-sectional-1","sectional test","ibps rrb officer scale i prelims reasoning mock test 1","SERP-verified 2026-09-09","","","","IBPS RRB Officer Scale I Prelims Reasoning Mock Test 1","IBPS RRB Officer Scale I Prelims Reasoning Mock Test 1"
"https://takemocktest.com/in/ibps-rrb-officer-scale-1/test/prelims-quantitative-aptitude-sectional-1","sectional test","ibps rrb officer scale i prelims quantitative aptitude mock test 1","SERP-verified 2026-09-09","","","","IBPS RRB Officer Scale I Prelims Quantitative Aptitude Mock Test 1","IBPS RRB Officer Scale I Prelims Quantitative Aptitude Mock Test 1"
"https://takemocktest.com/in/ibps-rrb-officer-scale-1/test/prelims-full-mock-2","full mock test","ibps rrb officer scale i prelims full mock test 2","Class GSC-observed, this URL not yet in GSC","","","","IBPS RRB Officer Scale I Prelims Full Mock Test 2","IBPS RRB Officer Scale I Prelims Full Mock Test 2"
"https://takemocktest.com/in/ibps-rrb-officer-scale-1/test/prelims-reasoning-sectional-2","sectional test","ibps rrb officer scale i prelims reasoning mock test 2","SERP-verified 2026-09-09","","","","IBPS RRB Officer Scale I Prelims Reasoning Mock Test 2","IBPS RRB Officer Scale I Prelims Reasoning Mock Test 2"
"https://takemocktest.com/in/ibps-rrb-officer-scale-1/test/prelims-quantitative-aptitude-sectional-2","sectional test","ibps rrb officer scale i prelims quantitative aptitude mock test 2","SERP-verified 2026-09-09","","","","IBPS RRB Officer Scale I Prelims Quantitative Aptitude Mock Test 2","IBPS RRB Officer Scale I Prelims Quantitative Aptitude Mock Test 2"
"https://takemocktest.com/in/ibps-rrb-officer-scale-1/test/mains-full-mock-1","full mock test","ibps rrb officer scale i mains full mock test 1","Class GSC-observed, this URL not yet in GSC","","","","IBPS RRB Officer Scale I Mains Full Mock Test 1","IBPS RRB Officer Scale I Mains Full Mock Test 1"
"https://takemocktest.com/in/ibps-rrb-officer-scale-1/test/mains-reasoning-sectional-1","sectional test","ibps rrb officer scale i mains reasoning mock test 1","SERP-verified 2026-09-09","","","","IBPS RRB Officer Scale I Mains Reasoning Mock Test 1","IBPS RRB Officer Scale I Mains Reasoning Mock Test 1"
"https://takemocktest.com/in/ibps-rrb-officer-scale-1/test/mains-quantitative-aptitude-sectional-1","sectional test","ibps rrb officer scale i mains quantitative aptitude mock test 1","SERP-verified 2026-09-09","","","","IBPS RRB Officer Scale I Mains Quantitative Aptitude Mock Test 1","IBPS RRB Officer Scale I Mains Quantitative Aptitude Mock Test 1"
"https://takemocktest.com/in/ibps-rrb-officer-scale-1/test/mains-computer-knowledge-sectional-1","sectional test","ibps rrb officer scale i mains computer knowledge mock test 1","SERP-verified 2026-09-09","","","","IBPS RRB Officer Scale I Mains Computer Knowledge Mock Test 1","IBPS RRB Officer Scale I Mains Computer Knowledge Mock Test 1"
"https://takemocktest.com/in/ibps-rrb-officer-scale-1/test/mains-english-language-sectional-1","sectional test","ibps rrb officer scale i mains english language mock test 1","SERP-verified 2026-09-09","","","","IBPS RRB Officer Scale I Mains English Language Mock Test 1","IBPS RRB Officer Scale I Mains English Language Mock Test 1"
"https://takemocktest.com/in/ibps-rrb-officer-scale-1/test/mains-full-mock-2","full mock test","ibps rrb officer scale i mains full mock test 2","Class GSC-observed, this URL not yet in GSC","","","","IBPS RRB Officer Scale I Mains Full Mock Test 2","IBPS RRB Officer Scale I Mains Full Mock Test 2"
"https://takemocktest.com/in/ibps-rrb-officer-scale-1/test/mains-reasoning-sectional-2","sectional test","ibps rrb officer scale i mains reasoning mock test 2","SERP-verified 2026-09-09","","","","IBPS RRB Officer Scale I Mains Reasoning Mock Test 2","IBPS RRB Officer Scale I Mains Reasoning Mock Test 2"
"https://takemocktest.com/in/ibps-rrb-officer-scale-1/test/mains-quantitative-aptitude-sectional-2","sectional test","ibps rrb officer scale i mains quantitative aptitude mock test 2","SERP-verified 2026-09-09","","","","IBPS RRB Officer Scale I Mains Quantitative Aptitude Mock Test 2","IBPS RRB Officer Scale I Mains Quantitative Aptitude Mock Test 2"
"https://takemocktest.com/in/ibps-rrb-officer-scale-1/test/mains-computer-knowledge-sectional-2","sectional test","ibps rrb officer scale i mains computer knowledge mock test 2","SERP-verified 2026-09-09","","","","IBPS RRB Officer Scale I Mains Computer Knowledge Mock Test 2","IBPS RRB Officer Scale I Mains Computer Knowledge Mock Test 2"
"https://takemocktest.com/in/ibps-rrb-officer-scale-1/test/mains-english-language-sectional-2","sectional test","ibps rrb officer scale i mains english language mock test 2","SERP-verified 2026-09-09","","","","IBPS RRB Officer Scale I Mains English Language Mock Test 2","IBPS RRB Officer Scale I Mains English Language Mock Test 2"
"https://takemocktest.com/in/sbi-clerk","exam hub","sbi clerk","Reasoned, not yet SERP-checked","","","","SBI Clerk","SBI Clerk: Free Mock Tests & Exam Pattern | TakeMockTest"
"https://takemocktest.com/in/sbi-clerk/mock-test","mock-test","sbi clerk mock test 2026","Reasoned, not yet SERP-checked","","","","SBI Clerk Mock Test 2026","SBI Clerk Mock Test 2026, Practice Free Test Series"
"https://takemocktest.com/in/sbi-clerk/similar-tests","similar-tests","similar tests to sbi clerk","Reasoned, not yet SERP-checked","","","","Similar Tests to SBI Clerk","Similar Tests to SBI Clerk, Extra Reasoning Practice"
"https://takemocktest.com/in/sbi-clerk/exam-pattern","exam-pattern","sbi clerk exam pattern","Reasoned, not yet SERP-checked","","","","SBI Clerk Exam Pattern","SBI Clerk Exam Pattern 2026: Marks & Duration | TakeMockTest"
"https://takemocktest.com/in/sbi-clerk/syllabus","syllabus","sbi clerk prelims syllabus","SERP-verified 2026-09-09","","","","SBI Clerk Prelims Syllabus 2025","SBI Clerk Prelims Syllabus 2025: Sections & Topic Map"
"https://takemocktest.com/in/sbi-clerk/eligibility","eligibility","sbi clerk eligibility","Reasoned, not yet SERP-checked","","","","SBI Clerk Eligibility 2025","SBI Clerk Eligibility 2025: Age Limit & Qualification"
"https://takemocktest.com/in/sbi-clerk/selection-process","selection-process","sbi clerk selection process","Reasoned, not yet SERP-checked","","","","SBI Clerk Selection Process 2025","SBI Clerk Selection Process 2025: Prelims to Final Selection"
"https://takemocktest.com/in/sbi-clerk/test/prelims-full-mock-1","full mock test","sbi clerk prelims full mock test 1","Class GSC-observed, this URL not yet in GSC","","","","SBI Clerk Prelims Full Mock Test 1","SBI Clerk Prelims Full Mock Test 1 (CRPD/CR/2025-26/06)"
"https://takemocktest.com/in/sbi-clerk/test/prelims-english-language-sectional-1","sectional test","sbi clerk prelims english language mock test 1","SERP-verified 2026-09-09","","","","SBI Clerk Prelims English Language Mock Test 1","SBI Clerk Prelims English Language Mock Test 1"
"https://takemocktest.com/in/sbi-clerk/test/prelims-numerical-ability-sectional-1","sectional test","sbi clerk prelims numerical ability mock test 1","SERP-verified 2026-09-09","","","","SBI Clerk Prelims Numerical Ability Mock Test 1","SBI Clerk Prelims Numerical Ability Mock Test 1"
"https://takemocktest.com/in/sbi-clerk/test/prelims-reasoning-ability-sectional-1","sectional test","sbi clerk prelims reasoning ability mock test 1","SERP-verified 2026-09-09","","","","SBI Clerk Prelims Reasoning Ability Mock Test 1","SBI Clerk Prelims Reasoning Ability Mock Test 1"
"https://takemocktest.com/in/sbi-clerk/test/prelims-full-mock-2","full mock test","sbi clerk prelims full mock test 2","Class GSC-observed, this URL not yet in GSC","","","","SBI Clerk Prelims Full Mock Test 2","SBI Clerk Prelims Full Mock Test 2 (CRPD/CR/2025-26/06)"
"https://takemocktest.com/in/sbi-clerk/test/prelims-english-language-sectional-2","sectional test","sbi clerk prelims english language mock test 2","SERP-verified 2026-09-09","","","","SBI Clerk Prelims English Language Mock Test 2","SBI Clerk Prelims English Language Mock Test 2"
"https://takemocktest.com/in/sbi-clerk/test/prelims-numerical-ability-sectional-2","sectional test","sbi clerk prelims numerical ability mock test 2","SERP-verified 2026-09-09","","","","SBI Clerk Prelims Numerical Ability Mock Test 2","SBI Clerk Prelims Numerical Ability Mock Test 2"
"https://takemocktest.com/in/sbi-clerk/test/prelims-reasoning-ability-sectional-2","sectional test","sbi clerk prelims reasoning ability mock test 2","SERP-verified 2026-09-09","","","","SBI Clerk Prelims Reasoning Ability Mock Test 2","SBI Clerk Prelims Reasoning Ability Mock Test 2"
"https://takemocktest.com/in/sbi-clerk/test/mains-full-mock-1","full mock test","sbi clerk mains full mock test 1","Class GSC-observed, this URL not yet in GSC","","","","SBI Clerk Mains Full Mock Test 1","SBI Clerk Mains Full Mock Test 1 (CRPD/CR/2025-26/06)"
"https://takemocktest.com/in/sbi-clerk/test/mains-english-sectional-1","sectional test","sbi clerk mains general english mock test 1","SERP-verified 2026-09-09","","","","SBI Clerk Mains General English Mock Test 1","SBI Clerk Mains General English Mock Test 1: Free Practice"
"https://takemocktest.com/in/sbi-clerk/test/mains-quantitative-aptitude-sectional-1","sectional test","sbi clerk mains quantitative aptitude mock test 1","SERP-verified 2026-09-09","","","","SBI Clerk Mains Quantitative Aptitude Mock Test 1","SBI Clerk Mains Quantitative Aptitude Mock Test 1"
"https://takemocktest.com/in/sbi-clerk/test/mains-reasoning-computer-aptitude-sectional-1","sectional test","sbi clerk mains reasoning ability & computer aptitude mock test 1","SERP-verified 2026-09-09","","","","SBI Clerk Mains Reasoning Ability & Computer Aptitude Mock Test 1","SBI Clerk Mains Reasoning Ability & Computer Aptitude Mock Test 1"
"https://takemocktest.com/in/sbi-clerk/test/mains-full-mock-2","full mock test","sbi clerk mains full mock test 2","Class GSC-observed, this URL not yet in GSC","","","","SBI Clerk Mains Full Mock Test 2","SBI Clerk Mains Full Mock Test 2 (CRPD/CR/2025-26/06)"
"https://takemocktest.com/in/sbi-clerk/test/mains-english-sectional-2","sectional test","sbi clerk mains general english mock test 2","SERP-verified 2026-09-09","","","","SBI Clerk Mains General English Mock Test 2","SBI Clerk Mains General English Mock Test 2: Free Practice"
"https://takemocktest.com/in/sbi-clerk/test/mains-quantitative-aptitude-sectional-2","sectional test","sbi clerk mains quantitative aptitude mock test 2","SERP-verified 2026-09-09","","","","SBI Clerk Mains Quantitative Aptitude Mock Test 2","SBI Clerk Mains Quantitative Aptitude Mock Test 2"
"https://takemocktest.com/in/sbi-clerk/test/mains-reasoning-computer-aptitude-sectional-2","sectional test","sbi clerk mains reasoning ability & computer aptitude mock test 2","SERP-verified 2026-09-09","","","","SBI Clerk Mains Reasoning Ability & Computer Aptitude Mock Test 2","SBI Clerk Mains Reasoning Ability & Computer Aptitude Mock Test 2"
"https://takemocktest.com/in/rrb-je","exam hub","rrb junior engineer","Reasoned, not yet SERP-checked","","","","RRB Junior Engineer","RRB Junior Engineer: Free Mock Tests & Exam Pattern"
"https://takemocktest.com/in/rrb-je/mock-test","mock-test","rrb je (junior engineer) mock test 2026","Reasoned, not yet SERP-checked","","","","RRB JE (Junior Engineer) Mock Test 2026","RRB JE Mock Test 2026: Free CBT 1 & CBT 2 Tests"
"https://takemocktest.com/in/rrb-je/exam-pattern","exam-pattern","rrb junior engineer exam pattern","Reasoned, not yet SERP-checked","","","","RRB Junior Engineer Exam Pattern","RRB Junior Engineer Exam Pattern 2026: Marks & Duration"
"https://takemocktest.com/in/rrb-je/test/cbt1-full-mock-1","full mock test","rrb junior engineer cbt 1 full mock test 1","Class GSC-observed, this URL not yet in GSC","","","","RRB Junior Engineer CBT 1 Full Mock Test 1","RRB Junior Engineer CBT 1 Full Mock Test 1 (CEN No. 05/2025)"
"https://takemocktest.com/in/rrb-je/test/cbt1-mathematics-sectional-1","sectional test","rrb junior engineer cbt 1 mathematics mock test 1","SERP-verified 2026-09-09","","","","RRB Junior Engineer CBT 1 Mathematics Mock Test 1","RRB Junior Engineer CBT 1 Mathematics Mock Test 1"
"https://takemocktest.com/in/rrb-je/test/cbt1-general-intelligence-reasoning-sectional-1","sectional test","rrb junior engineer cbt 1 general intelligence and reasoning mock test 1","SERP-verified 2026-09-09","","","","RRB Junior Engineer CBT 1 General Intelligence and Reasoning Mock Test 1","RRB Junior Engineer CBT 1 General Intelligence and Reasoning Mock Test 1"
"https://takemocktest.com/in/rrb-je/test/cbt1-general-awareness-sectional-1","sectional test","rrb junior engineer cbt 1 general awareness mock test 1","SERP-verified 2026-09-09","","","","RRB Junior Engineer CBT 1 General Awareness Mock Test 1","RRB Junior Engineer CBT 1 General Awareness Mock Test 1"
"https://takemocktest.com/in/rrb-je/test/cbt1-general-science-sectional-1","sectional test","rrb junior engineer cbt 1 general science mock test 1","SERP-verified 2026-09-09","","","","RRB Junior Engineer CBT 1 General Science Mock Test 1","RRB Junior Engineer CBT 1 General Science Mock Test 1"
"https://takemocktest.com/in/rrb-je/test/cbt1-full-mock-2","full mock test","rrb junior engineer cbt 1 full mock test 2","Class GSC-observed, this URL not yet in GSC","","","","RRB Junior Engineer CBT 1 Full Mock Test 2","RRB Junior Engineer CBT 1 Full Mock Test 2 (CEN No. 05/2025)"
"https://takemocktest.com/in/rrb-je/test/cbt1-mathematics-sectional-2","sectional test","rrb junior engineer cbt 1 mathematics mock test 2","SERP-verified 2026-09-09","","","","RRB Junior Engineer CBT 1 Mathematics Mock Test 2","RRB Junior Engineer CBT 1 Mathematics Mock Test 2"
"https://takemocktest.com/in/rrb-je/test/cbt1-general-intelligence-reasoning-sectional-2","sectional test","rrb junior engineer cbt 1 general intelligence and reasoning mock test 2","SERP-verified 2026-09-09","","","","RRB Junior Engineer CBT 1 General Intelligence and Reasoning Mock Test 2","RRB Junior Engineer CBT 1 General Intelligence and Reasoning Mock Test 2"
"https://takemocktest.com/in/rrb-je/test/cbt1-general-awareness-sectional-2","sectional test","rrb junior engineer cbt 1 general awareness mock test 2","SERP-verified 2026-09-09","","","","RRB Junior Engineer CBT 1 General Awareness Mock Test 2","RRB Junior Engineer CBT 1 General Awareness Mock Test 2"
"https://takemocktest.com/in/rrb-je/test/cbt1-general-science-sectional-2","sectional test","rrb junior engineer cbt 1 general science mock test 2","SERP-verified 2026-09-09","","","","RRB Junior Engineer CBT 1 General Science Mock Test 2","RRB Junior Engineer CBT 1 General Science Mock Test 2"
"https://takemocktest.com/in/rrb-je/test/cbt2-full-mock-civil-1","full mock test","rrb junior engineer cbt 2 full mock test 1 (civil engineering)","Class GSC-observed, this URL not yet in GSC","","","","RRB Junior Engineer CBT 2 Full Mock Test 1 (Civil Engineering)","RRB Junior Engineer CBT 2 Full Mock Test 1 (Civil Engineering)"
"https://takemocktest.com/in/rrb-je/test/cbt2-technical-abilities-civil-sectional-1","sectional test","rrb junior engineer cbt 2 technical abilities (civil engineering) mock test 1","SERP-verified 2026-09-09","","","","RRB Junior Engineer CBT 2 Technical Abilities (Civil Engineering) Mock Test 1","RRB Junior Engineer CBT 2 Technical Abilities (Civil Engineering) Mock Test 1"
"https://takemocktest.com/in/rrb-je/test/cbt2-full-mock-mechanical-1","full mock test","rrb junior engineer cbt 2 full mock test 1 (mechanical engineering)","Class GSC-observed, this URL not yet in GSC","","","","RRB Junior Engineer CBT 2 Full Mock Test 1 (Mechanical Engineering)","RRB Junior Engineer CBT 2 Full Mock Test 1 (Mechanical Engineering)"
"https://takemocktest.com/in/rrb-je/test/cbt2-technical-abilities-mechanical-sectional-1","sectional test","rrb junior engineer cbt 2 technical abilities (mechanical engineering) mock test 1","SERP-verified 2026-09-09","","","","RRB Junior Engineer CBT 2 Technical Abilities (Mechanical Engineering) Mock Test 1","RRB Junior Engineer CBT 2 Technical Abilities (Mechanical Engineering) Mock Test 1"
"https://takemocktest.com/in/rrb-je/test/cbt2-physics-chemistry-sectional-1","sectional test","rrb junior engineer cbt 2 physics and chemistry mock test 1","SERP-verified 2026-09-09","","","","RRB Junior Engineer CBT 2 Physics and Chemistry Mock Test 1","RRB Junior Engineer CBT 2 Physics and Chemistry Mock Test 1"
"https://takemocktest.com/in/rrb-je/test/cbt2-computers-sectional-1","sectional test","rrb junior engineer cbt 2 basics of computers and applications mock test 1","SERP-verified 2026-09-09","","","","RRB Junior Engineer CBT 2 Basics of Computers and Applications Mock Test 1","RRB Junior Engineer CBT 2 Basics of Computers and Applications Mock Test 1"
"https://takemocktest.com/in/rrb-je/test/cbt2-environment-sectional-1","sectional test","rrb junior engineer cbt 2 basics of environment and pollution control mock test 1","SERP-verified 2026-09-09","","","","RRB Junior Engineer CBT 2 Basics of Environment and Pollution Control Mock Test 1","RRB Junior Engineer CBT 2 Basics of Environment and Pollution Control Mock Test 1"
"https://takemocktest.com/in/rrb-je/test/cbt2-full-mock-civil-2","full mock test","rrb junior engineer cbt 2 full mock test 2 (civil engineering)","Class GSC-observed, this URL not yet in GSC","","","","RRB Junior Engineer CBT 2 Full Mock Test 2 (Civil Engineering)","RRB Junior Engineer CBT 2 Full Mock Test 2 (Civil Engineering)"
"https://takemocktest.com/in/rrb-je/test/cbt2-full-mock-mechanical-2","full mock test","rrb junior engineer cbt 2 full mock test 2 (mechanical engineering)","Class GSC-observed, this URL not yet in GSC","","","","RRB Junior Engineer CBT 2 Full Mock Test 2 (Mechanical Engineering)","RRB Junior Engineer CBT 2 Full Mock Test 2 (Mechanical Engineering)"
"https://takemocktest.com/in/rrb-je/test/cbt2-physics-chemistry-sectional-2","sectional test","rrb junior engineer cbt 2 physics and chemistry mock test 2","SERP-verified 2026-09-09","","","","RRB Junior Engineer CBT 2 Physics and Chemistry Mock Test 2","RRB Junior Engineer CBT 2 Physics and Chemistry Mock Test 2"
"https://takemocktest.com/in/rrb-je/test/cbt2-computers-sectional-2","sectional test","rrb junior engineer cbt 2 basics of computers and applications mock test 2","SERP-verified 2026-09-09","","","","RRB Junior Engineer CBT 2 Basics of Computers and Applications Mock Test 2","RRB Junior Engineer CBT 2 Basics of Computers and Applications Mock Test 2"
"https://takemocktest.com/in/rrb-je/test/cbt2-environment-sectional-2","sectional test","rrb junior engineer cbt 2 basics of environment and pollution control mock test 2","SERP-verified 2026-09-09","","","","RRB Junior Engineer CBT 2 Basics of Environment and Pollution Control Mock Test 2","RRB Junior Engineer CBT 2 Basics of Environment and Pollution Control Mock Test 2"
"https://takemocktest.com/in/upsc-cse","exam hub","upsc cse","Reasoned, not yet SERP-checked","","","","UPSC CSE","UPSC CSE: Free Mock Tests & Exam Pattern | TakeMockTest"
"https://takemocktest.com/in/upsc-cse/mock-test","mock-test","upsc cse mock test 2026","Reasoned, not yet SERP-checked","","","","UPSC CSE Mock Test 2026","UPSC CSE Mock Test 2026, Practice Free Test Series"
"https://takemocktest.com/in/upsc-cse/exam-pattern","exam-pattern","upsc cse exam pattern","Reasoned, not yet SERP-checked","","","","UPSC CSE Exam Pattern","UPSC CSE Exam Pattern 2026: Marks & Duration | TakeMockTest"
"https://takemocktest.com/in/upsc-cse/syllabus","syllabus","upsc cse prelims syllabus","SERP-verified 2026-09-09","","","","UPSC CSE Prelims Syllabus 2026","UPSC CSE Syllabus 2026: GS Paper I & CSAT Topics"
"https://takemocktest.com/in/upsc-cse/test/paper-1-full-mock-1","full mock test","upsc cse gs paper i full mock test 1","Class GSC-observed, this URL not yet in GSC","","","","UPSC CSE GS Paper I Full Mock Test 1","UPSC CSE GS Paper I Full Mock Test 1 (CSE 2026)"
"https://takemocktest.com/in/upsc-cse/test/paper-1-history-sectional-1","sectional test","upsc cse gs paper i history mock test 1","SERP-verified 2026-09-09","","","","UPSC CSE GS Paper I History Mock Test 1","UPSC CSE GS Paper I History Mock Test 1: Free Practice"
"https://takemocktest.com/in/upsc-cse/test/paper-1-geography-sectional-1","sectional test","upsc cse gs paper i geography mock test 1","SERP-verified 2026-09-09","","","","UPSC CSE GS Paper I Geography Mock Test 1","UPSC CSE GS Paper I Geography Mock Test 1: Free Practice"
"https://takemocktest.com/in/upsc-cse/test/paper-1-polity-sectional-1","sectional test","upsc cse gs paper i polity mock test 1","SERP-verified 2026-09-09","","","","UPSC CSE GS Paper I Polity Mock Test 1","UPSC CSE GS Paper I Polity Mock Test 1: Free Practice"
"https://takemocktest.com/in/upsc-cse/test/paper-1-economy-sectional-1","sectional test","upsc cse gs paper i economy mock test 1","SERP-verified 2026-09-09","","","","UPSC CSE GS Paper I Economy Mock Test 1","UPSC CSE GS Paper I Economy Mock Test 1: Free Practice"
"https://takemocktest.com/in/upsc-cse/test/paper-1-environment-sectional-1","sectional test","upsc cse gs paper i environment mock test 1","SERP-verified 2026-09-09","","","","UPSC CSE GS Paper I Environment Mock Test 1","UPSC CSE GS Paper I Environment Mock Test 1: Free Practice"
"https://takemocktest.com/in/upsc-cse/test/paper-1-science-sectional-1","sectional test","upsc cse gs paper i science mock test 1","SERP-verified 2026-09-09","","","","UPSC CSE GS Paper I Science Mock Test 1","UPSC CSE GS Paper I Science Mock Test 1: Free Practice"
"https://takemocktest.com/in/upsc-cse/test/paper-1-current-affairs-sectional-1","sectional test","upsc cse gs paper i current affairs mock test 1","SERP-verified 2026-09-09","","","","UPSC CSE GS Paper I Current Affairs Mock Test 1","UPSC CSE GS Paper I Current Affairs Mock Test 1"
"https://takemocktest.com/in/upsc-cse/test/paper-2-full-mock-1","full mock test","upsc cse csat full mock test 1","Class GSC-observed, this URL not yet in GSC","","","","UPSC CSE CSAT Full Mock Test 1","UPSC CSE CSAT Full Mock Test 1 (CSE 2026): Free Online Test"
"https://takemocktest.com/in/upsc-cse/test/paper-2-comprehension-sectional-1","sectional test","upsc cse csat (paper ii) comprehension mock test 1","SERP-verified 2026-09-09","","","","UPSC CSE CSAT (Paper II) Comprehension Mock Test 1","UPSC CSE CSAT (Paper II) Comprehension Mock Test 1"
"https://takemocktest.com/in/upsc-cse/test/paper-2-logical-reasoning-sectional-1","sectional test","upsc cse csat (paper ii) logical reasoning mock test 1","SERP-verified 2026-09-09","","","","UPSC CSE CSAT (Paper II) Logical Reasoning Mock Test 1","UPSC CSE CSAT (Paper II) Logical Reasoning Mock Test 1"
"https://takemocktest.com/in/upsc-cse/test/paper-2-numeracy-data-interpretation-sectional-1","sectional test","upsc cse csat (paper ii) numeracy and data interpretation mock test 1","SERP-verified 2026-09-09","","","","UPSC CSE CSAT (Paper II) Numeracy and Data Interpretation Mock Test 1","UPSC CSE CSAT (Paper II) Numeracy and Data Interpretation Mock Test 1"
"https://takemocktest.com/in/ssc-cpo","exam hub","ssc cpo","Reasoned, not yet SERP-checked","","","","SSC CPO","SSC CPO: Free Mock Tests & Exam Pattern | TakeMockTest"
"https://takemocktest.com/in/ssc-cpo/mock-test","mock-test","ssc cpo mock test 2026","Reasoned, not yet SERP-checked","","","","SSC CPO Mock Test 2026","SSC CPO Mock Test 2026, Practice Free Test Series"
"https://takemocktest.com/in/ssc-cpo/exam-pattern","exam-pattern","ssc cpo exam pattern","Reasoned, not yet SERP-checked","","","","SSC CPO Exam Pattern","SSC CPO Exam Pattern 2026: Marks & Duration | TakeMockTest"
"https://takemocktest.com/in/ssc-cpo/syllabus","syllabus","ssc cpo syllabus","SERP-verified 2026-09-09","","","","SSC CPO Syllabus 2025: Paper 1","SSC CPO Syllabus 2025: Paper 1 Section-wise Topics"
"https://takemocktest.com/in/ssc-cpo/eligibility","eligibility","ssc cpo eligibility","Reasoned, not yet SERP-checked","","","","SSC CPO Eligibility 2025","SSC CPO Eligibility 2025: Age, Qualification and Relaxation"
"https://takemocktest.com/in/ssc-cpo/selection-process","selection-process","ssc cpo selection process","Reasoned, not yet SERP-checked","","","","SSC CPO Selection Process 2025","SSC CPO Selection Process 2025: Paper 1 to Final Allocation"
"https://takemocktest.com/in/ssc-cpo/test/paper-1-full-mock-1","full mock test","ssc cpo paper 1 full mock test 1","Class GSC-observed, this URL not yet in GSC","","","","SSC CPO Paper 1 Full Mock Test 1","SSC CPO Paper 1 Full Mock Test 1 (SSC CPO 2025)"
"https://takemocktest.com/in/ssc-cpo/test/paper-1-general-intelligence-reasoning-sectional-1","sectional test","ssc cpo paper 1 general intelligence and reasoning mock test 1","SERP-verified 2026-09-09","","","","SSC CPO Paper 1 General Intelligence and Reasoning Mock Test 1","SSC CPO Paper 1 General Intelligence and Reasoning Mock Test 1"
"https://takemocktest.com/in/ssc-cpo/test/paper-1-general-knowledge-general-awareness-sectional-1","sectional test","ssc cpo paper 1 general knowledge and general awareness mock test 1","SERP-verified 2026-09-09","","","","SSC CPO Paper 1 General Knowledge and General Awareness Mock Test 1","SSC CPO Paper 1 General Knowledge and General Awareness Mock Test 1"
"https://takemocktest.com/in/ssc-cpo/test/paper-1-quantitative-aptitude-sectional-1","sectional test","ssc cpo paper 1 quantitative aptitude mock test 1","SERP-verified 2026-09-09","","","","SSC CPO Paper 1 Quantitative Aptitude Mock Test 1","SSC CPO Paper 1 Quantitative Aptitude Mock Test 1"
"https://takemocktest.com/in/ssc-cpo/test/paper-1-english-comprehension-sectional-1","sectional test","ssc cpo paper 1 english comprehension mock test 1","SERP-verified 2026-09-09","","","","SSC CPO Paper 1 English Comprehension Mock Test 1","SSC CPO Paper 1 English Comprehension Mock Test 1"
"https://takemocktest.com/in/ssc-cpo/test/paper-1-full-mock-2","full mock test","ssc cpo paper 1 full mock test 2","Class GSC-observed, this URL not yet in GSC","","","","SSC CPO Paper 1 Full Mock Test 2","SSC CPO Paper 1 Full Mock Test 2 (SSC CPO 2025)"
"https://takemocktest.com/in/ssc-cpo/test/paper-1-general-intelligence-reasoning-sectional-2","sectional test","ssc cpo paper 1 general intelligence and reasoning mock test 2","SERP-verified 2026-09-09","","","","SSC CPO Paper 1 General Intelligence and Reasoning Mock Test 2","SSC CPO Paper 1 General Intelligence and Reasoning Mock Test 2"
"https://takemocktest.com/in/ssc-cpo/test/paper-1-general-knowledge-general-awareness-sectional-2","sectional test","ssc cpo paper 1 general knowledge and general awareness mock test 2","SERP-verified 2026-09-09","","","","SSC CPO Paper 1 General Knowledge and General Awareness Mock Test 2","SSC CPO Paper 1 General Knowledge and General Awareness Mock Test 2"
"https://takemocktest.com/in/ssc-cpo/test/paper-1-quantitative-aptitude-sectional-2","sectional test","ssc cpo paper 1 quantitative aptitude mock test 2","SERP-verified 2026-09-09","","","","SSC CPO Paper 1 Quantitative Aptitude Mock Test 2","SSC CPO Paper 1 Quantitative Aptitude Mock Test 2"
"https://takemocktest.com/in/ssc-cpo/test/paper-1-english-comprehension-sectional-2","sectional test","ssc cpo paper 1 english comprehension mock test 2","SERP-verified 2026-09-09","","","","SSC CPO Paper 1 English Comprehension Mock Test 2","SSC CPO Paper 1 English Comprehension Mock Test 2"
"https://takemocktest.com/in/ssc-cpo/test/paper-2-full-mock-1","full mock test","ssc cpo paper 2 full mock test 1","Class GSC-observed, this URL not yet in GSC","","","","SSC CPO Paper 2 Full Mock Test 1","SSC CPO Paper 2 Full Mock Test 1 (SSC CPO 2025)"
"https://takemocktest.com/in/ssc-cpo/test/paper-2-english-language-comprehension-sectional-1","sectional test","ssc cpo paper 2 english language and comprehension mock test 1","SERP-verified 2026-09-09","","","","SSC CPO Paper 2 English Language and Comprehension Mock Test 1","SSC CPO Paper 2 English Language and Comprehension Mock Test 1"
"https://takemocktest.com/in/ssc-je","exam hub","ssc junior engineer","Reasoned, not yet SERP-checked","","","","SSC Junior Engineer","SSC Junior Engineer: Free Mock Tests & Exam Pattern"
"https://takemocktest.com/in/ssc-je/mock-test","mock-test","ssc junior engineer mock test 2026","Reasoned, not yet SERP-checked","","","","SSC Junior Engineer Mock Test 2026","SSC Junior Engineer Mock Test 2026, Practice Free Test Series"
"https://takemocktest.com/in/ssc-je/exam-pattern","exam-pattern","ssc junior engineer exam pattern","Reasoned, not yet SERP-checked","","","","SSC Junior Engineer Exam Pattern","SSC Junior Engineer Exam Pattern 2026: Marks & Duration"
"https://takemocktest.com/in/ssc-je/test/paper-1-full-mock-1","full mock test","ssc junior engineer paper i full mock test 1","Class GSC-observed, this URL not yet in GSC","","","","SSC Junior Engineer Paper I Full Mock Test 1","SSC Junior Engineer Paper I Full Mock Test 1 (SSC JE 2025)"
"https://takemocktest.com/in/ssc-je/test/paper-1-general-intelligence-reasoning-sectional-1","sectional test","ssc junior engineer general intelligence and reasoning mock test 1","SERP-verified 2026-09-09","","","","SSC Junior Engineer General Intelligence and Reasoning Mock Test 1","SSC Junior Engineer General Intelligence and Reasoning Mock Test 1"
"https://takemocktest.com/in/ssc-je/test/paper-1-general-awareness-sectional-1","sectional test","ssc junior engineer general awareness mock test 1","SERP-verified 2026-09-09","","","","SSC Junior Engineer General Awareness Mock Test 1","SSC Junior Engineer General Awareness Mock Test 1"
"https://takemocktest.com/in/ssc-je/test/paper-1-full-mock-2","full mock test","ssc junior engineer paper i full mock test 2","Class GSC-observed, this URL not yet in GSC","","","","SSC Junior Engineer Paper I Full Mock Test 2","SSC Junior Engineer Paper I Full Mock Test 2 (SSC JE 2025)"
"https://takemocktest.com/in/ssc-je/test/paper-1-general-intelligence-reasoning-sectional-2","sectional test","ssc junior engineer general intelligence and reasoning mock test 2","SERP-verified 2026-09-09","","","","SSC Junior Engineer General Intelligence and Reasoning Mock Test 2","SSC Junior Engineer General Intelligence and Reasoning Mock Test 2"
"https://takemocktest.com/in/ssc-je/test/paper-1-general-awareness-sectional-2","sectional test","ssc junior engineer general awareness mock test 2","SERP-verified 2026-09-09","","","","SSC Junior Engineer General Awareness Mock Test 2","SSC Junior Engineer General Awareness Mock Test 2"
"https://takemocktest.com/in/ssc-steno","exam hub","ssc stenographer grade c & d","Reasoned, not yet SERP-checked","","","","SSC Stenographer Grade C & D","SSC Stenographer Grade C & D: Free Mock Tests & Exam Pattern"
"https://takemocktest.com/in/ssc-steno/mock-test","mock-test","ssc stenographer grade c & d mock test 2026","Reasoned, not yet SERP-checked","","","","SSC Stenographer Grade C & D Mock Test 2026","SSC Stenographer Mock Test 2026, Practice Free Test Series"
"https://takemocktest.com/in/ssc-steno/exam-pattern","exam-pattern","ssc stenographer grade c & d exam pattern","Reasoned, not yet SERP-checked","","","","SSC Stenographer Grade C & D Exam Pattern","SSC Stenographer Grade C & D Exam Pattern 2026: Marks & Duration"
"https://takemocktest.com/in/ssc-steno/test/cbt-full-mock-1","full mock test","ssc stenographer grade c & d cbt full mock test 1","Class GSC-observed, this URL not yet in GSC","","","","SSC Stenographer Grade C & D CBT Full Mock Test 1","SSC Stenographer Grade C & D CBT Full Mock Test 1"
"https://takemocktest.com/in/ssc-steno/test/cbt-general-intelligence-reasoning-sectional-1","sectional test","ssc stenographer grade c & d general intelligence and reasoning mock test 1","SERP-verified 2026-09-09","","","","SSC Stenographer Grade C & D General Intelligence and Reasoning Mock Test 1","SSC Stenographer Grade C & D General Intelligence and Reasoning Mock Test 1"
"https://takemocktest.com/in/ssc-steno/test/cbt-general-awareness-sectional-1","sectional test","ssc stenographer grade c & d general awareness mock test 1","SERP-verified 2026-09-09","","","","SSC Stenographer Grade C & D General Awareness Mock Test 1","SSC Stenographer Grade C & D General Awareness Mock Test 1"
"https://takemocktest.com/in/ssc-steno/test/cbt-english-language-comprehension-sectional-1","sectional test","ssc stenographer grade c & d english language and comprehension mock test 1","SERP-verified 2026-09-09","","","","SSC Stenographer Grade C & D English Language and Comprehension Mock Test 1","SSC Stenographer Grade C & D English Language and Comprehension Mock Test 1"
"https://takemocktest.com/in/ssc-steno/test/cbt-full-mock-2","full mock test","ssc stenographer grade c & d cbt full mock test 2","Class GSC-observed, this URL not yet in GSC","","","","SSC Stenographer Grade C & D CBT Full Mock Test 2","SSC Stenographer Grade C & D CBT Full Mock Test 2"
"https://takemocktest.com/in/ssc-steno/test/cbt-general-intelligence-reasoning-sectional-2","sectional test","ssc stenographer grade c & d general intelligence and reasoning mock test 2","SERP-verified 2026-09-09","","","","SSC Stenographer Grade C & D General Intelligence and Reasoning Mock Test 2","SSC Stenographer Grade C & D General Intelligence and Reasoning Mock Test 2"
"https://takemocktest.com/in/ssc-steno/test/cbt-general-awareness-sectional-2","sectional test","ssc stenographer grade c & d general awareness mock test 2","SERP-verified 2026-09-09","","","","SSC Stenographer Grade C & D General Awareness Mock Test 2","SSC Stenographer Grade C & D General Awareness Mock Test 2"
"https://takemocktest.com/in/ssc-steno/test/cbt-english-language-comprehension-sectional-2","sectional test","ssc stenographer grade c & d english language and comprehension mock test 2","SERP-verified 2026-09-09","","","","SSC Stenographer Grade C & D English Language and Comprehension Mock Test 2","SSC Stenographer Grade C & D English Language and Comprehension Mock Test 2"
"https://takemocktest.com/in/ibps-so","exam hub","ibps so","Reasoned, not yet SERP-checked","","","","IBPS SO","IBPS SO: Free Mock Tests & Exam Pattern | TakeMockTest"
"https://takemocktest.com/in/ibps-so/mock-test","mock-test","ibps so mock test 2026","Reasoned, not yet SERP-checked","","","","IBPS SO Mock Test 2026","IBPS SO Mock Test 2026, Practice Free Test Series"
"https://takemocktest.com/in/ibps-so/exam-pattern","exam-pattern","ibps so exam pattern","Reasoned, not yet SERP-checked","","","","IBPS SO Exam Pattern","IBPS SO Exam Pattern 2026: Marks & Duration | TakeMockTest"
"https://takemocktest.com/in/ibps-so/test/prelims-full-mock-1","full mock test","ibps so prelims full mock test 1","Class GSC-observed, this URL not yet in GSC","","","","IBPS SO Prelims Full Mock Test 1","IBPS SO Prelims Full Mock Test 1 (CRP SPL-XV) | TakeMockTest"
"https://takemocktest.com/in/ibps-so/test/prelims-english-language-sectional-1","sectional test","ibps so prelims english language mock test 1","SERP-verified 2026-09-09","","","","IBPS SO Prelims English Language Mock Test 1","IBPS SO Prelims English Language Mock Test 1: Free Practice"
"https://takemocktest.com/in/ibps-so/test/prelims-reasoning-sectional-1","sectional test","ibps so prelims reasoning mock test 1","SERP-verified 2026-09-09","","","","IBPS SO Prelims Reasoning Mock Test 1","IBPS SO Prelims Reasoning Mock Test 1: Free Practice"
"https://takemocktest.com/in/ibps-so/test/prelims-quantitative-aptitude-sectional-1","sectional test","ibps so prelims quantitative aptitude mock test 1","SERP-verified 2026-09-09","","","","IBPS SO Prelims Quantitative Aptitude Mock Test 1","IBPS SO Prelims Quantitative Aptitude Mock Test 1"
"https://takemocktest.com/in/ibps-so/test/prelims-full-mock-2","full mock test","ibps so prelims full mock test 2","Class GSC-observed, this URL not yet in GSC","","","","IBPS SO Prelims Full Mock Test 2","IBPS SO Prelims Full Mock Test 2 (CRP SPL-XV) | TakeMockTest"
"https://takemocktest.com/in/ibps-so/test/prelims-english-language-sectional-2","sectional test","ibps so prelims english language mock test 2","SERP-verified 2026-09-09","","","","IBPS SO Prelims English Language Mock Test 2","IBPS SO Prelims English Language Mock Test 2: Free Practice"
"https://takemocktest.com/in/ibps-so/test/prelims-reasoning-sectional-2","sectional test","ibps so prelims reasoning mock test 2","SERP-verified 2026-09-09","","","","IBPS SO Prelims Reasoning Mock Test 2","IBPS SO Prelims Reasoning Mock Test 2: Free Practice"
"https://takemocktest.com/in/ibps-so/test/prelims-quantitative-aptitude-sectional-2","sectional test","ibps so prelims quantitative aptitude mock test 2","SERP-verified 2026-09-09","","","","IBPS SO Prelims Quantitative Aptitude Mock Test 2","IBPS SO Prelims Quantitative Aptitude Mock Test 2"
"https://takemocktest.com/in/ibps-so/test/mains-full-mock-1","full mock test","ibps so mains full mock test 1 (it officer)","Class GSC-observed, this URL not yet in GSC","","","","IBPS SO Mains Full Mock Test 1 (IT Officer)","IBPS SO Mains Full Mock Test 1 (IT Officer) (2026)"
"https://takemocktest.com/in/ibps-so/test/mains-english-sectional-1","sectional test","ibps so mains english language mock test 1","SERP-verified 2026-09-09","","","","IBPS SO Mains English Language Mock Test 1","IBPS SO Mains English Language Mock Test 1: Free Practice"
"https://takemocktest.com/in/ibps-so/test/mains-reasoning-sectional-1","sectional test","ibps so mains reasoning mock test 1","SERP-verified 2026-09-09","","","","IBPS SO Mains Reasoning Mock Test 1","IBPS SO Mains Reasoning Mock Test 1: Free Practice"
"https://takemocktest.com/in/ibps-so/test/mains-quantitative-aptitude-sectional-1","sectional test","ibps so mains quantitative aptitude mock test 1","SERP-verified 2026-09-09","","","","IBPS SO Mains Quantitative Aptitude Mock Test 1","IBPS SO Mains Quantitative Aptitude Mock Test 1"
"https://takemocktest.com/in/ibps-so/test/mains-professional-knowledge-it-sectional-1","sectional test","ibps so mains professional knowledge (it officer) mock test 1","SERP-verified 2026-09-09","","","","IBPS SO Mains Professional Knowledge (IT Officer) Mock Test 1","IBPS SO Mains Professional Knowledge (IT Officer) Mock Test 1"
"https://takemocktest.com/in/ibps-so/test/mains-full-mock-2","full mock test","ibps so mains full mock test 2 (it officer)","Class GSC-observed, this URL not yet in GSC","","","","IBPS SO Mains Full Mock Test 2 (IT Officer)","IBPS SO Mains Full Mock Test 2 (IT Officer) (2026)"
"https://takemocktest.com/in/ibps-so/test/mains-english-sectional-2","sectional test","ibps so mains english language mock test 2","SERP-verified 2026-09-09","","","","IBPS SO Mains English Language Mock Test 2","IBPS SO Mains English Language Mock Test 2: Free Practice"
"https://takemocktest.com/in/ibps-so/test/mains-reasoning-sectional-2","sectional test","ibps so mains reasoning mock test 2","SERP-verified 2026-09-09","","","","IBPS SO Mains Reasoning Mock Test 2","IBPS SO Mains Reasoning Mock Test 2: Free Practice"
"https://takemocktest.com/in/ibps-so/test/mains-quantitative-aptitude-sectional-2","sectional test","ibps so mains quantitative aptitude mock test 2","SERP-verified 2026-09-09","","","","IBPS SO Mains Quantitative Aptitude Mock Test 2","IBPS SO Mains Quantitative Aptitude Mock Test 2"
"https://takemocktest.com/in/ibps-so/test/mains-full-mock-agriculture-1","full mock test","ibps so mains full mock test 1 (agriculture field officer)","Class GSC-observed, this URL not yet in GSC","","","","IBPS SO Mains Full Mock Test 1 (Agriculture Field Officer)","IBPS SO Mains Full Mock Test 1 (Agriculture Field Officer)"
"https://takemocktest.com/in/ibps-so/test/mains-professional-knowledge-agriculture-sectional-1","sectional test","ibps so mains professional knowledge (agriculture field officer) mock test 1","SERP-verified 2026-09-09","","","","IBPS SO Mains Professional Knowledge (Agriculture Field Officer) Mock Test 1","IBPS SO Mains Professional Knowledge (Agriculture Field Officer) Mock Test 1"
"https://takemocktest.com/in/ibps-so/test/mains-full-mock-agriculture-2","full mock test","ibps so mains full mock test 2 (agriculture field officer)","Class GSC-observed, this URL not yet in GSC","","","","IBPS SO Mains Full Mock Test 2 (Agriculture Field Officer)","IBPS SO Mains Full Mock Test 2 (Agriculture Field Officer)"
"https://takemocktest.com/in/ibps-so/test/mains-full-mock-hr-1","full mock test","ibps so mains full mock test 1 (hr/personnel officer)","Class GSC-observed, this URL not yet in GSC","","","","IBPS SO Mains Full Mock Test 1 (HR/Personnel Officer)","IBPS SO Mains Full Mock Test 1 (HR/Personnel Officer) (2026)"
"https://takemocktest.com/in/ibps-so/test/mains-professional-knowledge-hr-sectional-1","sectional test","ibps so mains professional knowledge (hr/personnel officer) mock test 1","SERP-verified 2026-09-09","","","","IBPS SO Mains Professional Knowledge (HR/Personnel Officer) Mock Test 1","IBPS SO Mains Professional Knowledge (HR/Personnel Officer) Mock Test 1"
"https://takemocktest.com/in/ibps-so/test/mains-full-mock-hr-2","full mock test","ibps so mains full mock test 2 (hr/personnel officer)","Class GSC-observed, this URL not yet in GSC","","","","IBPS SO Mains Full Mock Test 2 (HR/Personnel Officer)","IBPS SO Mains Full Mock Test 2 (HR/Personnel Officer) (2026)"
"https://takemocktest.com/in/ibps-so/test/mains-full-mock-marketing-1","full mock test","ibps so mains full mock test 1 (marketing officer)","Class GSC-observed, this URL not yet in GSC","","","","IBPS SO Mains Full Mock Test 1 (Marketing Officer)","IBPS SO Mains Full Mock Test 1 (Marketing Officer) (2026)"
"https://takemocktest.com/in/ibps-so/test/mains-professional-knowledge-marketing-sectional-1","sectional test","ibps so mains professional knowledge (marketing officer) mock test 1","SERP-verified 2026-09-09","","","","IBPS SO Mains Professional Knowledge (Marketing Officer) Mock Test 1","IBPS SO Mains Professional Knowledge (Marketing Officer) Mock Test 1"
"https://takemocktest.com/in/ibps-so/test/mains-full-mock-marketing-2","full mock test","ibps so mains full mock test 2 (marketing officer)","Class GSC-observed, this URL not yet in GSC","","","","IBPS SO Mains Full Mock Test 2 (Marketing Officer)","IBPS SO Mains Full Mock Test 2 (Marketing Officer) (2026)"
"https://takemocktest.com/in/rbi-grade-b","exam hub","rbi grade b","Reasoned, not yet SERP-checked","","","","RBI Grade B","RBI Grade B: Free Mock Tests & Exam Pattern | TakeMockTest"
"https://takemocktest.com/in/rbi-grade-b/mock-test","mock-test","rbi grade b mock test 2026","Reasoned, not yet SERP-checked","","","","RBI Grade B Mock Test 2026","RBI Grade B Mock Test 2026: Free Phase 1 Test Series"
"https://takemocktest.com/in/rbi-grade-b/exam-pattern","exam-pattern","rbi grade b exam pattern","Reasoned, not yet SERP-checked","","","","RBI Grade B Exam Pattern","RBI Grade B Exam Pattern 2026: Marks & Duration"
"https://takemocktest.com/in/rbi-grade-b/test/phase-1-full-mock-1","full mock test","rbi grade b phase i full mock test 1","Class GSC-observed, this URL not yet in GSC","","","","RBI Grade B Phase I Full Mock Test 1","RBI Grade B Phase I Full Mock Test 1 (RBISB/DA/03/2025-26)"
"https://takemocktest.com/in/rbi-grade-b/test/phase-1-general-awareness-sectional-1","sectional test","rbi grade b general awareness mock test 1","SERP-verified 2026-09-09","","","","RBI Grade B General Awareness Mock Test 1","RBI Grade B General Awareness Mock Test 1: Free Practice"
"https://takemocktest.com/in/rbi-grade-b/test/phase-1-english-language-sectional-1","sectional test","rbi grade b english language mock test 1","SERP-verified 2026-09-09","","","","RBI Grade B English Language Mock Test 1","RBI Grade B English Language Mock Test 1: Free Practice"
"https://takemocktest.com/in/rbi-grade-b/test/phase-1-quantitative-aptitude-sectional-1","sectional test","rbi grade b quantitative aptitude mock test 1","SERP-verified 2026-09-09","","","","RBI Grade B Quantitative Aptitude Mock Test 1","RBI Grade B Quantitative Aptitude Mock Test 1: Free Practice"
"https://takemocktest.com/in/rbi-grade-b/test/phase-1-reasoning-sectional-1","sectional test","rbi grade b reasoning mock test 1","SERP-verified 2026-09-09","","","","RBI Grade B Reasoning Mock Test 1","RBI Grade B Reasoning Mock Test 1: Free Practice"
"https://takemocktest.com/in/rbi-grade-b/test/phase-1-full-mock-2","full mock test","rbi grade b phase i full mock test 2","Class GSC-observed, this URL not yet in GSC","","","","RBI Grade B Phase I Full Mock Test 2","RBI Grade B Phase I Full Mock Test 2 (RBISB/DA/03/2025-26)"
"https://takemocktest.com/in/rbi-grade-b/test/phase-1-general-awareness-sectional-2","sectional test","rbi grade b general awareness mock test 2","SERP-verified 2026-09-09","","","","RBI Grade B General Awareness Mock Test 2","RBI Grade B General Awareness Mock Test 2: Free Practice"
"https://takemocktest.com/in/rbi-grade-b/test/phase-1-english-language-sectional-2","sectional test","rbi grade b english language mock test 2","SERP-verified 2026-09-09","","","","RBI Grade B English Language Mock Test 2","RBI Grade B English Language Mock Test 2: Free Practice"
"https://takemocktest.com/in/rbi-grade-b/test/phase-1-quantitative-aptitude-sectional-2","sectional test","rbi grade b quantitative aptitude mock test 2","SERP-verified 2026-09-09","","","","RBI Grade B Quantitative Aptitude Mock Test 2","RBI Grade B Quantitative Aptitude Mock Test 2: Free Practice"
"https://takemocktest.com/in/rbi-grade-b/test/phase-1-reasoning-sectional-2","sectional test","rbi grade b reasoning mock test 2","SERP-verified 2026-09-09","","","","RBI Grade B Reasoning Mock Test 2","RBI Grade B Reasoning Mock Test 2: Free Practice"
"https://takemocktest.com/in/nabard-grade-a","exam hub","nabard grade a","Reasoned, not yet SERP-checked","","","","NABARD Grade A","NABARD Grade A: Free Mock Tests & Exam Pattern"
"https://takemocktest.com/in/nabard-grade-a/mock-test","mock-test","nabard grade a mock test 2026","Reasoned, not yet SERP-checked","","","","NABARD Grade A Mock Test 2026","NABARD Grade A Mock Test 2026, Practice Free Test Series"
"https://takemocktest.com/in/nabard-grade-a/exam-pattern","exam-pattern","nabard grade a exam pattern","Reasoned, not yet SERP-checked","","","","NABARD Grade A Exam Pattern","NABARD Grade A Exam Pattern 2026: Marks & Duration"
"https://takemocktest.com/in/nabard-grade-a/test/phase-1-full-mock-1","full mock test","nabard grade a phase i full mock test 1","Class GSC-observed, this URL not yet in GSC","","","","NABARD Grade A Phase I Full Mock Test 1","NABARD Grade A Phase I Full Mock Test 1 | TakeMockTest"
"https://takemocktest.com/in/nabard-grade-a/test/phase-1-reasoning-sectional-1","sectional test","nabard grade a reasoning mock test 1","SERP-verified 2026-09-09","","","","NABARD Grade A Reasoning Mock Test 1","NABARD Grade A Reasoning Mock Test 1: Free Practice"
"https://takemocktest.com/in/nabard-grade-a/test/phase-1-english-language-sectional-1","sectional test","nabard grade a english language mock test 1","SERP-verified 2026-09-09","","","","NABARD Grade A English Language Mock Test 1","NABARD Grade A English Language Mock Test 1: Free Practice"
"https://takemocktest.com/in/nabard-grade-a/test/phase-1-computer-knowledge-sectional-1","sectional test","nabard grade a computer knowledge mock test 1","SERP-verified 2026-09-09","","","","NABARD Grade A Computer Knowledge Mock Test 1","NABARD Grade A Computer Knowledge Mock Test 1: Free Practice"
"https://takemocktest.com/in/nabard-grade-a/test/phase-1-quantitative-aptitude-sectional-1","sectional test","nabard grade a quantitative aptitude mock test 1","SERP-verified 2026-09-09","","","","NABARD Grade A Quantitative Aptitude Mock Test 1","NABARD Grade A Quantitative Aptitude Mock Test 1"
"https://takemocktest.com/in/nabard-grade-a/test/phase-1-decision-making-sectional-1","sectional test","nabard grade a decision making mock test 1","SERP-verified 2026-09-09","","","","NABARD Grade A Decision Making Mock Test 1","NABARD Grade A Decision Making Mock Test 1: Free Practice"
"https://takemocktest.com/in/nabard-grade-a/test/phase-1-general-awareness-sectional-1","sectional test","nabard grade a general awareness mock test 1","SERP-verified 2026-09-09","","","","NABARD Grade A General Awareness Mock Test 1","NABARD Grade A General Awareness Mock Test 1: Free Practice"
"https://takemocktest.com/in/nabard-grade-a/test/phase-1-economic-and-social-issues-sectional-1","sectional test","nabard grade a economic and social issues mock test 1","SERP-verified 2026-09-09","","","","NABARD Grade A Economic and Social Issues Mock Test 1","NABARD Grade A Economic and Social Issues Mock Test 1"
"https://takemocktest.com/in/nabard-grade-a/test/phase-1-agriculture-and-rural-development-sectional-1","sectional test","nabard grade a agriculture and rural development mock test 1","SERP-verified 2026-09-09","","","","NABARD Grade A Agriculture and Rural Development Mock Test 1","NABARD Grade A Agriculture and Rural Development Mock Test 1"
"https://takemocktest.com/in/nabard-grade-a/test/phase-1-full-mock-2","full mock test","nabard grade a phase i full mock test 2","Class GSC-observed, this URL not yet in GSC","","","","NABARD Grade A Phase I Full Mock Test 2","NABARD Grade A Phase I Full Mock Test 2 | TakeMockTest"
"https://takemocktest.com/in/nabard-grade-a/test/phase-1-reasoning-sectional-2","sectional test","nabard grade a reasoning mock test 2","SERP-verified 2026-09-09","","","","NABARD Grade A Reasoning Mock Test 2","NABARD Grade A Reasoning Mock Test 2: Free Practice"
"https://takemocktest.com/in/nabard-grade-a/test/phase-1-english-language-sectional-2","sectional test","nabard grade a english language mock test 2","SERP-verified 2026-09-09","","","","NABARD Grade A English Language Mock Test 2","NABARD Grade A English Language Mock Test 2: Free Practice"
"https://takemocktest.com/in/nabard-grade-a/test/phase-1-computer-knowledge-sectional-2","sectional test","nabard grade a computer knowledge mock test 2","SERP-verified 2026-09-09","","","","NABARD Grade A Computer Knowledge Mock Test 2","NABARD Grade A Computer Knowledge Mock Test 2: Free Practice"
"https://takemocktest.com/in/nabard-grade-a/test/phase-1-quantitative-aptitude-sectional-2","sectional test","nabard grade a quantitative aptitude mock test 2","SERP-verified 2026-09-09","","","","NABARD Grade A Quantitative Aptitude Mock Test 2","NABARD Grade A Quantitative Aptitude Mock Test 2"
"https://takemocktest.com/in/nabard-grade-a/test/phase-1-decision-making-sectional-2","sectional test","nabard grade a decision making mock test 2","SERP-verified 2026-09-09","","","","NABARD Grade A Decision Making Mock Test 2","NABARD Grade A Decision Making Mock Test 2: Free Practice"
"https://takemocktest.com/in/nabard-grade-a/test/phase-1-general-awareness-sectional-2","sectional test","nabard grade a general awareness mock test 2","SERP-verified 2026-09-09","","","","NABARD Grade A General Awareness Mock Test 2","NABARD Grade A General Awareness Mock Test 2: Free Practice"
"https://takemocktest.com/in/nabard-grade-a/test/phase-1-economic-and-social-issues-sectional-2","sectional test","nabard grade a economic and social issues mock test 2","SERP-verified 2026-09-09","","","","NABARD Grade A Economic and Social Issues Mock Test 2","NABARD Grade A Economic and Social Issues Mock Test 2"
"https://takemocktest.com/in/nabard-grade-a/test/phase-1-agriculture-and-rural-development-sectional-2","sectional test","nabard grade a agriculture and rural development mock test 2","SERP-verified 2026-09-09","","","","NABARD Grade A Agriculture and Rural Development Mock Test 2","NABARD Grade A Agriculture and Rural Development Mock Test 2"
"https://takemocktest.com/in/sebi-grade-a","exam hub","sebi grade a","Reasoned, not yet SERP-checked","","","","SEBI Grade A","SEBI Grade A: Free Mock Tests & Exam Pattern | TakeMockTest"
"https://takemocktest.com/in/sebi-grade-a/mock-test","mock-test","sebi grade a mock test 2026","Reasoned, not yet SERP-checked","","","","SEBI Grade A Mock Test 2026","SEBI Grade A Mock Test 2026, Practice Free Test Series"
"https://takemocktest.com/in/sebi-grade-a/exam-pattern","exam-pattern","sebi grade a exam pattern","Reasoned, not yet SERP-checked","","","","SEBI Grade A Exam Pattern","SEBI Grade A Exam Pattern 2026: Marks & Duration"
"https://takemocktest.com/in/sebi-grade-a/test/phase-1-paper-1-full-mock-1","full mock test","sebi grade a phase i paper 1 full mock test 1","Class GSC-observed, this URL not yet in GSC","","","","SEBI Grade A Phase I Paper 1 Full Mock Test 1","SEBI Grade A Phase I Paper 1 Full Mock Test 1 | TakeMockTest"
"https://takemocktest.com/in/sebi-grade-a/test/phase-1-paper-1-general-awareness-sectional-1","sectional test","sebi grade a phase i: paper 1 general awareness mock test 1","SERP-verified 2026-09-09","","","","SEBI Grade A Phase I: Paper 1 General Awareness Mock Test 1","SEBI Grade A Phase I: Paper 1 General Awareness Mock Test 1"
"https://takemocktest.com/in/sebi-grade-a/test/phase-1-paper-1-english-language-sectional-1","sectional test","sebi grade a phase i: paper 1 english language mock test 1","SERP-verified 2026-09-09","","","","SEBI Grade A Phase I: Paper 1 English Language Mock Test 1","SEBI Grade A Phase I: Paper 1 English Language Mock Test 1"
"https://takemocktest.com/in/sebi-grade-a/test/phase-1-paper-1-quantitative-aptitude-sectional-1","sectional test","sebi grade a phase i: paper 1 quantitative aptitude mock test 1","SERP-verified 2026-09-09","","","","SEBI Grade A Phase I: Paper 1 Quantitative Aptitude Mock Test 1","SEBI Grade A Phase I: Paper 1 Quantitative Aptitude Mock Test 1"
"https://takemocktest.com/in/sebi-grade-a/test/phase-1-paper-1-reasoning-sectional-1","sectional test","sebi grade a phase i: paper 1 test of reasoning mock test 1","SERP-verified 2026-09-09","","","","SEBI Grade A Phase I: Paper 1 Test of Reasoning Mock Test 1","SEBI Grade A Phase I: Paper 1 Test of Reasoning Mock Test 1"
"https://takemocktest.com/in/sebi-grade-a/test/phase-1-paper-1-full-mock-2","full mock test","sebi grade a phase i paper 1 full mock test 2","Class GSC-observed, this URL not yet in GSC","","","","SEBI Grade A Phase I Paper 1 Full Mock Test 2","SEBI Grade A Phase I Paper 1 Full Mock Test 2 | TakeMockTest"
"https://takemocktest.com/in/sebi-grade-a/test/phase-1-paper-1-general-awareness-sectional-2","sectional test","sebi grade a phase i: paper 1 general awareness mock test 2","SERP-verified 2026-09-09","","","","SEBI Grade A Phase I: Paper 1 General Awareness Mock Test 2","SEBI Grade A Phase I: Paper 1 General Awareness Mock Test 2"
"https://takemocktest.com/in/sebi-grade-a/test/phase-1-paper-1-english-language-sectional-2","sectional test","sebi grade a phase i: paper 1 english language mock test 2","SERP-verified 2026-09-09","","","","SEBI Grade A Phase I: Paper 1 English Language Mock Test 2","SEBI Grade A Phase I: Paper 1 English Language Mock Test 2"
"https://takemocktest.com/in/sebi-grade-a/test/phase-1-paper-1-quantitative-aptitude-sectional-2","sectional test","sebi grade a phase i: paper 1 quantitative aptitude mock test 2","SERP-verified 2026-09-09","","","","SEBI Grade A Phase I: Paper 1 Quantitative Aptitude Mock Test 2","SEBI Grade A Phase I: Paper 1 Quantitative Aptitude Mock Test 2"
"https://takemocktest.com/in/sebi-grade-a/test/phase-1-paper-1-reasoning-sectional-2","sectional test","sebi grade a phase i: paper 1 test of reasoning mock test 2","SERP-verified 2026-09-09","","","","SEBI Grade A Phase I: Paper 1 Test of Reasoning Mock Test 2","SEBI Grade A Phase I: Paper 1 Test of Reasoning Mock Test 2"
"https://takemocktest.com/in/sebi-grade-a/test/phase-1-paper-2-full-mock-1","full mock test","sebi grade a phase i paper 2 full mock test 1","Class GSC-observed, this URL not yet in GSC","","","","SEBI Grade A Phase I Paper 2 Full Mock Test 1","SEBI Grade A Phase I Paper 2 Full Mock Test 1 | TakeMockTest"
"https://takemocktest.com/in/sebi-grade-a/test/phase-1-paper-2-full-mock-2","full mock test","sebi grade a phase i paper 2 full mock test 2","Class GSC-observed, this URL not yet in GSC","","","","SEBI Grade A Phase I Paper 2 Full Mock Test 2","SEBI Grade A Phase I Paper 2 Full Mock Test 2 | TakeMockTest"
"https://takemocktest.com/in/sebi-grade-a/test/phase-2-paper-2-full-mock-1","full mock test","sebi grade a phase ii paper 2 full mock test 1","Class GSC-observed, this URL not yet in GSC","","","","SEBI Grade A Phase II Paper 2 Full Mock Test 1","SEBI Grade A Phase II Paper 2 Full Mock Test 1"
"https://takemocktest.com/in/sebi-grade-a/test/phase-2-paper-2-commerce-sectional-1","sectional test","sebi grade a phase ii: paper 2 (general stream) commerce mock test 1","SERP-verified 2026-09-09","","","","SEBI Grade A Phase II: Paper 2 (General Stream) Commerce Mock Test 1","SEBI Grade A Phase II: Paper 2 (General Stream) Commerce Mock Test 1"
"https://takemocktest.com/in/sebi-grade-a/test/phase-2-paper-2-accountancy-sectional-1","sectional test","sebi grade a phase ii: paper 2 (general stream) accountancy mock test 1","SERP-verified 2026-09-09","","","","SEBI Grade A Phase II: Paper 2 (General Stream) Accountancy Mock Test 1","SEBI Grade A Phase II: Paper 2 (General Stream) Accountancy Mock Test 1"
"https://takemocktest.com/in/sebi-grade-a/test/phase-2-paper-2-management-sectional-1","sectional test","sebi grade a phase ii: paper 2 (general stream) management mock test 1","SERP-verified 2026-09-09","","","","SEBI Grade A Phase II: Paper 2 (General Stream) Management Mock Test 1","SEBI Grade A Phase II: Paper 2 (General Stream) Management Mock Test 1"
"https://takemocktest.com/in/sebi-grade-a/test/phase-2-paper-2-finance-sectional-1","sectional test","sebi grade a phase ii: paper 2 (general stream) finance mock test 1","SERP-verified 2026-09-09","","","","SEBI Grade A Phase II: Paper 2 (General Stream) Finance Mock Test 1","SEBI Grade A Phase II: Paper 2 (General Stream) Finance Mock Test 1"
"https://takemocktest.com/in/sebi-grade-a/test/phase-2-paper-2-costing-sectional-1","sectional test","sebi grade a phase ii: paper 2 (general stream) costing mock test 1","SERP-verified 2026-09-09","","","","SEBI Grade A Phase II: Paper 2 (General Stream) Costing Mock Test 1","SEBI Grade A Phase II: Paper 2 (General Stream) Costing Mock Test 1"
"https://takemocktest.com/in/sebi-grade-a/test/phase-2-paper-2-companies-act-sectional-1","sectional test","sebi grade a phase ii: paper 2 (general stream) companies act mock test 1","SERP-verified 2026-09-09","","","","SEBI Grade A Phase II: Paper 2 (General Stream) Companies Act Mock Test 1","SEBI Grade A Phase II: Paper 2 (General Stream) Companies Act Mock Test 1"
"https://takemocktest.com/in/sebi-grade-a/test/phase-2-paper-2-economics-sectional-1","sectional test","sebi grade a phase ii: paper 2 (general stream) economics mock test 1","SERP-verified 2026-09-09","","","","SEBI Grade A Phase II: Paper 2 (General Stream) Economics Mock Test 1","SEBI Grade A Phase II: Paper 2 (General Stream) Economics Mock Test 1"
"https://takemocktest.com/in/sidbi-grade-a-b","exam hub","sidbi grade a & b","Reasoned, not yet SERP-checked","","","","SIDBI Grade A & B","SIDBI Grade A & B: Free Mock Tests & Exam Pattern"
"https://takemocktest.com/in/sidbi-grade-a-b/mock-test","mock-test","sidbi grade a & b mock test 2026","Reasoned, not yet SERP-checked","","","","SIDBI Grade A & B Mock Test 2026","SIDBI Grade A & B Mock Test 2026, Practice Free Test Series"
"https://takemocktest.com/in/sidbi-grade-a-b/exam-pattern","exam-pattern","sidbi grade a & b exam pattern","Reasoned, not yet SERP-checked","","","","SIDBI Grade A & B Exam Pattern","SIDBI Grade A & B Exam Pattern 2026: Marks & Duration"
"https://takemocktest.com/in/sidbi-grade-a-b/test/phase-1-full-mock-1","full mock test","sidbi grade a & b phase i full mock test 1","Class GSC-observed, this URL not yet in GSC","","","","SIDBI Grade A & B Phase I Full Mock Test 1","SIDBI Grade A & B Phase I Full Mock Test 1 | TakeMockTest"
"https://takemocktest.com/in/sidbi-grade-a-b/test/phase-1-english-language-sectional-1","sectional test","sidbi grade a & b phase i english language mock test 1","SERP-verified 2026-09-09","","","","SIDBI Grade A & B Phase I English Language Mock Test 1","SIDBI Grade A & B Phase I English Language Mock Test 1"
"https://takemocktest.com/in/sidbi-grade-a-b/test/phase-1-reasoning-aptitude-sectional-1","sectional test","sidbi grade a & b phase i reasoning aptitude mock test 1","SERP-verified 2026-09-09","","","","SIDBI Grade A & B Phase I Reasoning Aptitude Mock Test 1","SIDBI Grade A & B Phase I Reasoning Aptitude Mock Test 1"
"https://takemocktest.com/in/sidbi-grade-a-b/test/phase-1-quantitative-aptitude-sectional-1","sectional test","sidbi grade a & b phase i quantitative aptitude mock test 1","SERP-verified 2026-09-09","","","","SIDBI Grade A & B Phase I Quantitative Aptitude Mock Test 1","SIDBI Grade A & B Phase I Quantitative Aptitude Mock Test 1"
"https://takemocktest.com/in/sidbi-grade-a-b/test/phase-1-computer-knowledge-sectional-1","sectional test","sidbi grade a & b phase i computer knowledge mock test 1","SERP-verified 2026-09-09","","","","SIDBI Grade A & B Phase I Computer Knowledge Mock Test 1","SIDBI Grade A & B Phase I Computer Knowledge Mock Test 1"
"https://takemocktest.com/in/sidbi-grade-a-b/test/phase-1-general-awareness-sectional-1","sectional test","sidbi grade a & b phase i general awareness mock test 1","SERP-verified 2026-09-09","","","","SIDBI Grade A & B Phase I General Awareness Mock Test 1","SIDBI Grade A & B Phase I General Awareness Mock Test 1"
"https://takemocktest.com/in/sidbi-grade-a-b/test/phase-1-msme-policy-finance-sectional-1","sectional test","sidbi grade a & b phase i msmes policy, finance and management mock test 1","SERP-verified 2026-09-09","","","","SIDBI Grade A & B Phase I MSMEs Policy, Finance and Management Mock Test 1","SIDBI Grade A & B Phase I MSMEs Policy, Finance and Management Mock Test 1"
"https://takemocktest.com/in/sidbi-grade-a-b/test/phase-1-stream-specific-sectional-1","sectional test","sidbi grade a & b phase i stream specific test mock test 1","SERP-verified 2026-09-09","","","","SIDBI Grade A & B Phase I Stream Specific Test Mock Test 1","SIDBI Grade A & B Phase I Stream Specific Test Mock Test 1"
"https://takemocktest.com/in/sidbi-grade-a-b/test/phase-1-full-mock-2","full mock test","sidbi grade a & b phase i full mock test 2","Class GSC-observed, this URL not yet in GSC","","","","SIDBI Grade A & B Phase I Full Mock Test 2","SIDBI Grade A & B Phase I Full Mock Test 2 | TakeMockTest"
"https://takemocktest.com/in/sidbi-grade-a-b/test/phase-1-english-language-sectional-2","sectional test","sidbi grade a & b phase i english language mock test 2","SERP-verified 2026-09-09","","","","SIDBI Grade A & B Phase I English Language Mock Test 2","SIDBI Grade A & B Phase I English Language Mock Test 2"
"https://takemocktest.com/in/sidbi-grade-a-b/test/phase-1-reasoning-aptitude-sectional-2","sectional test","sidbi grade a & b phase i reasoning aptitude mock test 2","SERP-verified 2026-09-09","","","","SIDBI Grade A & B Phase I Reasoning Aptitude Mock Test 2","SIDBI Grade A & B Phase I Reasoning Aptitude Mock Test 2"
"https://takemocktest.com/in/sidbi-grade-a-b/test/phase-1-quantitative-aptitude-sectional-2","sectional test","sidbi grade a & b phase i quantitative aptitude mock test 2","SERP-verified 2026-09-09","","","","SIDBI Grade A & B Phase I Quantitative Aptitude Mock Test 2","SIDBI Grade A & B Phase I Quantitative Aptitude Mock Test 2"
"https://takemocktest.com/in/sidbi-grade-a-b/test/phase-1-computer-knowledge-sectional-2","sectional test","sidbi grade a & b phase i computer knowledge mock test 2","SERP-verified 2026-09-09","","","","SIDBI Grade A & B Phase I Computer Knowledge Mock Test 2","SIDBI Grade A & B Phase I Computer Knowledge Mock Test 2"
"https://takemocktest.com/in/sidbi-grade-a-b/test/phase-1-general-awareness-sectional-2","sectional test","sidbi grade a & b phase i general awareness mock test 2","SERP-verified 2026-09-09","","","","SIDBI Grade A & B Phase I General Awareness Mock Test 2","SIDBI Grade A & B Phase I General Awareness Mock Test 2"
"https://takemocktest.com/in/sidbi-grade-a-b/test/phase-1-msme-policy-finance-sectional-2","sectional test","sidbi grade a & b phase i msmes policy, finance and management mock test 2","SERP-verified 2026-09-09","","","","SIDBI Grade A & B Phase I MSMEs Policy, Finance and Management Mock Test 2","SIDBI Grade A & B Phase I MSMEs Policy, Finance and Management Mock Test 2"
"https://takemocktest.com/in/sidbi-grade-a-b/test/phase-1-stream-specific-sectional-2","sectional test","sidbi grade a & b phase i stream specific test mock test 2","SERP-verified 2026-09-09","","","","SIDBI Grade A & B Phase I Stream Specific Test Mock Test 2","SIDBI Grade A & B Phase I Stream Specific Test Mock Test 2"
"https://takemocktest.com/in/sidbi-grade-a-b/test/phase-2-full-mock-1","full mock test","sidbi grade a & b phase ii full mock test 1","Class GSC-observed, this URL not yet in GSC","","","","SIDBI Grade A & B Phase II Full Mock Test 1","SIDBI Grade A & B Phase II Full Mock Test 1 | TakeMockTest"
"https://takemocktest.com/in/sidbi-grade-a-b/test/phase-2-msme-finance-credit-management-sectional-1","sectional test","sidbi grade a & b phase ii msme finance and credit management mock test 1","SERP-verified 2026-09-09","","","","SIDBI Grade A & B Phase II MSME Finance and Credit Management Mock Test 1","SIDBI Grade A & B Phase II MSME Finance and Credit Management Mock Test 1"
"https://takemocktest.com/in/rpf-constable","exam hub","rpf constable","Reasoned, not yet SERP-checked","","","","RPF Constable","RPF Constable: Free Mock Tests & Exam Pattern | TakeMockTest"
"https://takemocktest.com/in/rpf-constable/mock-test","mock-test","rpf constable mock test 2026","Reasoned, not yet SERP-checked","","","","RPF Constable Mock Test 2026","RPF Constable Mock Test 2026: Free CBT Test Series"
"https://takemocktest.com/in/rpf-constable/similar-tests","similar-tests","similar tests to rpf constable","Reasoned, not yet SERP-checked","","","","Similar Tests to RPF Constable","Similar Tests to RPF Constable, Extra Reasoning Practice"
"https://takemocktest.com/in/rpf-constable/exam-pattern","exam-pattern","rpf constable exam pattern","Reasoned, not yet SERP-checked","","","","RPF Constable Exam Pattern","RPF Constable Exam Pattern 2026: Marks & Duration"
"https://takemocktest.com/in/rpf-constable/test/cbt-full-mock-1","full mock test","rpf constable cbt full mock test 1","Class GSC-observed, this URL not yet in GSC","","","","RPF Constable CBT Full Mock Test 1","RPF Constable CBT Full Mock Test 1 (CEN No. RPF 02/2024)"
"https://takemocktest.com/in/rpf-constable/test/cbt-arithmetic-sectional-1","sectional test","rpf constable arithmetic mock test 1","SERP-verified 2026-09-09","","","","RPF Constable Arithmetic Mock Test 1","RPF Constable Arithmetic Mock Test 1: Free Practice"
"https://takemocktest.com/in/rpf-constable/test/cbt-general-intelligence-reasoning-sectional-1","sectional test","rpf constable general intelligence and reasoning mock test 1","SERP-verified 2026-09-09","","","","RPF Constable General Intelligence and Reasoning Mock Test 1","RPF Constable General Intelligence and Reasoning Mock Test 1"
"https://takemocktest.com/in/rpf-constable/test/cbt-general-awareness-sectional-1","sectional test","rpf constable general awareness mock test 1","SERP-verified 2026-09-09","","","","RPF Constable General Awareness Mock Test 1","RPF Constable General Awareness Mock Test 1: Free Practice"
"https://takemocktest.com/in/rpf-constable/test/cbt-full-mock-2","full mock test","rpf constable cbt full mock test 2","Class GSC-observed, this URL not yet in GSC","","","","RPF Constable CBT Full Mock Test 2","RPF Constable CBT Full Mock Test 2 (CEN No. RPF 02/2024)"
"https://takemocktest.com/in/rpf-constable/test/cbt-arithmetic-sectional-2","sectional test","rpf constable arithmetic mock test 2","SERP-verified 2026-09-09","","","","RPF Constable Arithmetic Mock Test 2","RPF Constable Arithmetic Mock Test 2: Free Practice"
"https://takemocktest.com/in/rpf-constable/test/cbt-general-intelligence-reasoning-sectional-2","sectional test","rpf constable general intelligence and reasoning mock test 2","SERP-verified 2026-09-09","","","","RPF Constable General Intelligence and Reasoning Mock Test 2","RPF Constable General Intelligence and Reasoning Mock Test 2"
"https://takemocktest.com/in/rpf-constable/test/cbt-general-awareness-sectional-2","sectional test","rpf constable general awareness mock test 2","SERP-verified 2026-09-09","","","","RPF Constable General Awareness Mock Test 2","RPF Constable General Awareness Mock Test 2: Free Practice"
"https://takemocktest.com/in/rpf-si","exam hub","rpf sub-inspector","Reasoned, not yet SERP-checked","","","","RPF Sub-Inspector","RPF Sub-Inspector: Free Mock Tests & Exam Pattern"
"https://takemocktest.com/in/rpf-si/mock-test","mock-test","rpf sub-inspector mock test 2026","Reasoned, not yet SERP-checked","","","","RPF Sub-Inspector Mock Test 2026","RPF Sub-Inspector Mock Test 2026, Practice Free Test Series"
"https://takemocktest.com/in/rpf-si/similar-tests","similar-tests","similar tests to rpf sub-inspector","Reasoned, not yet SERP-checked","","","","Similar Tests to RPF Sub-Inspector","Similar Tests to RPF Sub-Inspector, Extra Reasoning Practice"
"https://takemocktest.com/in/rpf-si/exam-pattern","exam-pattern","rpf sub-inspector exam pattern","Reasoned, not yet SERP-checked","","","","RPF Sub-Inspector Exam Pattern","RPF Sub-Inspector Exam Pattern 2026: Marks & Duration"
"https://takemocktest.com/in/rpf-si/test/cbt-full-mock-1","full mock test","rpf sub-inspector cbt full mock test 1","Class GSC-observed, this URL not yet in GSC","","","","RPF Sub-Inspector CBT Full Mock Test 1","RPF Sub-Inspector CBT Full Mock Test 1 (CEN No. RPF 01/2024)"
"https://takemocktest.com/in/rpf-si/test/cbt-arithmetic-sectional-1","sectional test","rpf sub-inspector arithmetic mock test 1","SERP-verified 2026-09-09","","","","RPF Sub-Inspector Arithmetic Mock Test 1","RPF Sub-Inspector Arithmetic Mock Test 1: Free Practice"
"https://takemocktest.com/in/rpf-si/test/cbt-general-intelligence-reasoning-sectional-1","sectional test","rpf sub-inspector general intelligence and reasoning mock test 1","SERP-verified 2026-09-09","","","","RPF Sub-Inspector General Intelligence and Reasoning Mock Test 1","RPF Sub-Inspector General Intelligence and Reasoning Mock Test 1"
"https://takemocktest.com/in/rpf-si/test/cbt-general-awareness-sectional-1","sectional test","rpf sub-inspector general awareness mock test 1","SERP-verified 2026-09-09","","","","RPF Sub-Inspector General Awareness Mock Test 1","RPF Sub-Inspector General Awareness Mock Test 1"
"https://takemocktest.com/in/rpf-si/test/cbt-full-mock-2","full mock test","rpf sub-inspector cbt full mock test 2","Class GSC-observed, this URL not yet in GSC","","","","RPF Sub-Inspector CBT Full Mock Test 2","RPF Sub-Inspector CBT Full Mock Test 2 (CEN No. RPF 01/2024)"
"https://takemocktest.com/in/rpf-si/test/cbt-arithmetic-sectional-2","sectional test","rpf sub-inspector arithmetic mock test 2","SERP-verified 2026-09-09","","","","RPF Sub-Inspector Arithmetic Mock Test 2","RPF Sub-Inspector Arithmetic Mock Test 2: Free Practice"
"https://takemocktest.com/in/rpf-si/test/cbt-general-intelligence-reasoning-sectional-2","sectional test","rpf sub-inspector general intelligence and reasoning mock test 2","SERP-verified 2026-09-09","","","","RPF Sub-Inspector General Intelligence and Reasoning Mock Test 2","RPF Sub-Inspector General Intelligence and Reasoning Mock Test 2"
"https://takemocktest.com/in/rpf-si/test/cbt-general-awareness-sectional-2","sectional test","rpf sub-inspector general awareness mock test 2","SERP-verified 2026-09-09","","","","RPF Sub-Inspector General Awareness Mock Test 2","RPF Sub-Inspector General Awareness Mock Test 2"
"https://takemocktest.com/in/lic-aao","exam hub","lic aao","Reasoned, not yet SERP-checked","","","","LIC AAO","LIC AAO: Free Mock Tests & Exam Pattern | TakeMockTest"
"https://takemocktest.com/in/lic-aao/mock-test","mock-test","lic aao mock test 2026","Reasoned, not yet SERP-checked","","","","LIC AAO Mock Test 2026","LIC AAO Mock Test 2026, Practice Free Test Series"
"https://takemocktest.com/in/lic-aao/exam-pattern","exam-pattern","lic aao exam pattern","Reasoned, not yet SERP-checked","","","","LIC AAO Exam Pattern","LIC AAO Exam Pattern 2026: Marks & Duration | TakeMockTest"
"https://takemocktest.com/in/lic-aao/test/prelims-full-mock-1","full mock test","lic aao prelims full mock test 1","Class GSC-observed, this URL not yet in GSC","","","","LIC AAO Prelims Full Mock Test 1","LIC AAO Prelims Full Mock Test 1 | TakeMockTest"
"https://takemocktest.com/in/lic-aao/test/prelims-reasoning-ability-sectional-1","sectional test","lic aao prelims reasoning ability mock test 1","SERP-verified 2026-09-09","","","","LIC AAO Prelims Reasoning Ability Mock Test 1","LIC AAO Prelims Reasoning Ability Mock Test 1: Free Practice"
"https://takemocktest.com/in/lic-aao/test/prelims-quantitative-aptitude-sectional-1","sectional test","lic aao prelims quantitative aptitude mock test 1","SERP-verified 2026-09-09","","","","LIC AAO Prelims Quantitative Aptitude Mock Test 1","LIC AAO Prelims Quantitative Aptitude Mock Test 1"
"https://takemocktest.com/in/lic-aao/test/prelims-english-language-sectional-1","sectional test","lic aao prelims english language mock test 1","SERP-verified 2026-09-09","","","","LIC AAO Prelims English Language Mock Test 1","LIC AAO Prelims English Language Mock Test 1: Free Practice"
"https://takemocktest.com/in/lic-aao/test/prelims-full-mock-2","full mock test","lic aao prelims full mock test 2","Class GSC-observed, this URL not yet in GSC","","","","LIC AAO Prelims Full Mock Test 2","LIC AAO Prelims Full Mock Test 2 | TakeMockTest"
"https://takemocktest.com/in/lic-aao/test/prelims-reasoning-ability-sectional-2","sectional test","lic aao prelims reasoning ability mock test 2","SERP-verified 2026-09-09","","","","LIC AAO Prelims Reasoning Ability Mock Test 2","LIC AAO Prelims Reasoning Ability Mock Test 2: Free Practice"
"https://takemocktest.com/in/lic-aao/test/prelims-quantitative-aptitude-sectional-2","sectional test","lic aao prelims quantitative aptitude mock test 2","SERP-verified 2026-09-09","","","","LIC AAO Prelims Quantitative Aptitude Mock Test 2","LIC AAO Prelims Quantitative Aptitude Mock Test 2"
"https://takemocktest.com/in/lic-aao/test/prelims-english-language-sectional-2","sectional test","lic aao prelims english language mock test 2","SERP-verified 2026-09-09","","","","LIC AAO Prelims English Language Mock Test 2","LIC AAO Prelims English Language Mock Test 2: Free Practice"
"https://takemocktest.com/in/lic-aao/test/mains-full-mock-1","full mock test","lic aao mains full mock test 1","Class GSC-observed, this URL not yet in GSC","","","","LIC AAO Mains Full Mock Test 1","LIC AAO Mains Full Mock Test 1 | TakeMockTest"
"https://takemocktest.com/in/lic-aao/test/mains-reasoning-ability-sectional-1","sectional test","lic aao mains reasoning ability mock test 1","SERP-verified 2026-09-09","","","","LIC AAO Mains Reasoning Ability Mock Test 1","LIC AAO Mains Reasoning Ability Mock Test 1: Free Practice"
"https://takemocktest.com/in/lic-aao/test/mains-data-analysis-interpretation-sectional-1","sectional test","lic aao mains data analysis and interpretation mock test 1","SERP-verified 2026-09-09","","","","LIC AAO Mains Data Analysis and Interpretation Mock Test 1","LIC AAO Mains Data Analysis and Interpretation Mock Test 1"
"https://takemocktest.com/in/lic-aao/test/mains-insurance-financial-market-awareness-sectional-1","sectional test","lic aao mains insurance and financial market awareness mock test 1","SERP-verified 2026-09-09","","","","LIC AAO Mains Insurance and Financial Market Awareness Mock Test 1","LIC AAO Mains Insurance and Financial Market Awareness Mock Test 1"
"https://takemocktest.com/in/lic-aao/test/mains-full-mock-2","full mock test","lic aao mains full mock test 2","Class GSC-observed, this URL not yet in GSC","","","","LIC AAO Mains Full Mock Test 2","LIC AAO Mains Full Mock Test 2 | TakeMockTest"
"https://takemocktest.com/in/lic-aao/test/mains-reasoning-ability-sectional-2","sectional test","lic aao mains reasoning ability mock test 2","SERP-verified 2026-09-09","","","","LIC AAO Mains Reasoning Ability Mock Test 2","LIC AAO Mains Reasoning Ability Mock Test 2: Free Practice"
"https://takemocktest.com/in/lic-aao/test/mains-data-analysis-interpretation-sectional-2","sectional test","lic aao mains data analysis and interpretation mock test 2","SERP-verified 2026-09-09","","","","LIC AAO Mains Data Analysis and Interpretation Mock Test 2","LIC AAO Mains Data Analysis and Interpretation Mock Test 2"
"https://takemocktest.com/in/niacl-ao","exam hub","niacl ao","Reasoned, not yet SERP-checked","","","","NIACL AO","NIACL AO: Free Mock Tests & Exam Pattern | TakeMockTest"
"https://takemocktest.com/in/niacl-ao/mock-test","mock-test","niacl ao mock test 2026","Reasoned, not yet SERP-checked","","","","NIACL AO Mock Test 2026","NIACL AO Mock Test 2026: Free Prelims & Mains Tests"
"https://takemocktest.com/in/niacl-ao/similar-tests","similar-tests","similar tests to niacl ao","Reasoned, not yet SERP-checked","","","","Similar Tests to NIACL AO","Similar Tests to NIACL AO, Extra Reasoning Practice"
"https://takemocktest.com/in/niacl-ao/exam-pattern","exam-pattern","niacl ao exam pattern","Reasoned, not yet SERP-checked","","","","NIACL AO Exam Pattern","NIACL AO Exam Pattern 2026: Marks & Duration | TakeMockTest"
"https://takemocktest.com/in/niacl-ao/test/prelims-full-mock-1","full mock test","niacl ao prelims full mock test 1","Class GSC-observed, this URL not yet in GSC","","","","NIACL AO Prelims Full Mock Test 1","NIACL AO Prelims Full Mock Test 1 | TakeMockTest"
"https://takemocktest.com/in/niacl-ao/test/prelims-english-language-sectional-1","sectional test","niacl ao prelims english language mock test 1","SERP-verified 2026-09-09","","","","NIACL AO Prelims English Language Mock Test 1","NIACL AO Prelims English Language Mock Test 1: Free Practice"
"https://takemocktest.com/in/niacl-ao/test/prelims-reasoning-ability-sectional-1","sectional test","niacl ao prelims reasoning ability mock test 1","SERP-verified 2026-09-09","","","","NIACL AO Prelims Reasoning Ability Mock Test 1","NIACL AO Prelims Reasoning Ability Mock Test 1"
"https://takemocktest.com/in/niacl-ao/test/prelims-quantitative-aptitude-sectional-1","sectional test","niacl ao prelims quantitative aptitude mock test 1","SERP-verified 2026-09-09","","","","NIACL AO Prelims Quantitative Aptitude Mock Test 1","NIACL AO Prelims Quantitative Aptitude Mock Test 1"
"https://takemocktest.com/in/niacl-ao/test/prelims-full-mock-2","full mock test","niacl ao prelims full mock test 2","Class GSC-observed, this URL not yet in GSC","","","","NIACL AO Prelims Full Mock Test 2","NIACL AO Prelims Full Mock Test 2 | TakeMockTest"
"https://takemocktest.com/in/niacl-ao/test/prelims-english-language-sectional-2","sectional test","niacl ao prelims english language mock test 2","SERP-verified 2026-09-09","","","","NIACL AO Prelims English Language Mock Test 2","NIACL AO Prelims English Language Mock Test 2: Free Practice"
"https://takemocktest.com/in/niacl-ao/test/prelims-reasoning-ability-sectional-2","sectional test","niacl ao prelims reasoning ability mock test 2","SERP-verified 2026-09-09","","","","NIACL AO Prelims Reasoning Ability Mock Test 2","NIACL AO Prelims Reasoning Ability Mock Test 2"
"https://takemocktest.com/in/niacl-ao/test/prelims-quantitative-aptitude-sectional-2","sectional test","niacl ao prelims quantitative aptitude mock test 2","SERP-verified 2026-09-09","","","","NIACL AO Prelims Quantitative Aptitude Mock Test 2","NIACL AO Prelims Quantitative Aptitude Mock Test 2"
"https://takemocktest.com/in/niacl-ao/test/mains-full-mock-1","full mock test","niacl ao mains full mock test 1","Class GSC-observed, this URL not yet in GSC","","","","NIACL AO Mains Full Mock Test 1","NIACL AO Mains Full Mock Test 1 | TakeMockTest"
"https://takemocktest.com/in/niacl-ao/test/mains-reasoning-sectional-1","sectional test","niacl ao mains reasoning mock test 1","SERP-verified 2026-09-09","","","","NIACL AO Mains Reasoning Mock Test 1","NIACL AO Mains Reasoning Mock Test 1: Free Practice"
"https://takemocktest.com/in/niacl-ao/test/mains-english-language-sectional-1","sectional test","niacl ao mains english language mock test 1","SERP-verified 2026-09-09","","","","NIACL AO Mains English Language Mock Test 1","NIACL AO Mains English Language Mock Test 1: Free Practice"
"https://takemocktest.com/in/niacl-ao/test/mains-general-awareness-sectional-1","sectional test","niacl ao mains general awareness mock test 1","SERP-verified 2026-09-09","","","","NIACL AO Mains General Awareness Mock Test 1","NIACL AO Mains General Awareness Mock Test 1: Free Practice"
"https://takemocktest.com/in/niacl-ao/test/mains-quantitative-aptitude-sectional-1","sectional test","niacl ao mains quantitative aptitude mock test 1","SERP-verified 2026-09-09","","","","NIACL AO Mains Quantitative Aptitude Mock Test 1","NIACL AO Mains Quantitative Aptitude Mock Test 1"
"https://takemocktest.com/in/niacl-ao/test/mains-full-mock-2","full mock test","niacl ao mains full mock test 2","Class GSC-observed, this URL not yet in GSC","","","","NIACL AO Mains Full Mock Test 2","NIACL AO Mains Full Mock Test 2 | TakeMockTest"
"https://takemocktest.com/in/niacl-ao/test/mains-reasoning-sectional-2","sectional test","niacl ao mains reasoning mock test 2","SERP-verified 2026-09-09","","","","NIACL AO Mains Reasoning Mock Test 2","NIACL AO Mains Reasoning Mock Test 2: Free Practice"
"https://takemocktest.com/in/niacl-ao/test/mains-english-language-sectional-2","sectional test","niacl ao mains english language mock test 2","SERP-verified 2026-09-09","","","","NIACL AO Mains English Language Mock Test 2","NIACL AO Mains English Language Mock Test 2: Free Practice"
"https://takemocktest.com/in/niacl-ao/test/mains-general-awareness-sectional-2","sectional test","niacl ao mains general awareness mock test 2","SERP-verified 2026-09-09","","","","NIACL AO Mains General Awareness Mock Test 2","NIACL AO Mains General Awareness Mock Test 2: Free Practice"
"https://takemocktest.com/in/niacl-ao/test/mains-quantitative-aptitude-sectional-2","sectional test","niacl ao mains quantitative aptitude mock test 2","SERP-verified 2026-09-09","","","","NIACL AO Mains Quantitative Aptitude Mock Test 2","NIACL AO Mains Quantitative Aptitude Mock Test 2"
"https://takemocktest.com/in/rrb-alp","exam hub","rrb alp","Reasoned, not yet SERP-checked","","","","RRB ALP","RRB ALP: Free Mock Tests & Exam Pattern | TakeMockTest"
"https://takemocktest.com/in/rrb-alp/mock-test","mock-test","rrb alp mock test 2026","Reasoned, not yet SERP-checked","","","","RRB ALP Mock Test 2026","RRB ALP Mock Test 2026: Free CBT 1 & CBT 2 Tests"
"https://takemocktest.com/in/rrb-alp/exam-pattern","exam-pattern","rrb alp exam pattern","Reasoned, not yet SERP-checked","","","","RRB ALP Exam Pattern","RRB ALP Exam Pattern 2026: Marks & Duration | TakeMockTest"
"https://takemocktest.com/in/rrb-alp/test/cbt-1-full-mock-1","full mock test","rrb alp cbt 1 full mock test 1","Class GSC-observed, this URL not yet in GSC","","","","RRB ALP CBT 1 Full Mock Test 1","RRB ALP CBT 1 Full Mock Test 1 | TakeMockTest"
"https://takemocktest.com/in/rrb-alp/test/cbt-1-mathematics-sectional-1","sectional test","rrb alp cbt 1 mathematics mock test 1","SERP-verified 2026-09-09","","","","RRB ALP CBT 1 Mathematics Mock Test 1","RRB ALP CBT 1 Mathematics Mock Test 1: Free Practice"
"https://takemocktest.com/in/rrb-alp/test/cbt-1-mental-ability-sectional-1","sectional test","rrb alp cbt 1 mental ability mock test 1","SERP-verified 2026-09-09","","","","RRB ALP CBT 1 Mental Ability Mock Test 1","RRB ALP CBT 1 Mental Ability Mock Test 1: Free Practice"
"https://takemocktest.com/in/rrb-alp/test/cbt-1-general-science-sectional-1","sectional test","rrb alp cbt 1 general science mock test 1","SERP-verified 2026-09-09","","","","RRB ALP CBT 1 General Science Mock Test 1","RRB ALP CBT 1 General Science Mock Test 1: Free Practice"
"https://takemocktest.com/in/rrb-alp/test/cbt-1-general-awareness-sectional-1","sectional test","rrb alp cbt 1 general awareness mock test 1","SERP-verified 2026-09-09","","","","RRB ALP CBT 1 General Awareness Mock Test 1","RRB ALP CBT 1 General Awareness Mock Test 1: Free Practice"
"https://takemocktest.com/in/rrb-alp/test/cbt-1-full-mock-2","full mock test","rrb alp cbt 1 full mock test 2","Class GSC-observed, this URL not yet in GSC","","","","RRB ALP CBT 1 Full Mock Test 2","RRB ALP CBT 1 Full Mock Test 2 | TakeMockTest"
"https://takemocktest.com/in/rrb-alp/test/cbt-1-mathematics-sectional-2","sectional test","rrb alp cbt 1 mathematics mock test 2","SERP-verified 2026-09-09","","","","RRB ALP CBT 1 Mathematics Mock Test 2","RRB ALP CBT 1 Mathematics Mock Test 2: Free Practice"
"https://takemocktest.com/in/rrb-alp/test/cbt-1-mental-ability-sectional-2","sectional test","rrb alp cbt 1 mental ability mock test 2","SERP-verified 2026-09-09","","","","RRB ALP CBT 1 Mental Ability Mock Test 2","RRB ALP CBT 1 Mental Ability Mock Test 2: Free Practice"
"https://takemocktest.com/in/rrb-alp/test/cbt-1-general-science-sectional-2","sectional test","rrb alp cbt 1 general science mock test 2","SERP-verified 2026-09-09","","","","RRB ALP CBT 1 General Science Mock Test 2","RRB ALP CBT 1 General Science Mock Test 2: Free Practice"
"https://takemocktest.com/in/rrb-alp/test/cbt-1-general-awareness-sectional-2","sectional test","rrb alp cbt 1 general awareness mock test 2","SERP-verified 2026-09-09","","","","RRB ALP CBT 1 General Awareness Mock Test 2","RRB ALP CBT 1 General Awareness Mock Test 2: Free Practice"
"https://takemocktest.com/in/rrb-alp/test/cbt-2-full-mock-1","full mock test","rrb alp cbt 2 part a full mock test 1","Class GSC-observed, this URL not yet in GSC","","","","RRB ALP CBT 2 Part A Full Mock Test 1","RRB ALP CBT 2 Part A Full Mock Test 1 | TakeMockTest"
"https://takemocktest.com/in/rrb-alp/test/cbt-2-mathematics-sectional-1","sectional test","rrb alp cbt 2 mathematics mock test 1","SERP-verified 2026-09-09","","","","RRB ALP CBT 2 Mathematics Mock Test 1","RRB ALP CBT 2 Mathematics Mock Test 1: Free Practice"
"https://takemocktest.com/in/rrb-alp/test/cbt-2-general-intelligence-reasoning-sectional-1","sectional test","rrb alp cbt 2 general intelligence and reasoning mock test 1","SERP-verified 2026-09-09","","","","RRB ALP CBT 2 General Intelligence and Reasoning Mock Test 1","RRB ALP CBT 2 General Intelligence and Reasoning Mock Test 1"
"https://takemocktest.com/in/rrb-alp/test/cbt-2-basic-science-engineering-sectional-1","sectional test","rrb alp cbt 2 basic science and engineering mock test 1","SERP-verified 2026-09-09","","","","RRB ALP CBT 2 Basic Science and Engineering Mock Test 1","RRB ALP CBT 2 Basic Science and Engineering Mock Test 1"
"https://takemocktest.com/in/rrb-alp/test/cbt-2-full-mock-2","full mock test","rrb alp cbt 2 part a full mock test 2","Class GSC-observed, this URL not yet in GSC","","","","RRB ALP CBT 2 Part A Full Mock Test 2","RRB ALP CBT 2 Part A Full Mock Test 2 | TakeMockTest"
"https://takemocktest.com/in/rrb-alp/test/cbt-2-mathematics-sectional-2","sectional test","rrb alp cbt 2 mathematics mock test 2","SERP-verified 2026-09-09","","","","RRB ALP CBT 2 Mathematics Mock Test 2","RRB ALP CBT 2 Mathematics Mock Test 2: Free Practice"
"https://takemocktest.com/in/rrb-alp/test/cbt-2-general-intelligence-reasoning-sectional-2","sectional test","rrb alp cbt 2 general intelligence and reasoning mock test 2","SERP-verified 2026-09-09","","","","RRB ALP CBT 2 General Intelligence and Reasoning Mock Test 2","RRB ALP CBT 2 General Intelligence and Reasoning Mock Test 2"
"https://takemocktest.com/in/rrb-alp/test/cbt-2-basic-science-engineering-sectional-2","sectional test","rrb alp cbt 2 basic science and engineering mock test 2","SERP-verified 2026-09-09","","","","RRB ALP CBT 2 Basic Science and Engineering Mock Test 2","RRB ALP CBT 2 Basic Science and Engineering Mock Test 2"
"https://takemocktest.com/in/rrb-technician","exam hub","rrb technician","Reasoned, not yet SERP-checked","","","","RRB Technician","RRB Technician: Free Mock Tests & Exam Pattern"
"https://takemocktest.com/in/rrb-technician/mock-test","mock-test","rrb technician mock test 2026","Reasoned, not yet SERP-checked","","","","RRB Technician Mock Test 2026","RRB Technician Mock Test 2026: Free Grade I & III Tests"
"https://takemocktest.com/in/rrb-technician/exam-pattern","exam-pattern","rrb technician exam pattern","Reasoned, not yet SERP-checked","","","","RRB Technician Exam Pattern","RRB Technician Exam Pattern 2026: Marks & Duration"
"https://takemocktest.com/in/rrb-technician/test/grade-1-signal-full-mock-1","full mock test","rrb technician grade i signal full mock test 1","Class GSC-observed, this URL not yet in GSC","","","","RRB Technician Grade I Signal Full Mock Test 1","RRB Technician Grade I Signal Full Mock Test 1"
"https://takemocktest.com/in/rrb-technician/test/grade-1-signal-general-awareness-sectional-1","sectional test","rrb technician grade i signal cbt general awareness mock test 1","SERP-verified 2026-09-09","","","","RRB Technician Grade I Signal CBT General Awareness Mock Test 1","RRB Technician Grade I Signal CBT General Awareness Mock Test 1"
"https://takemocktest.com/in/rrb-technician/test/grade-1-signal-general-intelligence-reasoning-sectional-1","sectional test","rrb technician grade i signal cbt general intelligence and reasoning mock test 1","SERP-verified 2026-09-09","","","","RRB Technician Grade I Signal CBT General Intelligence and Reasoning Mock Test 1","RRB Technician Grade I Signal CBT General Intelligence and Reasoning Mock Test 1"
"https://takemocktest.com/in/rrb-technician/test/grade-1-signal-computers-applications-sectional-1","sectional test","rrb technician grade i signal cbt basics of computers and applications mock test 1","SERP-verified 2026-09-09","","","","RRB Technician Grade I Signal CBT Basics of Computers and Applications Mock Test 1","RRB Technician Grade I Signal CBT Basics of Computers and Applications Mock Test 1"
"https://takemocktest.com/in/rrb-technician/test/grade-1-signal-mathematics-sectional-1","sectional test","rrb technician grade i signal cbt mathematics mock test 1","SERP-verified 2026-09-09","","","","RRB Technician Grade I Signal CBT Mathematics Mock Test 1","RRB Technician Grade I Signal CBT Mathematics Mock Test 1"
"https://takemocktest.com/in/rrb-technician/test/grade-1-signal-basic-science-engineering-sectional-1","sectional test","rrb technician grade i signal cbt basic science and engineering mock test 1","SERP-verified 2026-09-09","","","","RRB Technician Grade I Signal CBT Basic Science and Engineering Mock Test 1","RRB Technician Grade I Signal CBT Basic Science and Engineering Mock Test 1"
"https://takemocktest.com/in/rrb-technician/test/grade-1-signal-full-mock-2","full mock test","rrb technician grade i signal full mock test 2","Class GSC-observed, this URL not yet in GSC","","","","RRB Technician Grade I Signal Full Mock Test 2","RRB Technician Grade I Signal Full Mock Test 2"
"https://takemocktest.com/in/rrb-technician/test/grade-1-signal-general-awareness-sectional-2","sectional test","rrb technician grade i signal cbt general awareness mock test 2","SERP-verified 2026-09-09","","","","RRB Technician Grade I Signal CBT General Awareness Mock Test 2","RRB Technician Grade I Signal CBT General Awareness Mock Test 2"
"https://takemocktest.com/in/rrb-technician/test/grade-1-signal-general-intelligence-reasoning-sectional-2","sectional test","rrb technician grade i signal cbt general intelligence and reasoning mock test 2","SERP-verified 2026-09-09","","","","RRB Technician Grade I Signal CBT General Intelligence and Reasoning Mock Test 2","RRB Technician Grade I Signal CBT General Intelligence and Reasoning Mock Test 2"
"https://takemocktest.com/in/rrb-technician/test/grade-1-signal-computers-applications-sectional-2","sectional test","rrb technician grade i signal cbt basics of computers and applications mock test 2","SERP-verified 2026-09-09","","","","RRB Technician Grade I Signal CBT Basics of Computers and Applications Mock Test 2","RRB Technician Grade I Signal CBT Basics of Computers and Applications Mock Test 2"
"https://takemocktest.com/in/rrb-technician/test/grade-1-signal-mathematics-sectional-2","sectional test","rrb technician grade i signal cbt mathematics mock test 2","SERP-verified 2026-09-09","","","","RRB Technician Grade I Signal CBT Mathematics Mock Test 2","RRB Technician Grade I Signal CBT Mathematics Mock Test 2"
"https://takemocktest.com/in/rrb-technician/test/grade-1-signal-basic-science-engineering-sectional-2","sectional test","rrb technician grade i signal cbt basic science and engineering mock test 2","SERP-verified 2026-09-09","","","","RRB Technician Grade I Signal CBT Basic Science and Engineering Mock Test 2","RRB Technician Grade I Signal CBT Basic Science and Engineering Mock Test 2"
"https://takemocktest.com/in/rrb-technician/test/grade-3-full-mock-1","full mock test","rrb technician grade iii full mock test 1","Class GSC-observed, this URL not yet in GSC","","","","RRB Technician Grade III Full Mock Test 1","RRB Technician Grade III Full Mock Test 1 | TakeMockTest"
"https://takemocktest.com/in/rrb-technician/test/grade-3-mathematics-sectional-1","sectional test","rrb technician grade iii cbt mathematics mock test 1","SERP-verified 2026-09-09","","","","RRB Technician Grade III CBT Mathematics Mock Test 1","RRB Technician Grade III CBT Mathematics Mock Test 1"
"https://takemocktest.com/in/rrb-technician/test/grade-3-general-intelligence-reasoning-sectional-1","sectional test","rrb technician grade iii cbt general intelligence and reasoning mock test 1","SERP-verified 2026-09-09","","","","RRB Technician Grade III CBT General Intelligence and Reasoning Mock Test 1","RRB Technician Grade III CBT General Intelligence and Reasoning Mock Test 1"
"https://takemocktest.com/in/rrb-technician/test/grade-3-general-science-sectional-1","sectional test","rrb technician grade iii cbt general science mock test 1","SERP-verified 2026-09-09","","","","RRB Technician Grade III CBT General Science Mock Test 1","RRB Technician Grade III CBT General Science Mock Test 1"
"https://takemocktest.com/in/rrb-technician/test/grade-3-general-awareness-sectional-1","sectional test","rrb technician grade iii cbt general awareness mock test 1","SERP-verified 2026-09-09","","","","RRB Technician Grade III CBT General Awareness Mock Test 1","RRB Technician Grade III CBT General Awareness Mock Test 1"
"https://takemocktest.com/in/rrb-technician/test/grade-3-full-mock-2","full mock test","rrb technician grade iii full mock test 2","Class GSC-observed, this URL not yet in GSC","","","","RRB Technician Grade III Full Mock Test 2","RRB Technician Grade III Full Mock Test 2 | TakeMockTest"
"https://takemocktest.com/in/rrb-technician/test/grade-3-mathematics-sectional-2","sectional test","rrb technician grade iii cbt mathematics mock test 2","SERP-verified 2026-09-09","","","","RRB Technician Grade III CBT Mathematics Mock Test 2","RRB Technician Grade III CBT Mathematics Mock Test 2"
"https://takemocktest.com/in/rrb-technician/test/grade-3-general-intelligence-reasoning-sectional-2","sectional test","rrb technician grade iii cbt general intelligence and reasoning mock test 2","SERP-verified 2026-09-09","","","","RRB Technician Grade III CBT General Intelligence and Reasoning Mock Test 2","RRB Technician Grade III CBT General Intelligence and Reasoning Mock Test 2"
"https://takemocktest.com/in/rrb-technician/test/grade-3-general-science-sectional-2","sectional test","rrb technician grade iii cbt general science mock test 2","SERP-verified 2026-09-09","","","","RRB Technician Grade III CBT General Science Mock Test 2","RRB Technician Grade III CBT General Science Mock Test 2"
"https://takemocktest.com/in/rrb-technician/test/grade-3-general-awareness-sectional-2","sectional test","rrb technician grade iii cbt general awareness mock test 2","SERP-verified 2026-09-09","","","","RRB Technician Grade III CBT General Awareness Mock Test 2","RRB Technician Grade III CBT General Awareness Mock Test 2"
"https://takemocktest.com/in/rrb-paramedical","exam hub","rrb paramedical","Reasoned, not yet SERP-checked","","","","RRB Paramedical","RRB Paramedical: Free Mock Tests & Exam Pattern"
"https://takemocktest.com/in/rrb-paramedical/mock-test","mock-test","rrb paramedical mock test 2026","Reasoned, not yet SERP-checked","","","","RRB Paramedical Mock Test 2026","RRB Paramedical Mock Test 2026, Practice Free Test Series"
"https://takemocktest.com/in/rrb-paramedical/exam-pattern","exam-pattern","rrb paramedical exam pattern","Reasoned, not yet SERP-checked","","","","RRB Paramedical Exam Pattern","RRB Paramedical Exam Pattern 2026: Marks & Duration"
"https://takemocktest.com/in/rrb-paramedical/test/cbt-full-mock-1","full mock test","rrb paramedical cbt full mock test 1","Class GSC-observed, this URL not yet in GSC","","","","RRB Paramedical CBT Full Mock Test 1","RRB Paramedical CBT Full Mock Test 1 | TakeMockTest"
"https://takemocktest.com/in/rrb-paramedical/test/cbt-general-awareness-sectional-1","sectional test","rrb paramedical general awareness mock test 1","SERP-verified 2026-09-09","","","","RRB Paramedical General Awareness Mock Test 1","RRB Paramedical General Awareness Mock Test 1: Free Practice"
"https://takemocktest.com/in/rrb-paramedical/test/cbt-general-arithmetic-reasoning-sectional-1","sectional test","rrb paramedical general arithmetic, general intelligence and reasoning mock test 1","SERP-verified 2026-09-09","","","","RRB Paramedical General Arithmetic, General Intelligence and Reasoning Mock Test 1","RRB Paramedical General Arithmetic, General Intelligence and Reasoning Mock Test 1"
"https://takemocktest.com/in/rrb-paramedical/test/cbt-general-science-sectional-1","sectional test","rrb paramedical general science mock test 1","SERP-verified 2026-09-09","","","","RRB Paramedical General Science Mock Test 1","RRB Paramedical General Science Mock Test 1: Free Practice"
"https://takemocktest.com/in/ssc-cht","exam hub","ssc combined hindi translators","Reasoned, not yet SERP-checked","","","","SSC Combined Hindi Translators","SSC Combined Hindi Translators: Free Mock Tests & Exam Pattern"
"https://takemocktest.com/in/ssc-cht/mock-test","mock-test","ssc combined hindi translators mock test 2026","Reasoned, not yet SERP-checked","","","","SSC Combined Hindi Translators Mock Test 2026","SSC CHT Mock Test 2026, Practice Free Test Series"
"https://takemocktest.com/in/ssc-cht/exam-pattern","exam-pattern","ssc combined hindi translators exam pattern","Reasoned, not yet SERP-checked","","","","SSC Combined Hindi Translators Exam Pattern","SSC Combined Hindi Translators Exam Pattern 2026: Marks & Duration"
"https://takemocktest.com/in/ssc-cht/test/paper-1-full-mock-1","full mock test","ssc combined hindi translators paper i full mock test 1","Class GSC-observed, this URL not yet in GSC","","","","SSC Combined Hindi Translators Paper I Full Mock Test 1","SSC Combined Hindi Translators Paper I Full Mock Test 1"
"https://takemocktest.com/in/ssc-cht/test/paper-1-general-hindi-sectional-1","sectional test","ssc combined hindi translators general hindi mock test 1","SERP-verified 2026-09-09","","","","SSC Combined Hindi Translators General Hindi Mock Test 1","SSC Combined Hindi Translators General Hindi Mock Test 1"
"https://takemocktest.com/in/ssc-cht/test/paper-1-general-english-sectional-1","sectional test","ssc combined hindi translators general english mock test 1","SERP-verified 2026-09-09","","","","SSC Combined Hindi Translators General English Mock Test 1","SSC Combined Hindi Translators General English Mock Test 1"
"https://takemocktest.com/in/ssc-cht/test/paper-1-full-mock-2","full mock test","ssc combined hindi translators paper i full mock test 2","Class GSC-observed, this URL not yet in GSC","","","","SSC Combined Hindi Translators Paper I Full Mock Test 2","SSC Combined Hindi Translators Paper I Full Mock Test 2"
"https://takemocktest.com/in/ssc-cht/test/paper-1-general-hindi-sectional-2","sectional test","ssc combined hindi translators general hindi mock test 2","SERP-verified 2026-09-09","","","","SSC Combined Hindi Translators General Hindi Mock Test 2","SSC Combined Hindi Translators General Hindi Mock Test 2"
"https://takemocktest.com/in/ssc-cht/test/paper-1-general-english-sectional-2","sectional test","ssc combined hindi translators general english mock test 2","SERP-verified 2026-09-09","","","","SSC Combined Hindi Translators General English Mock Test 2","SSC Combined Hindi Translators General English Mock Test 2"
"https://takemocktest.com/in/ssc-selection-post","exam hub","ssc selection post","Reasoned, not yet SERP-checked","","","","SSC Selection Post","SSC Selection Post: Free Mock Tests & Exam Pattern"
"https://takemocktest.com/in/ssc-selection-post/mock-test","mock-test","ssc selection post mock test 2026","Reasoned, not yet SERP-checked","","","","SSC Selection Post Mock Test 2026","SSC Selection Post Mock Test 2026, Practice Free Test Series"
"https://takemocktest.com/in/ssc-selection-post/exam-pattern","exam-pattern","ssc selection post exam pattern","Reasoned, not yet SERP-checked","","","","SSC Selection Post Exam Pattern","SSC Selection Post Exam Pattern 2026: Marks & Duration"
"https://takemocktest.com/in/ssc-selection-post/test/matriculation-cbe-full-mock-1","full mock test","ssc selection post matriculation level full mock test 1","Class GSC-observed, this URL not yet in GSC","","","","SSC Selection Post Matriculation Level Full Mock Test 1","SSC Selection Post Matriculation Level Full Mock Test 1"
"https://takemocktest.com/in/ssc-selection-post/test/matriculation-cbe-general-intelligence-sectional-1","sectional test","ssc selection post matriculation level general intelligence mock test 1","SERP-verified 2026-09-09","","","","SSC Selection Post Matriculation Level General Intelligence Mock Test 1","SSC Selection Post Matriculation Level General Intelligence Mock Test 1"
"https://takemocktest.com/in/ssc-selection-post/test/matriculation-cbe-general-awareness-sectional-1","sectional test","ssc selection post matriculation level general awareness mock test 1","SERP-verified 2026-09-09","","","","SSC Selection Post Matriculation Level General Awareness Mock Test 1","SSC Selection Post Matriculation Level General Awareness Mock Test 1"
"https://takemocktest.com/in/ssc-selection-post/test/matriculation-cbe-quantitative-aptitude-sectional-1","sectional test","ssc selection post matriculation level quantitative aptitude mock test 1","SERP-verified 2026-09-09","","","","SSC Selection Post Matriculation Level Quantitative Aptitude Mock Test 1","SSC Selection Post Matriculation Level Quantitative Aptitude Mock Test 1"
"https://takemocktest.com/in/ssc-selection-post/test/matriculation-cbe-english-language-sectional-1","sectional test","ssc selection post matriculation level english language mock test 1","SERP-verified 2026-09-09","","","","SSC Selection Post Matriculation Level English Language Mock Test 1","SSC Selection Post Matriculation Level English Language Mock Test 1"
"https://takemocktest.com/in/ssc-selection-post/test/matriculation-cbe-full-mock-2","full mock test","ssc selection post matriculation level full mock test 2","Class GSC-observed, this URL not yet in GSC","","","","SSC Selection Post Matriculation Level Full Mock Test 2","SSC Selection Post Matriculation Level Full Mock Test 2"
"https://takemocktest.com/in/ssc-selection-post/test/matriculation-cbe-general-intelligence-sectional-2","sectional test","ssc selection post matriculation level general intelligence mock test 2","SERP-verified 2026-09-09","","","","SSC Selection Post Matriculation Level General Intelligence Mock Test 2","SSC Selection Post Matriculation Level General Intelligence Mock Test 2"
"https://takemocktest.com/in/ssc-selection-post/test/matriculation-cbe-general-awareness-sectional-2","sectional test","ssc selection post matriculation level general awareness mock test 2","SERP-verified 2026-09-09","","","","SSC Selection Post Matriculation Level General Awareness Mock Test 2","SSC Selection Post Matriculation Level General Awareness Mock Test 2"
"https://takemocktest.com/in/ssc-selection-post/test/matriculation-cbe-quantitative-aptitude-sectional-2","sectional test","ssc selection post matriculation level quantitative aptitude mock test 2","SERP-verified 2026-09-09","","","","SSC Selection Post Matriculation Level Quantitative Aptitude Mock Test 2","SSC Selection Post Matriculation Level Quantitative Aptitude Mock Test 2"
"https://takemocktest.com/in/ssc-selection-post/test/matriculation-cbe-english-language-sectional-2","sectional test","ssc selection post matriculation level english language mock test 2","SERP-verified 2026-09-09","","","","SSC Selection Post Matriculation Level English Language Mock Test 2","SSC Selection Post Matriculation Level English Language Mock Test 2"
"https://takemocktest.com/in/ssc-selection-post/test/higher-secondary-cbe-full-mock-1","full mock test","ssc selection post higher secondary level full mock test 1","Class GSC-observed, this URL not yet in GSC","","","","SSC Selection Post Higher Secondary Level Full Mock Test 1","SSC Selection Post Higher Secondary Level Full Mock Test 1"
"https://takemocktest.com/in/ssc-selection-post/test/higher-secondary-cbe-general-intelligence-sectional-1","sectional test","ssc selection post higher secondary (10+2) level general intelligence mock test 1","SERP-verified 2026-09-09","","","","SSC Selection Post Higher Secondary (10+2) Level General Intelligence Mock Test 1","SSC Selection Post Higher Secondary (10+2) Level General Intelligence Mock Test 1"
"https://takemocktest.com/in/ssc-selection-post/test/higher-secondary-cbe-general-awareness-sectional-1","sectional test","ssc selection post higher secondary (10+2) level general awareness mock test 1","SERP-verified 2026-09-09","","","","SSC Selection Post Higher Secondary (10+2) Level General Awareness Mock Test 1","SSC Selection Post Higher Secondary (10+2) Level General Awareness Mock Test 1"
"https://takemocktest.com/in/ssc-selection-post/test/higher-secondary-cbe-quantitative-aptitude-sectional-1","sectional test","ssc selection post higher secondary (10+2) level quantitative aptitude mock test 1","SERP-verified 2026-09-09","","","","SSC Selection Post Higher Secondary (10+2) Level Quantitative Aptitude Mock Test 1","SSC Selection Post Higher Secondary (10+2) Level Quantitative Aptitude Mock Test 1"
"https://takemocktest.com/in/ssc-selection-post/test/higher-secondary-cbe-english-language-sectional-1","sectional test","ssc selection post higher secondary (10+2) level english language mock test 1","SERP-verified 2026-09-09","","","","SSC Selection Post Higher Secondary (10+2) Level English Language Mock Test 1","SSC Selection Post Higher Secondary (10+2) Level English Language Mock Test 1"
"https://takemocktest.com/in/ssc-selection-post/test/higher-secondary-cbe-full-mock-2","full mock test","ssc selection post higher secondary level full mock test 2","Class GSC-observed, this URL not yet in GSC","","","","SSC Selection Post Higher Secondary Level Full Mock Test 2","SSC Selection Post Higher Secondary Level Full Mock Test 2"
"https://takemocktest.com/in/ssc-selection-post/test/higher-secondary-cbe-general-intelligence-sectional-2","sectional test","ssc selection post higher secondary (10+2) level general intelligence mock test 2","SERP-verified 2026-09-09","","","","SSC Selection Post Higher Secondary (10+2) Level General Intelligence Mock Test 2","SSC Selection Post Higher Secondary (10+2) Level General Intelligence Mock Test 2"
"https://takemocktest.com/in/ssc-selection-post/test/higher-secondary-cbe-general-awareness-sectional-2","sectional test","ssc selection post higher secondary (10+2) level general awareness mock test 2","SERP-verified 2026-09-09","","","","SSC Selection Post Higher Secondary (10+2) Level General Awareness Mock Test 2","SSC Selection Post Higher Secondary (10+2) Level General Awareness Mock Test 2"
"https://takemocktest.com/in/ssc-selection-post/test/higher-secondary-cbe-quantitative-aptitude-sectional-2","sectional test","ssc selection post higher secondary (10+2) level quantitative aptitude mock test 2","SERP-verified 2026-09-09","","","","SSC Selection Post Higher Secondary (10+2) Level Quantitative Aptitude Mock Test 2","SSC Selection Post Higher Secondary (10+2) Level Quantitative Aptitude Mock Test 2"
"https://takemocktest.com/in/ssc-selection-post/test/higher-secondary-cbe-english-language-sectional-2","sectional test","ssc selection post higher secondary (10+2) level english language mock test 2","SERP-verified 2026-09-09","","","","SSC Selection Post Higher Secondary (10+2) Level English Language Mock Test 2","SSC Selection Post Higher Secondary (10+2) Level English Language Mock Test 2"
"https://takemocktest.com/in/ssc-selection-post/test/graduation-cbe-full-mock-1","full mock test","ssc selection post graduation level full mock test 1","Class GSC-observed, this URL not yet in GSC","","","","SSC Selection Post Graduation Level Full Mock Test 1","SSC Selection Post Graduation Level Full Mock Test 1"
"https://takemocktest.com/in/ssc-selection-post/test/graduation-cbe-general-intelligence-sectional-1","sectional test","ssc selection post graduation and above level general intelligence mock test 1","SERP-verified 2026-09-09","","","","SSC Selection Post Graduation and Above Level General Intelligence Mock Test 1","SSC Selection Post Graduation and Above Level General Intelligence Mock Test 1"
"https://takemocktest.com/in/ssc-selection-post/test/graduation-cbe-general-awareness-sectional-1","sectional test","ssc selection post graduation and above level general awareness mock test 1","SERP-verified 2026-09-09","","","","SSC Selection Post Graduation and Above Level General Awareness Mock Test 1","SSC Selection Post Graduation and Above Level General Awareness Mock Test 1"
"https://takemocktest.com/in/ssc-selection-post/test/graduation-cbe-quantitative-aptitude-sectional-1","sectional test","ssc selection post graduation and above level quantitative aptitude mock test 1","SERP-verified 2026-09-09","","","","SSC Selection Post Graduation and Above Level Quantitative Aptitude Mock Test 1","SSC Selection Post Graduation and Above Level Quantitative Aptitude Mock Test 1"
"https://takemocktest.com/in/ssc-selection-post/test/graduation-cbe-english-language-sectional-1","sectional test","ssc selection post graduation and above level english language mock test 1","SERP-verified 2026-09-09","","","","SSC Selection Post Graduation and Above Level English Language Mock Test 1","SSC Selection Post Graduation and Above Level English Language Mock Test 1"
"https://takemocktest.com/in/ssc-selection-post/test/graduation-cbe-full-mock-2","full mock test","ssc selection post graduation level full mock test 2","Class GSC-observed, this URL not yet in GSC","","","","SSC Selection Post Graduation Level Full Mock Test 2","SSC Selection Post Graduation Level Full Mock Test 2"
"https://takemocktest.com/in/ssc-selection-post/test/graduation-cbe-general-intelligence-sectional-2","sectional test","ssc selection post graduation and above level general intelligence mock test 2","SERP-verified 2026-09-09","","","","SSC Selection Post Graduation and Above Level General Intelligence Mock Test 2","SSC Selection Post Graduation and Above Level General Intelligence Mock Test 2"
"https://takemocktest.com/in/ssc-selection-post/test/graduation-cbe-general-awareness-sectional-2","sectional test","ssc selection post graduation and above level general awareness mock test 2","SERP-verified 2026-09-09","","","","SSC Selection Post Graduation and Above Level General Awareness Mock Test 2","SSC Selection Post Graduation and Above Level General Awareness Mock Test 2"
"https://takemocktest.com/in/ssc-selection-post/test/graduation-cbe-quantitative-aptitude-sectional-2","sectional test","ssc selection post graduation and above level quantitative aptitude mock test 2","SERP-verified 2026-09-09","","","","SSC Selection Post Graduation and Above Level Quantitative Aptitude Mock Test 2","SSC Selection Post Graduation and Above Level Quantitative Aptitude Mock Test 2"
"https://takemocktest.com/in/ssc-selection-post/test/graduation-cbe-english-language-sectional-2","sectional test","ssc selection post graduation and above level english language mock test 2","SERP-verified 2026-09-09","","","","SSC Selection Post Graduation and Above Level English Language Mock Test 2","SSC Selection Post Graduation and Above Level English Language Mock Test 2"
"https://takemocktest.com/in/bitsat","exam hub","bitsat","Reasoned, not yet SERP-checked","","","","BITSAT","BITSAT: Free Mock Tests & Exam Pattern | TakeMockTest"
"https://takemocktest.com/in/bitsat/mock-test","mock-test","bitsat mock test 2026","Reasoned, not yet SERP-checked","","","","BITSAT Mock Test 2026","BITSAT Mock Test 2026, Practice Free Test Series"
"https://takemocktest.com/in/bitsat/exam-pattern","exam-pattern","bitsat exam pattern","Reasoned, not yet SERP-checked","","","","BITSAT Exam Pattern","BITSAT Exam Pattern 2026: Marks & Duration | TakeMockTest"
"https://takemocktest.com/in/bitsat/test/mathematics-full-mock-1","full mock test","bitsat mathematics variant full mock test 1","Class GSC-observed, this URL not yet in GSC","","","","BITSAT Mathematics Variant Full Mock Test 1","BITSAT Mathematics Variant Full Mock Test 1 (2026)"
"https://takemocktest.com/in/bitsat/test/mathematics-full-mock-2","full mock test","bitsat mathematics variant full mock test 2","Class GSC-observed, this URL not yet in GSC","","","","BITSAT Mathematics Variant Full Mock Test 2","BITSAT Mathematics Variant Full Mock Test 2 (2026)"
"https://takemocktest.com/in/bitsat/test/mathematics-physics-sectional-1","sectional test","bitsat physics mock test 1","SERP-verified 2026-09-09","","","","BITSAT Physics Mock Test 1","BITSAT Physics Mock Test 1: Free Practice | TakeMockTest"
"https://takemocktest.com/in/bitsat/test/mathematics-chemistry-sectional-1","sectional test","bitsat chemistry mock test 1","SERP-verified 2026-09-09","","","","BITSAT Chemistry Mock Test 1","BITSAT Chemistry Mock Test 1: Free Practice | TakeMockTest"
"https://takemocktest.com/in/bitsat/test/mathematics-english-proficiency-sectional-1","sectional test","bitsat english proficiency mock test 1","SERP-verified 2026-09-09","","","","BITSAT English Proficiency Mock Test 1","BITSAT English Proficiency Mock Test 1: Free Practice"
"https://takemocktest.com/in/bitsat/test/mathematics-logical-reasoning-sectional-1","sectional test","bitsat logical reasoning mock test 1","SERP-verified 2026-09-09","","","","BITSAT Logical Reasoning Mock Test 1","BITSAT Logical Reasoning Mock Test 1: Free Practice"
"https://takemocktest.com/in/bitsat/test/mathematics-mathematics-sectional-1","sectional test","bitsat mathematics mock test 1","SERP-verified 2026-09-09","","","","BITSAT Mathematics Mock Test 1","BITSAT Mathematics Mock Test 1: Free Practice | TakeMockTest"
"https://takemocktest.com/in/bitsat/test/mathematics-physics-sectional-2","sectional test","bitsat physics mock test 2","SERP-verified 2026-09-09","","","","BITSAT Physics Mock Test 2","BITSAT Physics Mock Test 2: Free Practice | TakeMockTest"
"https://takemocktest.com/in/bitsat/test/mathematics-chemistry-sectional-2","sectional test","bitsat chemistry mock test 2","SERP-verified 2026-09-09","","","","BITSAT Chemistry Mock Test 2","BITSAT Chemistry Mock Test 2: Free Practice | TakeMockTest"
"https://takemocktest.com/in/bitsat/test/mathematics-english-proficiency-sectional-2","sectional test","bitsat english proficiency mock test 2","SERP-verified 2026-09-09","","","","BITSAT English Proficiency Mock Test 2","BITSAT English Proficiency Mock Test 2: Free Practice"
"https://takemocktest.com/in/bitsat/test/mathematics-logical-reasoning-sectional-2","sectional test","bitsat logical reasoning mock test 2","SERP-verified 2026-09-09","","","","BITSAT Logical Reasoning Mock Test 2","BITSAT Logical Reasoning Mock Test 2: Free Practice"
"https://takemocktest.com/in/bitsat/test/mathematics-mathematics-sectional-2","sectional test","bitsat mathematics mock test 2","SERP-verified 2026-09-09","","","","BITSAT Mathematics Mock Test 2","BITSAT Mathematics Mock Test 2: Free Practice | TakeMockTest"
"https://takemocktest.com/in/jee-main","exam hub","jee main","Reasoned, not yet SERP-checked","","","","JEE Main","JEE Main: Free Mock Tests & Exam Pattern | TakeMockTest"
"https://takemocktest.com/in/jee-main/mock-test","mock-test","jee main mock test 2026","Reasoned, not yet SERP-checked","","","","JEE Main Mock Test 2026","JEE Main Mock Test 2026, Practice Free Test Series"
"https://takemocktest.com/in/jee-main/exam-pattern","exam-pattern","jee main exam pattern","Reasoned, not yet SERP-checked","","","","JEE Main Exam Pattern","JEE Main Exam Pattern 2026: Marks & Duration | TakeMockTest"
"https://takemocktest.com/in/jee-main/test/paper-1-full-mock-1","full mock test","jee main paper 1 full mock test 1","Class GSC-observed, this URL not yet in GSC","","","","JEE Main Paper 1 Full Mock Test 1","JEE Main Paper 1 Full Mock Test 1 (2026): Free Online Test"
"https://takemocktest.com/in/jee-main/test/paper-1-mathematics-sectional-1","sectional test","jee main mathematics mock test 1","SERP-verified 2026-09-09","","","","JEE Main Mathematics Mock Test 1","JEE Main Mathematics Mock Test 1: Free Practice"
"https://takemocktest.com/in/jee-main/test/paper-1-physics-sectional-1","sectional test","jee main physics mock test 1","SERP-verified 2026-09-09","","","","JEE Main Physics Mock Test 1","JEE Main Physics Mock Test 1: Free Practice | TakeMockTest"
"https://takemocktest.com/in/jee-main/test/paper-1-chemistry-sectional-1","sectional test","jee main chemistry mock test 1","SERP-verified 2026-09-09","","","","JEE Main Chemistry Mock Test 1","JEE Main Chemistry Mock Test 1: Free Practice | TakeMockTest"
"https://takemocktest.com/in/jee-main/test/paper-1-full-mock-2","full mock test","jee main paper 1 full mock test 2","Class GSC-observed, this URL not yet in GSC","","","","JEE Main Paper 1 Full Mock Test 2","JEE Main Paper 1 Full Mock Test 2 (2026): Free Online Test"
"https://takemocktest.com/in/jee-main/test/paper-1-mathematics-sectional-2","sectional test","jee main mathematics mock test 2","SERP-verified 2026-09-09","","","","JEE Main Mathematics Mock Test 2","JEE Main Mathematics Mock Test 2: Free Practice"
"https://takemocktest.com/in/jee-main/test/paper-1-physics-sectional-2","sectional test","jee main physics mock test 2","SERP-verified 2026-09-09","","","","JEE Main Physics Mock Test 2","JEE Main Physics Mock Test 2: Free Practice | TakeMockTest"
"https://takemocktest.com/in/jee-main/test/paper-1-chemistry-sectional-2","sectional test","jee main chemistry mock test 2","SERP-verified 2026-09-09","","","","JEE Main Chemistry Mock Test 2","JEE Main Chemistry Mock Test 2: Free Practice | TakeMockTest"
"https://takemocktest.com/in/jee-advanced","exam hub","jee advanced","Reasoned, not yet SERP-checked","","","","JEE Advanced","JEE Advanced: Free Mock Tests & Exam Pattern | TakeMockTest"
"https://takemocktest.com/in/jee-advanced/mock-test","mock-test","jee advanced mock test 2026","Reasoned, not yet SERP-checked","","","","JEE Advanced Mock Test 2026","JEE Advanced Mock Test 2026, Practice Free Test Series"
"https://takemocktest.com/in/jee-advanced/exam-pattern","exam-pattern","jee advanced exam pattern","Reasoned, not yet SERP-checked","","","","JEE Advanced Exam Pattern","JEE Advanced Exam Pattern 2026: Marks & Duration"
"https://takemocktest.com/in/jee-advanced/test/paper-1-full-mock-1","full mock test","jee advanced paper 1 full mock test 1","Class GSC-observed, this URL not yet in GSC","","","","JEE Advanced Paper 1 Full Mock Test 1","JEE Advanced Paper 1 Full Mock Test 1 (2026) | TakeMockTest"
"https://takemocktest.com/in/jee-advanced/test/paper-1-mathematics-sectional-1","sectional test","jee advanced paper 1 mathematics mock test 1","SERP-verified 2026-09-09","","","","JEE Advanced Paper 1 Mathematics Mock Test 1","JEE Advanced Paper 1 Mathematics Mock Test 1: Free Practice"
"https://takemocktest.com/in/jee-advanced/test/paper-1-physics-sectional-1","sectional test","jee advanced paper 1 physics mock test 1","SERP-verified 2026-09-09","","","","JEE Advanced Paper 1 Physics Mock Test 1","JEE Advanced Paper 1 Physics Mock Test 1: Free Practice"
"https://takemocktest.com/in/jee-advanced/test/paper-1-chemistry-sectional-1","sectional test","jee advanced paper 1 chemistry mock test 1","SERP-verified 2026-09-09","","","","JEE Advanced Paper 1 Chemistry Mock Test 1","JEE Advanced Paper 1 Chemistry Mock Test 1: Free Practice"
"https://takemocktest.com/in/jee-advanced/test/paper-1-full-mock-2","full mock test","jee advanced paper 1 full mock test 2","Class GSC-observed, this URL not yet in GSC","","","","JEE Advanced Paper 1 Full Mock Test 2","JEE Advanced Paper 1 Full Mock Test 2 (2026) | TakeMockTest"
"https://takemocktest.com/in/jee-advanced/test/paper-1-mathematics-sectional-2","sectional test","jee advanced paper 1 mathematics mock test 2","SERP-verified 2026-09-09","","","","JEE Advanced Paper 1 Mathematics Mock Test 2","JEE Advanced Paper 1 Mathematics Mock Test 2: Free Practice"
"https://takemocktest.com/in/jee-advanced/test/paper-1-physics-sectional-2","sectional test","jee advanced paper 1 physics mock test 2","SERP-verified 2026-09-09","","","","JEE Advanced Paper 1 Physics Mock Test 2","JEE Advanced Paper 1 Physics Mock Test 2: Free Practice"
"https://takemocktest.com/in/jee-advanced/test/paper-1-chemistry-sectional-2","sectional test","jee advanced paper 1 chemistry mock test 2","SERP-verified 2026-09-09","","","","JEE Advanced Paper 1 Chemistry Mock Test 2","JEE Advanced Paper 1 Chemistry Mock Test 2: Free Practice"
"https://takemocktest.com/in/jee-advanced/test/paper-2-full-mock-1","full mock test","jee advanced paper 2 full mock test 1","Class GSC-observed, this URL not yet in GSC","","","","JEE Advanced Paper 2 Full Mock Test 1","JEE Advanced Paper 2 Full Mock Test 1 (2026) | TakeMockTest"
"https://takemocktest.com/in/jee-advanced/test/paper-2-mathematics-sectional-1","sectional test","jee advanced paper 2 mathematics mock test 1","SERP-verified 2026-09-09","","","","JEE Advanced Paper 2 Mathematics Mock Test 1","JEE Advanced Paper 2 Mathematics Mock Test 1: Free Practice"
"https://takemocktest.com/in/jee-advanced/test/paper-2-physics-sectional-1","sectional test","jee advanced paper 2 physics mock test 1","SERP-verified 2026-09-09","","","","JEE Advanced Paper 2 Physics Mock Test 1","JEE Advanced Paper 2 Physics Mock Test 1: Free Practice"
"https://takemocktest.com/in/jee-advanced/test/paper-2-chemistry-sectional-1","sectional test","jee advanced paper 2 chemistry mock test 1","SERP-verified 2026-09-09","","","","JEE Advanced Paper 2 Chemistry Mock Test 1","JEE Advanced Paper 2 Chemistry Mock Test 1: Free Practice"
"https://takemocktest.com/in/jee-advanced/test/paper-2-full-mock-2","full mock test","jee advanced paper 2 full mock test 2","Class GSC-observed, this URL not yet in GSC","","","","JEE Advanced Paper 2 Full Mock Test 2","JEE Advanced Paper 2 Full Mock Test 2 (2026) | TakeMockTest"
"https://takemocktest.com/in/jee-advanced/test/paper-2-mathematics-sectional-2","sectional test","jee advanced paper 2 mathematics mock test 2","SERP-verified 2026-09-09","","","","JEE Advanced Paper 2 Mathematics Mock Test 2","JEE Advanced Paper 2 Mathematics Mock Test 2: Free Practice"
"https://takemocktest.com/in/jee-advanced/test/paper-2-physics-sectional-2","sectional test","jee advanced paper 2 physics mock test 2","SERP-verified 2026-09-09","","","","JEE Advanced Paper 2 Physics Mock Test 2","JEE Advanced Paper 2 Physics Mock Test 2: Free Practice"
"https://takemocktest.com/in/jee-advanced/test/paper-2-chemistry-sectional-2","sectional test","jee advanced paper 2 chemistry mock test 2","SERP-verified 2026-09-09","","","","JEE Advanced Paper 2 Chemistry Mock Test 2","JEE Advanced Paper 2 Chemistry Mock Test 2: Free Practice"
"https://takemocktest.com/in/jee-main-paper-2","exam hub","jee main paper 2","Reasoned, not yet SERP-checked","","","","JEE Main Paper 2","JEE Main Paper 2: Free Mock Tests & Exam Pattern"
"https://takemocktest.com/in/jee-main-paper-2/mock-test","mock-test","jee main paper 2 mock test 2026","Reasoned, not yet SERP-checked","","","","JEE Main Paper 2 Mock Test 2026","JEE Main Paper 2 Mock Test 2026, Practice Free Test Series"
"https://takemocktest.com/in/jee-main-paper-2/exam-pattern","exam-pattern","jee main paper 2 exam pattern","Reasoned, not yet SERP-checked","","","","JEE Main Paper 2 Exam Pattern","JEE Main Paper 2 Exam Pattern 2026: Marks & Duration"
"https://takemocktest.com/in/jee-main-paper-2/test/paper-2b-full-mock-1","full mock test","jee main paper 2 paper 2b b.planning full mock test 1","Class GSC-observed, this URL not yet in GSC","","","","JEE Main Paper 2 Paper 2B B.Planning Full Mock Test 1","JEE Main Paper 2 Paper 2B B.Planning Full Mock Test 1 (2026)"
"https://takemocktest.com/in/nata","exam hub","nata","Reasoned, not yet SERP-checked","","","","NATA","NATA: Free Mock Tests & Exam Pattern | TakeMockTest"
"https://takemocktest.com/in/nata/mock-test","mock-test","nata mock test 2026","Reasoned, not yet SERP-checked","","","","NATA Mock Test 2026","NATA Mock Test 2026, Practice Free Test Series"
"https://takemocktest.com/in/nata/test/mathematics-full-mock-1","full mock test","nata mathematics full mock test 1","Class GSC-observed, this URL not yet in GSC","","","","NATA Mathematics Full Mock Test 1","NATA Mathematics Full Mock Test 1 (2026): Free Online Test"
"https://takemocktest.com/in/nata/test/mathematics-full-mock-2","full mock test","nata mathematics full mock test 2","Class GSC-observed, this URL not yet in GSC","","","","NATA Mathematics Full Mock Test 2","NATA Mathematics Full Mock Test 2 (2026): Free Online Test"
"https://takemocktest.com/in/viteee","exam hub","viteee","Reasoned, not yet SERP-checked","","","","VITEEE","VITEEE: Free Mock Tests & Exam Pattern | TakeMockTest"
"https://takemocktest.com/in/viteee/mock-test","mock-test","viteee mock test 2026","Reasoned, not yet SERP-checked","","","","VITEEE Mock Test 2026","VITEEE Mock Test 2026, Practice Free Test Series"
"https://takemocktest.com/in/viteee/exam-pattern","exam-pattern","viteee exam pattern","Reasoned, not yet SERP-checked","","","","VITEEE Exam Pattern","VITEEE Exam Pattern 2026: Marks & Duration | TakeMockTest"
"https://takemocktest.com/in/viteee/test/full-mock-1","full mock test","viteee full mock test 1","Class GSC-observed, this URL not yet in GSC","","","","VITEEE Full Mock Test 1","VITEEE Full Mock Test 1 (2026): Free Online Test"
"https://takemocktest.com/in/viteee/test/mathematics-sectional-1","sectional test","viteee mathematics mock test 1","SERP-verified 2026-09-09","","","","VITEEE Mathematics Mock Test 1","VITEEE Mathematics Mock Test 1: Free Practice | TakeMockTest"
"https://takemocktest.com/in/viteee/test/physics-sectional-1","sectional test","viteee physics mock test 1","SERP-verified 2026-09-09","","","","VITEEE Physics Mock Test 1","VITEEE Physics Mock Test 1: Free Practice | TakeMockTest"
"https://takemocktest.com/in/viteee/test/chemistry-sectional-1","sectional test","viteee chemistry mock test 1","SERP-verified 2026-09-09","","","","VITEEE Chemistry Mock Test 1","VITEEE Chemistry Mock Test 1: Free Practice | TakeMockTest"
"https://takemocktest.com/in/viteee/test/aptitude-sectional-1","sectional test","viteee aptitude mock test 1","SERP-verified 2026-09-09","","","","VITEEE Aptitude Mock Test 1","VITEEE Aptitude Mock Test 1: Free Practice | TakeMockTest"
"https://takemocktest.com/in/viteee/test/full-mock-2","full mock test","viteee full mock test 2","Class GSC-observed, this URL not yet in GSC","","","","VITEEE Full Mock Test 2","VITEEE Full Mock Test 2 (2026): Free Online Test"
"https://takemocktest.com/in/viteee/test/mathematics-sectional-2","sectional test","viteee mathematics mock test 2","SERP-verified 2026-09-09","","","","VITEEE Mathematics Mock Test 2","VITEEE Mathematics Mock Test 2: Free Practice | TakeMockTest"
"https://takemocktest.com/in/viteee/test/physics-sectional-2","sectional test","viteee physics mock test 2","SERP-verified 2026-09-09","","","","VITEEE Physics Mock Test 2","VITEEE Physics Mock Test 2: Free Practice | TakeMockTest"
"https://takemocktest.com/in/viteee/test/chemistry-sectional-2","sectional test","viteee chemistry mock test 2","SERP-verified 2026-09-09","","","","VITEEE Chemistry Mock Test 2","VITEEE Chemistry Mock Test 2: Free Practice | TakeMockTest"
"https://takemocktest.com/in/viteee/test/aptitude-sectional-2","sectional test","viteee aptitude mock test 2","SERP-verified 2026-09-09","","","","VITEEE Aptitude Mock Test 2","VITEEE Aptitude Mock Test 2: Free Practice | TakeMockTest"
"https://takemocktest.com/in/viteee/test/full-mock-3","full mock test","viteee full mock test 3","Class GSC-observed, this URL not yet in GSC","","","","VITEEE Full Mock Test 3","VITEEE Full Mock Test 3 (2026): Free Online Test"
"https://takemocktest.com/in/viteee/test/mathematics-sectional-3","sectional test","viteee mathematics mock test 3","SERP-verified 2026-09-09","","","","VITEEE Mathematics Mock Test 3","VITEEE Mathematics Mock Test 3: Free Practice | TakeMockTest"
"https://takemocktest.com/in/viteee/test/physics-sectional-3","sectional test","viteee physics mock test 3","SERP-verified 2026-09-09","","","","VITEEE Physics Mock Test 3","VITEEE Physics Mock Test 3: Free Practice | TakeMockTest"
"https://takemocktest.com/in/viteee/test/chemistry-sectional-3","sectional test","viteee chemistry mock test 3","SERP-verified 2026-09-09","","","","VITEEE Chemistry Mock Test 3","VITEEE Chemistry Mock Test 3: Free Practice | TakeMockTest"
"https://takemocktest.com/in/viteee/test/aptitude-sectional-3","sectional test","viteee aptitude mock test 3","SERP-verified 2026-09-09","","","","VITEEE Aptitude Mock Test 3","VITEEE Aptitude Mock Test 3: Free Practice | TakeMockTest"
"https://takemocktest.com/in/srmjeee","exam hub","srmjeee","Reasoned, not yet SERP-checked","","","","SRMJEEE","SRMJEEE: Free Mock Tests & Exam Pattern | TakeMockTest"
"https://takemocktest.com/in/srmjeee/mock-test","mock-test","srmjeee mock test 2026","Reasoned, not yet SERP-checked","","","","SRMJEEE Mock Test 2026","SRMJEEE Mock Test 2026, Practice Free Test Series"
"https://takemocktest.com/in/srmjeee/exam-pattern","exam-pattern","srmjeee exam pattern","Reasoned, not yet SERP-checked","","","","SRMJEEE Exam Pattern","SRMJEEE Exam Pattern 2026: Marks & Duration | TakeMockTest"
"https://takemocktest.com/in/srmjeee/test/full-mock-1","full mock test","srmjeee full mock test 1","Class GSC-observed, this URL not yet in GSC","","","","SRMJEEE Full Mock Test 1","SRMJEEE Full Mock Test 1 (2026): Free Online Test"
"https://takemocktest.com/in/srmjeee/test/physics-sectional-1","sectional test","srmjeee physics mock test 1","SERP-verified 2026-09-09","","","","SRMJEEE Physics Mock Test 1","SRMJEEE Physics Mock Test 1: Free Practice | TakeMockTest"
"https://takemocktest.com/in/srmjeee/test/chemistry-sectional-1","sectional test","srmjeee chemistry mock test 1","SERP-verified 2026-09-09","","","","SRMJEEE Chemistry Mock Test 1","SRMJEEE Chemistry Mock Test 1: Free Practice | TakeMockTest"
"https://takemocktest.com/in/srmjeee/test/mathematics-sectional-1","sectional test","srmjeee mathematics mock test 1","SERP-verified 2026-09-09","","","","SRMJEEE Mathematics Mock Test 1","SRMJEEE Mathematics Mock Test 1: Free Practice"
"https://takemocktest.com/in/srmjeee/test/english-aptitude-sectional-1","sectional test","srmjeee english & aptitude mock test 1","SERP-verified 2026-09-09","","","","SRMJEEE English & Aptitude Mock Test 1","SRMJEEE English & Aptitude Mock Test 1: Free Practice"
"https://takemocktest.com/in/srmjeee/test/full-mock-2","full mock test","srmjeee full mock test 2","Class GSC-observed, this URL not yet in GSC","","","","SRMJEEE Full Mock Test 2","SRMJEEE Full Mock Test 2 (2026): Free Online Test"
"https://takemocktest.com/in/srmjeee/test/physics-sectional-2","sectional test","srmjeee physics mock test 2","SERP-verified 2026-09-09","","","","SRMJEEE Physics Mock Test 2","SRMJEEE Physics Mock Test 2: Free Practice | TakeMockTest"
"https://takemocktest.com/in/srmjeee/test/chemistry-sectional-2","sectional test","srmjeee chemistry mock test 2","SERP-verified 2026-09-09","","","","SRMJEEE Chemistry Mock Test 2","SRMJEEE Chemistry Mock Test 2: Free Practice | TakeMockTest"
"https://takemocktest.com/in/srmjeee/test/mathematics-sectional-2","sectional test","srmjeee mathematics mock test 2","SERP-verified 2026-09-09","","","","SRMJEEE Mathematics Mock Test 2","SRMJEEE Mathematics Mock Test 2: Free Practice"
"https://takemocktest.com/in/srmjeee/test/english-aptitude-sectional-2","sectional test","srmjeee english & aptitude mock test 2","SERP-verified 2026-09-09","","","","SRMJEEE English & Aptitude Mock Test 2","SRMJEEE English & Aptitude Mock Test 2: Free Practice"
"https://takemocktest.com/in/srmjeee/test/full-mock-3","full mock test","srmjeee full mock test 3","Class GSC-observed, this URL not yet in GSC","","","","SRMJEEE Full Mock Test 3","SRMJEEE Full Mock Test 3 (2026): Free Online Test"
"https://takemocktest.com/in/srmjeee/test/physics-sectional-3","sectional test","srmjeee physics mock test 3","SERP-verified 2026-09-09","","","","SRMJEEE Physics Mock Test 3","SRMJEEE Physics Mock Test 3: Free Practice | TakeMockTest"
"https://takemocktest.com/in/srmjeee/test/chemistry-sectional-3","sectional test","srmjeee chemistry mock test 3","SERP-verified 2026-09-09","","","","SRMJEEE Chemistry Mock Test 3","SRMJEEE Chemistry Mock Test 3: Free Practice | TakeMockTest"
"https://takemocktest.com/in/srmjeee/test/mathematics-sectional-3","sectional test","srmjeee mathematics mock test 3","SERP-verified 2026-09-09","","","","SRMJEEE Mathematics Mock Test 3","SRMJEEE Mathematics Mock Test 3: Free Practice"
"https://takemocktest.com/in/srmjeee/test/english-aptitude-sectional-3","sectional test","srmjeee english & aptitude mock test 3","SERP-verified 2026-09-09","","","","SRMJEEE English & Aptitude Mock Test 3","SRMJEEE English & Aptitude Mock Test 3: Free Practice"
"https://takemocktest.com/in/aeee","exam hub","aeee","Reasoned, not yet SERP-checked","","","","AEEE","AEEE: Free Mock Tests & Exam Pattern | TakeMockTest"
"https://takemocktest.com/in/aeee/mock-test","mock-test","aeee mock test 2026","Reasoned, not yet SERP-checked","","","","AEEE Mock Test 2026","AEEE Mock Test 2026, Practice Free Test Series"
"https://takemocktest.com/in/aeee/exam-pattern","exam-pattern","aeee exam pattern","Reasoned, not yet SERP-checked","","","","AEEE Exam Pattern","AEEE Exam Pattern 2026: Marks & Duration | TakeMockTest"
"https://takemocktest.com/in/aeee/test/full-mock-1","full mock test","aeee full mock test 1","Class GSC-observed, this URL not yet in GSC","","","","AEEE Full Mock Test 1","AEEE Full Mock Test 1 (2026): Free Online Test"
"https://takemocktest.com/in/aeee/test/mathematics-sectional-1","sectional test","aeee mathematics mock test 1","SERP-verified 2026-09-09","","","","AEEE Mathematics Mock Test 1","AEEE Mathematics Mock Test 1: Free Practice | TakeMockTest"
"https://takemocktest.com/in/aeee/test/physics-sectional-1","sectional test","aeee physics mock test 1","SERP-verified 2026-09-09","","","","AEEE Physics Mock Test 1","AEEE Physics Mock Test 1: Free Practice | TakeMockTest"
"https://takemocktest.com/in/aeee/test/chemistry-sectional-1","sectional test","aeee chemistry mock test 1","SERP-verified 2026-09-09","","","","AEEE Chemistry Mock Test 1","AEEE Chemistry Mock Test 1: Free Practice | TakeMockTest"
"https://takemocktest.com/in/aeee/test/quantitative-aptitude-sectional-1","sectional test","aeee quantitative aptitude mock test 1","SERP-verified 2026-09-09","","","","AEEE Quantitative Aptitude Mock Test 1","AEEE Quantitative Aptitude Mock Test 1: Free Practice"
"https://takemocktest.com/in/aeee/test/full-mock-2","full mock test","aeee full mock test 2","Class GSC-observed, this URL not yet in GSC","","","","AEEE Full Mock Test 2","AEEE Full Mock Test 2 (2026): Free Online Test"
"https://takemocktest.com/in/aeee/test/mathematics-sectional-2","sectional test","aeee mathematics mock test 2","SERP-verified 2026-09-09","","","","AEEE Mathematics Mock Test 2","AEEE Mathematics Mock Test 2: Free Practice | TakeMockTest"
"https://takemocktest.com/in/aeee/test/physics-sectional-2","sectional test","aeee physics mock test 2","SERP-verified 2026-09-09","","","","AEEE Physics Mock Test 2","AEEE Physics Mock Test 2: Free Practice | TakeMockTest"
"https://takemocktest.com/in/aeee/test/chemistry-sectional-2","sectional test","aeee chemistry mock test 2","SERP-verified 2026-09-09","","","","AEEE Chemistry Mock Test 2","AEEE Chemistry Mock Test 2: Free Practice | TakeMockTest"
"https://takemocktest.com/in/aeee/test/quantitative-aptitude-sectional-2","sectional test","aeee quantitative aptitude mock test 2","SERP-verified 2026-09-09","","","","AEEE Quantitative Aptitude Mock Test 2","AEEE Quantitative Aptitude Mock Test 2: Free Practice"
"https://takemocktest.com/in/met","exam hub","met","Reasoned, not yet SERP-checked","","","","MET","MET: Free Mock Tests & Exam Pattern | TakeMockTest"
"https://takemocktest.com/in/met/mock-test","mock-test","met mock test 2026","Reasoned, not yet SERP-checked","","","","MET Mock Test 2026","MET Mock Test 2026, Practice Free Test Series | TakeMockTest"
"https://takemocktest.com/in/met/exam-pattern","exam-pattern","met exam pattern","Reasoned, not yet SERP-checked","","","","MET Exam Pattern","MET Exam Pattern 2026: Marks & Duration | TakeMockTest"
"https://takemocktest.com/in/met/test/full-mock-1","full mock test","met full mock test 1","Class GSC-observed, this URL not yet in GSC","","","","MET Full Mock Test 1","MET Full Mock Test 1 (2026): Free Online Test | TakeMockTest"
"https://takemocktest.com/in/met/test/mathematics-sectional-1","sectional test","met mathematics mock test 1","SERP-verified 2026-09-09","","","","MET Mathematics Mock Test 1","MET Mathematics Mock Test 1: Free Practice | TakeMockTest"
"https://takemocktest.com/in/met/test/physics-sectional-1","sectional test","met physics mock test 1","SERP-verified 2026-09-09","","","","MET Physics Mock Test 1","MET Physics Mock Test 1: Free Practice | TakeMockTest"
"https://takemocktest.com/in/met/test/chemistry-sectional-1","sectional test","met chemistry mock test 1","SERP-verified 2026-09-09","","","","MET Chemistry Mock Test 1","MET Chemistry Mock Test 1: Free Practice | TakeMockTest"
"https://takemocktest.com/in/met/test/english-sectional-1","sectional test","met english mock test 1","SERP-verified 2026-09-09","","","","MET English Mock Test 1","MET English Mock Test 1: Free Practice | TakeMockTest"
"https://takemocktest.com/in/met/test/full-mock-2","full mock test","met full mock test 2","Class GSC-observed, this URL not yet in GSC","","","","MET Full Mock Test 2","MET Full Mock Test 2 (2026): Free Online Test | TakeMockTest"
"https://takemocktest.com/in/met/test/mathematics-sectional-2","sectional test","met mathematics mock test 2","SERP-verified 2026-09-09","","","","MET Mathematics Mock Test 2","MET Mathematics Mock Test 2: Free Practice | TakeMockTest"
"https://takemocktest.com/in/met/test/physics-sectional-2","sectional test","met physics mock test 2","SERP-verified 2026-09-09","","","","MET Physics Mock Test 2","MET Physics Mock Test 2: Free Practice | TakeMockTest"
"https://takemocktest.com/in/met/test/chemistry-sectional-2","sectional test","met chemistry mock test 2","SERP-verified 2026-09-09","","","","MET Chemistry Mock Test 2","MET Chemistry Mock Test 2: Free Practice | TakeMockTest"
"https://takemocktest.com/in/met/test/english-sectional-2","sectional test","met english mock test 2","SERP-verified 2026-09-09","","","","MET English Mock Test 2","MET English Mock Test 2: Free Practice | TakeMockTest"
"https://takemocktest.com/in/comedk-uget","exam hub","comedk uget","Reasoned, not yet SERP-checked","","","","COMEDK UGET","COMEDK UGET: Free Mock Tests & Exam Pattern | TakeMockTest"
"https://takemocktest.com/in/comedk-uget/mock-test","mock-test","comedk uget mock test 2026","Reasoned, not yet SERP-checked","","","","COMEDK UGET Mock Test 2026","COMEDK UGET Mock Test 2026, Practice Free Test Series"
"https://takemocktest.com/in/comedk-uget/exam-pattern","exam-pattern","comedk uget exam pattern","Reasoned, not yet SERP-checked","","","","COMEDK UGET Exam Pattern","COMEDK UGET Exam Pattern 2026: Marks & Duration"
"https://takemocktest.com/in/comedk-uget/test/full-mock-1","full mock test","comedk uget full mock test 1","Class GSC-observed, this URL not yet in GSC","","","","COMEDK UGET Full Mock Test 1","COMEDK UGET Full Mock Test 1 (2026): Free Online Test"
"https://takemocktest.com/in/comedk-uget/test/physics-sectional-1","sectional test","comedk uget physics mock test 1","SERP-verified 2026-09-09","","","","COMEDK UGET Physics Mock Test 1","COMEDK UGET Physics Mock Test 1: Free Practice"
"https://takemocktest.com/in/comedk-uget/test/chemistry-sectional-1","sectional test","comedk uget chemistry mock test 1","SERP-verified 2026-09-09","","","","COMEDK UGET Chemistry Mock Test 1","COMEDK UGET Chemistry Mock Test 1: Free Practice"
"https://takemocktest.com/in/comedk-uget/test/mathematics-sectional-1","sectional test","comedk uget mathematics mock test 1","SERP-verified 2026-09-09","","","","COMEDK UGET Mathematics Mock Test 1","COMEDK UGET Mathematics Mock Test 1: Free Practice"
"https://takemocktest.com/in/comedk-uget/test/full-mock-2","full mock test","comedk uget full mock test 2","Class GSC-observed, this URL not yet in GSC","","","","COMEDK UGET Full Mock Test 2","COMEDK UGET Full Mock Test 2 (2026): Free Online Test"
"https://takemocktest.com/in/comedk-uget/test/physics-sectional-2","sectional test","comedk uget physics mock test 2","SERP-verified 2026-09-09","","","","COMEDK UGET Physics Mock Test 2","COMEDK UGET Physics Mock Test 2: Free Practice"
"https://takemocktest.com/in/comedk-uget/test/chemistry-sectional-2","sectional test","comedk uget chemistry mock test 2","SERP-verified 2026-09-09","","","","COMEDK UGET Chemistry Mock Test 2","COMEDK UGET Chemistry Mock Test 2: Free Practice"
"https://takemocktest.com/in/comedk-uget/test/mathematics-sectional-2","sectional test","comedk uget mathematics mock test 2","SERP-verified 2026-09-09","","","","COMEDK UGET Mathematics Mock Test 2","COMEDK UGET Mathematics Mock Test 2: Free Practice"
"https://takemocktest.com/in/iiit-hyderabad-ugee","exam hub","iiit hyderabad ugee","Reasoned, not yet SERP-checked","","","","IIIT Hyderabad UGEE","IIIT Hyderabad UGEE: Free Mock Tests & Exam Pattern"
"https://takemocktest.com/in/iiit-hyderabad-ugee/mock-test","mock-test","iiit hyderabad ugee mock test 2026","Reasoned, not yet SERP-checked","","","","IIIT Hyderabad UGEE Mock Test 2026","IIIT Hyderabad UGEE Mock Test 2026, Practice Free Test Series"
"https://takemocktest.com/in/iiit-hyderabad-ugee/exam-pattern","exam-pattern","iiit hyderabad ugee exam pattern","Reasoned, not yet SERP-checked","","","","IIIT Hyderabad UGEE Exam Pattern","IIIT Hyderabad UGEE Exam Pattern 2026: Marks & Duration"
"https://takemocktest.com/in/iiit-hyderabad-ugee/test/full-mock-1","full mock test","iiit hyderabad ugee full mock test 1","Class GSC-observed, this URL not yet in GSC","","","","IIIT Hyderabad UGEE Full Mock Test 1","IIIT Hyderabad UGEE Full Mock Test 1 (2026) | TakeMockTest"
"https://takemocktest.com/in/iiit-hyderabad-ugee/test/supr-sectional-1","sectional test","iiit hyderabad ugee supr mock test 1","SERP-verified 2026-09-09","","","","IIIT Hyderabad UGEE SUPR Mock Test 1","IIIT Hyderabad UGEE SUPR Mock Test 1: Free Practice"
"https://takemocktest.com/in/iiit-hyderabad-ugee/test/reap-sectional-1","sectional test","iiit hyderabad ugee reap mock test 1","SERP-verified 2026-09-09","","","","IIIT Hyderabad UGEE REAP Mock Test 1","IIIT Hyderabad UGEE REAP Mock Test 1: Free Practice"
"https://takemocktest.com/in/ielts","exam hub","ielts","Reasoned, not yet SERP-checked","","","","IELTS","IELTS: Free Mock Tests & Exam Pattern | TakeMockTest"
"https://takemocktest.com/in/ielts/mock-test","mock-test","ielts mock test 2026","Reasoned, not yet SERP-checked","","","","IELTS Mock Test 2026","IELTS Mock Test 2026, Practice Free Test Series"
"https://takemocktest.com/in/ielts/exam-pattern","exam-pattern","ielts exam pattern","Reasoned, not yet SERP-checked","","","","IELTS Exam Pattern","IELTS Exam Pattern 2026: Marks & Duration | TakeMockTest"
"https://takemocktest.com/in/ielts/test/academic-reading-full-mock-1","full mock test","ielts academic reading full mock test 1","Class GSC-observed, this URL not yet in GSC","","","","IELTS Academic Reading Full Mock Test 1","IELTS Academic Reading Full Mock Test 1 (2026)"
"https://takemocktest.com/in/ielts/test/academic-reading-passage-1-sectional-1","sectional test","ielts academic reading passage 1 mock test 1","SERP-verified 2026-09-09","","","","IELTS Academic Reading Passage 1 Mock Test 1","IELTS Academic Reading Passage 1 Mock Test 1: Free Practice"
"https://takemocktest.com/in/ielts/test/academic-reading-passage-2-sectional-1","sectional test","ielts academic reading passage 2 mock test 1","SERP-verified 2026-09-09","","","","IELTS Academic Reading Passage 2 Mock Test 1","IELTS Academic Reading Passage 2 Mock Test 1: Free Practice"
"https://takemocktest.com/in/ielts/test/academic-reading-passage-3-sectional-1","sectional test","ielts academic reading passage 3 mock test 1","SERP-verified 2026-09-09","","","","IELTS Academic Reading Passage 3 Mock Test 1","IELTS Academic Reading Passage 3 Mock Test 1: Free Practice"
"https://takemocktest.com/in/ielts/test/general-training-reading-full-mock-1","full mock test","ielts general training reading full mock test 1","Class GSC-observed, this URL not yet in GSC","","","","IELTS General Training Reading Full Mock Test 1","IELTS General Training Reading Full Mock Test 1 (2026)"
"https://takemocktest.com/in/ielts/test/general-training-reading-section-1-sectional-1","sectional test","ielts general training reading section 1 mock test 1","SERP-verified 2026-09-09","","","","IELTS General Training Reading Section 1 Mock Test 1","IELTS General Training Reading Section 1 Mock Test 1"
"https://takemocktest.com/in/ielts/test/general-training-reading-section-2-sectional-1","sectional test","ielts general training reading section 2 mock test 1","SERP-verified 2026-09-09","","","","IELTS General Training Reading Section 2 Mock Test 1","IELTS General Training Reading Section 2 Mock Test 1"
"https://takemocktest.com/in/ielts/test/general-training-reading-section-3-sectional-1","sectional test","ielts general training reading section 3 mock test 1","SERP-verified 2026-09-09","","","","IELTS General Training Reading Section 3 Mock Test 1","IELTS General Training Reading Section 3 Mock Test 1"
"https://takemocktest.com/in/toefl","exam hub","toefl","Reasoned, not yet SERP-checked","","","","TOEFL","TOEFL: Free Mock Tests & Exam Pattern | TakeMockTest"
"https://takemocktest.com/in/toefl/mock-test","mock-test","toefl mock test 2026","Reasoned, not yet SERP-checked","","","","TOEFL Mock Test 2026","TOEFL Mock Test 2026, Practice Free Test Series"
"https://takemocktest.com/in/toefl/exam-pattern","exam-pattern","toefl exam pattern","Reasoned, not yet SERP-checked","","","","TOEFL Exam Pattern","TOEFL Exam Pattern 2026: Marks & Duration | TakeMockTest"
"https://takemocktest.com/in/toefl/test/reading-full-mock-1","full mock test","toefl reading full mock test 1","Class GSC-observed, this URL not yet in GSC","","","","TOEFL Reading Full Mock Test 1","TOEFL Reading Full Mock Test 1 (2026): Free Online Test"
"https://takemocktest.com/in/toefl/test/reading-read-in-daily-life-sectional-1","sectional test","toefl read in daily life mock test 1","SERP-verified 2026-09-09","","","","TOEFL Read in Daily Life Mock Test 1","TOEFL Read in Daily Life Mock Test 1: Free Practice"
"https://takemocktest.com/in/toefl/test/reading-read-an-academic-passage-sectional-1","sectional test","toefl read an academic passage mock test 1","SERP-verified 2026-09-09","","","","TOEFL Read an Academic Passage Mock Test 1","TOEFL Read an Academic Passage Mock Test 1: Free Practice"
"https://takemocktest.com/in/pte","exam hub","pte academic","Reasoned, not yet SERP-checked","","","","PTE Academic","PTE Academic: Free Mock Tests & Exam Pattern | TakeMockTest"
"https://takemocktest.com/in/pte/mock-test","mock-test","pte academic mock test 2026","Reasoned, not yet SERP-checked","","","","PTE Academic Mock Test 2026","PTE Academic Mock Test 2026, Practice Free Test Series"
"https://takemocktest.com/in/pte/exam-pattern","exam-pattern","pte academic exam pattern","Reasoned, not yet SERP-checked","","","","PTE Academic Exam Pattern","PTE Academic Exam Pattern 2026: Marks & Duration"
"https://takemocktest.com/in/pte/test/reading-full-mock-1","full mock test","pte academic reading full mock test 1","Class GSC-observed, this URL not yet in GSC","","","","PTE Academic Reading Full Mock Test 1","PTE Academic Reading Full Mock Test 1 (2026) | TakeMockTest"
"https://takemocktest.com/in/pte/test/reading-multiple-choice-single-answer-sectional-1","sectional test","pte academic multiple choice: single answer mock test 1","SERP-verified 2026-09-09","","","","PTE Academic Multiple Choice: Single Answer Mock Test 1","PTE Academic Multiple Choice: Single Answer Mock Test 1"
"https://takemocktest.com/in/sat","exam hub","sat","Reasoned, not yet SERP-checked","","","","SAT","SAT: Free Mock Tests & Exam Pattern | TakeMockTest"
"https://takemocktest.com/in/sat/mock-test","mock-test","sat mock test 2026","Reasoned, not yet SERP-checked","","","","SAT Mock Test 2026","SAT Mock Test 2026, Practice Free Test Series | TakeMockTest"
"https://takemocktest.com/in/sat/exam-pattern","exam-pattern","sat exam pattern","Reasoned, not yet SERP-checked","","","","SAT Exam Pattern","SAT Exam Pattern 2026: Marks & Duration | TakeMockTest"
"https://takemocktest.com/in/sat/test/reading-and-writing-full-mock-1","full mock test","sat reading and writing full mock test 1","Class GSC-observed, this URL not yet in GSC","","","","SAT Reading and Writing Full Mock Test 1","SAT Reading and Writing Full Mock Test 1 (2026)"
"https://takemocktest.com/in/sat/test/reading-and-writing-craft-and-structure-sectional-1","sectional test","sat reading and writing craft and structure mock test 1","SERP-verified 2026-09-09","","","","SAT Reading and Writing Craft and Structure Mock Test 1","SAT Reading and Writing Craft and Structure Mock Test 1"
"https://takemocktest.com/in/sat/test/reading-and-writing-information-and-ideas-sectional-1","sectional test","sat reading and writing information and ideas mock test 1","SERP-verified 2026-09-09","","","","SAT Reading and Writing Information and Ideas Mock Test 1","SAT Reading and Writing Information and Ideas Mock Test 1"
"https://takemocktest.com/in/sat/test/reading-and-writing-standard-english-conventions-sectional-1","sectional test","sat reading and writing standard english conventions mock test 1","SERP-verified 2026-09-09","","","","SAT Reading and Writing Standard English Conventions Mock Test 1","SAT Reading and Writing Standard English Conventions Mock Test 1"
"https://takemocktest.com/in/sat/test/reading-and-writing-expression-of-ideas-sectional-1","sectional test","sat reading and writing expression of ideas mock test 1","SERP-verified 2026-09-09","","","","SAT Reading and Writing Expression of Ideas Mock Test 1","SAT Reading and Writing Expression of Ideas Mock Test 1"
"https://takemocktest.com/in/sat/test/math-full-mock-1","full mock test","sat math full mock test 1","Class GSC-observed, this URL not yet in GSC","","","","SAT Math Full Mock Test 1","SAT Math Full Mock Test 1 (2026): Free Online Test"
"https://takemocktest.com/in/sat/test/math-algebra-sectional-1","sectional test","sat math algebra mock test 1","SERP-verified 2026-09-09","","","","SAT Math Algebra Mock Test 1","SAT Math Algebra Mock Test 1: Free Practice | TakeMockTest"
"https://takemocktest.com/in/sat/test/math-advanced-math-sectional-1","sectional test","sat math advanced math mock test 1","SERP-verified 2026-09-09","","","","SAT Math Advanced Math Mock Test 1","SAT Math Advanced Math Mock Test 1: Free Practice"
"https://takemocktest.com/in/gre","exam hub","gre","Reasoned, not yet SERP-checked","","","","GRE","GRE: Free Mock Tests & Exam Pattern | TakeMockTest"
"https://takemocktest.com/in/gre/mock-test","mock-test","gre mock test 2026","Reasoned, not yet SERP-checked","","","","GRE Mock Test 2026","GRE Mock Test 2026, Practice Free Test Series | TakeMockTest"
"https://takemocktest.com/in/gre/exam-pattern","exam-pattern","gre exam pattern","Reasoned, not yet SERP-checked","","","","GRE Exam Pattern","GRE Exam Pattern 2026: Marks & Duration | TakeMockTest"
"https://takemocktest.com/in/gre/test/quantitative-reasoning-full-mock-1","full mock test","gre quantitative reasoning full mock test 1","Class GSC-observed, this URL not yet in GSC","","","","GRE Quantitative Reasoning Full Mock Test 1","GRE Quantitative Reasoning Full Mock Test 1 (2026)"
"https://takemocktest.com/in/gre/test/quantitative-reasoning-quantitative-comparison-sectional-1","sectional test","gre quantitative comparison mock test 1","SERP-verified 2026-09-09","","","","GRE Quantitative Comparison Mock Test 1","GRE Quantitative Comparison Mock Test 1: Free Practice"
"https://takemocktest.com/in/act","exam hub","act","Reasoned, not yet SERP-checked","","","","ACT","ACT: Free Mock Tests & Exam Pattern | TakeMockTest"
"https://takemocktest.com/in/act/mock-test","mock-test","act mock test 2026","Reasoned, not yet SERP-checked","","","","ACT Mock Test 2026","ACT Mock Test 2026, Practice Free Test Series | TakeMockTest"
"https://takemocktest.com/in/act/exam-pattern","exam-pattern","act exam pattern","Reasoned, not yet SERP-checked","","","","ACT Exam Pattern","ACT Exam Pattern 2026: Marks & Duration | TakeMockTest"
"https://takemocktest.com/in/act/test/english-full-mock-1","full mock test","act english full mock test 1","Class GSC-observed, this URL not yet in GSC","","","","ACT English Full Mock Test 1","ACT English Full Mock Test 1 (2026): Free Online Test"
"https://takemocktest.com/in/act/test/english-usage-and-mechanics-sectional-1","sectional test","act english usage and mechanics mock test 1","SERP-verified 2026-09-09","","","","ACT English Usage and Mechanics Mock Test 1","ACT English Usage and Mechanics Mock Test 1: Free Practice"
"https://takemocktest.com/in/act/test/english-rhetorical-skills-sectional-1","sectional test","act english rhetorical skills mock test 1","SERP-verified 2026-09-09","","","","ACT English Rhetorical Skills Mock Test 1","ACT English Rhetorical Skills Mock Test 1: Free Practice"
"https://takemocktest.com/in/act/test/math-full-mock-1","full mock test","act math full mock test 1","Class GSC-observed, this URL not yet in GSC","","","","ACT Math Full Mock Test 1","ACT Math Full Mock Test 1 (2026): Free Online Test"
"https://takemocktest.com/in/act/test/math-pre-algebra-and-elementary-algebra-sectional-1","sectional test","act math pre-algebra and elementary algebra mock test 1","SERP-verified 2026-09-09","","","","ACT Math Pre-Algebra and Elementary Algebra Mock Test 1","ACT Math Pre-Algebra and Elementary Algebra Mock Test 1"
"https://takemocktest.com/in/act/test/reading-full-mock-1","full mock test","act reading full mock test 1","Class GSC-observed, this URL not yet in GSC","","","","ACT Reading Full Mock Test 1","ACT Reading Full Mock Test 1 (2026): Free Online Test"
"https://takemocktest.com/in/act/test/science-full-mock-1","full mock test","act science full mock test 1","Class GSC-observed, this URL not yet in GSC","","","","ACT Science Full Mock Test 1","ACT Science Full Mock Test 1 (2026): Free Online Test"
"https://takemocktest.com/in/gmat","exam hub","gmat","Reasoned, not yet SERP-checked","","","","GMAT","GMAT: Free Mock Tests & Exam Pattern | TakeMockTest"
"https://takemocktest.com/in/gmat/mock-test","mock-test","gmat mock test 2026","Reasoned, not yet SERP-checked","","","","GMAT Mock Test 2026","GMAT Mock Test 2026, Practice Free Test Series"
"https://takemocktest.com/in/gmat/test/focus-edition-full-mock-1","full mock test","gmat focus edition full mock test 1","Class GSC-observed, this URL not yet in GSC","","","","GMAT Focus Edition Full Mock Test 1","GMAT Focus Edition Full Mock Test 1 (2026): Free Online Test"
"https://takemocktest.com/in/gmat/test/focus-edition-quantitative-reasoning-sectional-1","sectional test","gmat quantitative reasoning mock test 1","SERP-verified 2026-09-09","","","","GMAT Quantitative Reasoning Mock Test 1","GMAT Quantitative Reasoning Mock Test 1: Free Practice"
"https://takemocktest.com/in/gmat/test/focus-edition-verbal-reasoning-sectional-1","sectional test","gmat verbal reasoning mock test 1","SERP-verified 2026-09-09","","","","GMAT Verbal Reasoning Mock Test 1","GMAT Verbal Reasoning Mock Test 1: Free Practice"
"https://takemocktest.com/in/gmat/test/focus-edition-data-sufficiency-sectional-1","sectional test","gmat data sufficiency mock test 1","SERP-verified 2026-09-09","","","","GMAT Data Sufficiency Mock Test 1","GMAT Data Sufficiency Mock Test 1: Free Practice"
"https://takemocktest.com/in/lsat","exam hub","lsat","Reasoned, not yet SERP-checked","","","","LSAT","LSAT: Free Mock Tests & Exam Pattern | TakeMockTest"
"https://takemocktest.com/in/lsat/mock-test","mock-test","lsat mock test 2026","Reasoned, not yet SERP-checked","","","","LSAT Mock Test 2026","LSAT Mock Test 2026, Practice Free Test Series"
"https://takemocktest.com/in/lsat/test/scored-sections-full-mock-1","full mock test","lsat scored sections full mock test 1","Class GSC-observed, this URL not yet in GSC","","","","LSAT Scored Sections Full Mock Test 1","LSAT Scored Sections Full Mock Test 1 (2026) | TakeMockTest"
"https://takemocktest.com/in/lsat/test/scored-sections-logical-reasoning-i-sectional-1","sectional test","lsat logical reasoning i mock test 1","SERP-verified 2026-09-09","","","","LSAT Logical Reasoning I Mock Test 1","LSAT Logical Reasoning I Mock Test 1: Free Practice"
"https://takemocktest.com/in/lsat/test/scored-sections-logical-reasoning-ii-sectional-1","sectional test","lsat logical reasoning ii mock test 1","SERP-verified 2026-09-09","","","","LSAT Logical Reasoning II Mock Test 1","LSAT Logical Reasoning II Mock Test 1: Free Practice"
"https://takemocktest.com/in/lsat/test/scored-sections-reading-comprehension-sectional-1","sectional test","lsat reading comprehension mock test 1","SERP-verified 2026-09-09","","","","LSAT Reading Comprehension Mock Test 1","LSAT Reading Comprehension Mock Test 1: Free Practice"
"https://takemocktest.com/in/mcat","exam hub","mcat","Reasoned, not yet SERP-checked","","","","MCAT","MCAT: Free Mock Tests & Exam Pattern | TakeMockTest"
"https://takemocktest.com/in/mcat/mock-test","mock-test","mcat mock test 2026","Reasoned, not yet SERP-checked","","","","MCAT Mock Test 2026","MCAT Mock Test 2026, Practice Free Test Series"
"https://takemocktest.com/in/mcat/exam-pattern","exam-pattern","mcat exam pattern","Reasoned, not yet SERP-checked","","","","MCAT Exam Pattern","MCAT Exam Pattern 2026: Marks & Duration | TakeMockTest"
"https://takemocktest.com/in/mcat/test/critical-analysis-and-reasoning-skills-full-mock-1","full mock test","mcat cars full mock test 1","Class GSC-observed, this URL not yet in GSC","","","","MCAT CARS Full Mock Test 1","MCAT CARS Full Mock Test 1 (2026): Free Online Test"
"https://takemocktest.com/in/mcat/test/critical-analysis-and-reasoning-skills-humanities-sectional-1","sectional test","mcat humanities mock test 1","SERP-verified 2026-09-09","","","","MCAT Humanities Mock Test 1","MCAT Humanities Mock Test 1: Free Practice | TakeMockTest"
"https://takemocktest.com/in/mcat/test/critical-analysis-and-reasoning-skills-social-sciences-sectional-1","sectional test","mcat social sciences mock test 1","SERP-verified 2026-09-09","","","","MCAT Social Sciences Mock Test 1","MCAT Social Sciences Mock Test 1: Free Practice"
"https://takemocktest.com/in/oet","exam hub","oet","Reasoned, not yet SERP-checked","","","","OET","OET: Free Mock Tests & Exam Pattern | TakeMockTest"
"https://takemocktest.com/in/oet/mock-test","mock-test","oet mock test 2026","Reasoned, not yet SERP-checked","","","","OET Mock Test 2026","OET Mock Test 2026, Practice Free Test Series | TakeMockTest"
"https://takemocktest.com/in/oet/exam-pattern","exam-pattern","oet exam pattern","Reasoned, not yet SERP-checked","","","","OET Exam Pattern","OET Exam Pattern 2026: Marks & Duration | TakeMockTest"
"https://takemocktest.com/in/oet/test/reading-part-c-full-mock-1","full mock test","oet reading part c full mock test 1","Class GSC-observed, this URL not yet in GSC","","","","OET Reading Part C Full Mock Test 1","OET Reading Part C Full Mock Test 1 (2026): Free Online Test"
"https://takemocktest.com/in/frm","exam hub","frm","Reasoned, not yet SERP-checked","","","","FRM","FRM: Free Mock Tests & Exam Pattern | TakeMockTest"
"https://takemocktest.com/in/frm/mock-test","mock-test","frm mock test 2026","Reasoned, not yet SERP-checked","","","","FRM Mock Test 2026","FRM Mock Test 2026, Practice Free Test Series | TakeMockTest"
"https://takemocktest.com/in/frm/exam-pattern","exam-pattern","frm exam pattern","Reasoned, not yet SERP-checked","","","","FRM Exam Pattern","FRM Exam Pattern 2026: Marks & Duration | TakeMockTest"
"https://takemocktest.com/in/frm/test/part-1-quantitative-analysis-full-mock-1","full mock test","frm quantitative analysis full mock test 1","Class GSC-observed, this URL not yet in GSC","","","","FRM Quantitative Analysis Full Mock Test 1","FRM Quantitative Analysis Full Mock Test 1 (2026)"
"https://takemocktest.com/in/frm/test/part-1-probability-and-distributions-sectional-1","sectional test","frm probability and distributions mock test 1","SERP-verified 2026-09-09","","","","FRM Probability and Distributions Mock Test 1","FRM Probability and Distributions Mock Test 1: Free Practice"
"https://takemocktest.com/in/frm/test/part-1-regression-and-estimation-sectional-1","sectional test","frm regression and estimation mock test 1","SERP-verified 2026-09-09","","","","FRM Regression and Estimation Mock Test 1","FRM Regression and Estimation Mock Test 1: Free Practice"
"https://takemocktest.com/in/nism","exam hub","nism","Reasoned, not yet SERP-checked","","","","NISM","NISM: Free Mock Tests & Exam Pattern | TakeMockTest"
"https://takemocktest.com/in/nism/mock-test","mock-test","nism mock test 2026","Reasoned, not yet SERP-checked","","","","NISM Mock Test 2026","NISM Mock Test 2026, Practice Free Test Series"
"https://takemocktest.com/in/nism/exam-pattern","exam-pattern","nism exam pattern","Reasoned, not yet SERP-checked","","","","NISM Exam Pattern","NISM Exam Pattern 2026: Marks & Duration | TakeMockTest"
"https://takemocktest.com/in/nism/test/series-v-a-mutual-fund-distributors-full-mock-1","full mock test","nism mutual fund distributors full mock test 1","Class GSC-observed, this URL not yet in GSC","","","","NISM Mutual Fund Distributors Full Mock Test 1","NISM Mutual Fund Distributors Full Mock Test 1 (2026)"
"https://takemocktest.com/in/nism/test/series-v-a-nav-and-returns-calculations-sectional-1","sectional test","nism nav and returns calculations mock test 1","SERP-verified 2026-09-09","","","","NISM NAV and Returns Calculations Mock Test 1","NISM NAV and Returns Calculations Mock Test 1: Free Practice"
"https://takemocktest.com/in/nism/test/series-v-a-sip-and-growth-calculations-sectional-1","sectional test","nism sip and growth calculations mock test 1","SERP-verified 2026-09-09","","","","NISM SIP and Growth Calculations Mock Test 1","NISM SIP and Growth Calculations Mock Test 1: Free Practice"
"https://takemocktest.com/in/acet","exam hub","acet","Reasoned, not yet SERP-checked","","","","ACET","ACET: Free Mock Tests & Exam Pattern | TakeMockTest"
"https://takemocktest.com/in/acet/mock-test","mock-test","acet mock test 2026","Reasoned, not yet SERP-checked","","","","ACET Mock Test 2026","ACET Mock Test 2026, Practice Free Test Series"
"https://takemocktest.com/in/acet/exam-pattern","exam-pattern","acet exam pattern","Reasoned, not yet SERP-checked","","","","ACET Exam Pattern","ACET Exam Pattern 2026: Marks & Duration | TakeMockTest"
"https://takemocktest.com/in/acet/test/mathematics-and-statistics-full-mock-1","full mock test","acet mathematics and statistics full mock test 1","Class GSC-observed, this URL not yet in GSC","","","","ACET Mathematics and Statistics Full Mock Test 1","ACET Mathematics and Statistics Full Mock Test 1 (2026)"
"https://takemocktest.com/in/acet/test/mathematics-sectional-1","sectional test","acet mathematics mock test 1","SERP-verified 2026-09-09","","","","ACET Mathematics Mock Test 1","ACET Mathematics Mock Test 1: Free Practice | TakeMockTest"
"https://takemocktest.com/in/acet/test/statistics-sectional-1","sectional test","acet statistics mock test 1","SERP-verified 2026-09-09","","","","ACET Statistics Mock Test 1","ACET Statistics Mock Test 1: Free Practice | TakeMockTest"
"https://takemocktest.com/in/ca-foundation","exam hub","ca foundation","Reasoned, not yet SERP-checked","","","","CA Foundation","CA Foundation: Free Mock Tests & Exam Pattern | TakeMockTest"
"https://takemocktest.com/in/ca-foundation/mock-test","mock-test","ca foundation mock test 2026","Reasoned, not yet SERP-checked","","","","CA Foundation Mock Test 2026","CA Foundation Mock Test 2026, Practice Free Test Series"
"https://takemocktest.com/in/ca-foundation/exam-pattern","exam-pattern","ca foundation exam pattern","Reasoned, not yet SERP-checked","","","","CA Foundation Exam Pattern","CA Foundation Exam Pattern 2026: Marks & Duration"
"https://takemocktest.com/in/ca-foundation/test/quantitative-aptitude-full-mock-1","full mock test","ca foundation quantitative aptitude full mock test 1","Class GSC-observed, this URL not yet in GSC","","","","CA Foundation Quantitative Aptitude Full Mock Test 1","CA Foundation Quantitative Aptitude Full Mock Test 1 (2026)"
"https://takemocktest.com/in/ca-foundation/test/business-mathematics-sectional-1","sectional test","ca foundation business mathematics mock test 1","SERP-verified 2026-09-09","","","","CA Foundation Business Mathematics Mock Test 1","CA Foundation Business Mathematics Mock Test 1"
"https://takemocktest.com/in/ca-foundation/test/statistics-sectional-1","sectional test","ca foundation statistics mock test 1","SERP-verified 2026-09-09","","","","CA Foundation Statistics Mock Test 1","CA Foundation Statistics Mock Test 1: Free Practice"
"https://takemocktest.com/in/cma-foundation","exam hub","cma foundation","Reasoned, not yet SERP-checked","","","","CMA Foundation","CMA Foundation: Free Mock Tests & Exam Pattern"
"https://takemocktest.com/in/cma-foundation/mock-test","mock-test","cma foundation mock test 2026","Reasoned, not yet SERP-checked","","","","CMA Foundation Mock Test 2026","CMA Foundation Mock Test 2026, Practice Free Test Series"
"https://takemocktest.com/in/cma-foundation/exam-pattern","exam-pattern","cma foundation exam pattern","Reasoned, not yet SERP-checked","","","","CMA Foundation Exam Pattern","CMA Foundation Exam Pattern 2026: Marks & Duration"
"https://takemocktest.com/in/cma-foundation/test/business-mathematics-and-statistics-full-mock-1","full mock test","cma foundation business mathematics and statistics full mock test 1","Class GSC-observed, this URL not yet in GSC","","","","CMA Foundation Business Mathematics and Statistics Full Mock Test 1","CMA Foundation Business Mathematics and Statistics Full Mock Test 1"
"https://takemocktest.com/in/cma-foundation/test/business-mathematics-sectional-1","sectional test","cma foundation business mathematics mock test 1","SERP-verified 2026-09-09","","","","CMA Foundation Business Mathematics Mock Test 1","CMA Foundation Business Mathematics Mock Test 1"
"https://takemocktest.com/in/cma-foundation/test/statistics-sectional-1","sectional test","cma foundation statistics mock test 1","SERP-verified 2026-09-09","","","","CMA Foundation Statistics Mock Test 1","CMA Foundation Statistics Mock Test 1: Free Practice"
"https://takemocktest.com/in/nda","exam hub","nda","Reasoned, not yet SERP-checked","","","","NDA","NDA: Free Mock Tests & Exam Pattern | TakeMockTest"
"https://takemocktest.com/in/nda/mock-test","mock-test","nda mock test 2026","Reasoned, not yet SERP-checked","","","","NDA Mock Test 2026","NDA Mock Test 2026, Practice Free Test Series | TakeMockTest"
"https://takemocktest.com/in/nda/exam-pattern","exam-pattern","nda exam pattern","Reasoned, not yet SERP-checked","","","","NDA Exam Pattern","NDA Exam Pattern 2026: Marks & Duration | TakeMockTest"
"https://takemocktest.com/in/nda/test/mathematics-full-mock-1","full mock test","nda mathematics full mock test 1","Class GSC-observed, this URL not yet in GSC","","","","NDA Mathematics Full Mock Test 1","NDA Mathematics Full Mock Test 1 (2026): Free Online Test"
"https://takemocktest.com/in/nda/test/general-ability-test-english-full-mock-1","full mock test","nda general ability test: english full mock test 1","Class GSC-observed, this URL not yet in GSC","","","","NDA General Ability Test: English Full Mock Test 1","NDA General Ability Test: English Full Mock Test 1 (2026)"
"https://takemocktest.com/in/cds","exam hub","cds","Reasoned, not yet SERP-checked","","","","CDS","CDS: Free Mock Tests & Exam Pattern | TakeMockTest"
"https://takemocktest.com/in/cds/mock-test","mock-test","cds mock test 2026","Reasoned, not yet SERP-checked","","","","CDS Mock Test 2026","CDS Mock Test 2026, Practice Free Test Series | TakeMockTest"
"https://takemocktest.com/in/cds/exam-pattern","exam-pattern","cds exam pattern","Reasoned, not yet SERP-checked","","","","CDS Exam Pattern","CDS Exam Pattern 2026: Marks & Duration | TakeMockTest"
"https://takemocktest.com/in/cds/test/elementary-mathematics-full-mock-1","full mock test","cds elementary mathematics full mock test 1","Class GSC-observed, this URL not yet in GSC","","","","CDS Elementary Mathematics Full Mock Test 1","CDS Elementary Mathematics Full Mock Test 1 (2026)"
"https://takemocktest.com/in/cds/test/english-full-mock-1","full mock test","cds english full mock test 1","Class GSC-observed, this URL not yet in GSC","","","","CDS English Full Mock Test 1","CDS English Full Mock Test 1 (2026): Free Online Test"
"https://takemocktest.com/in/afcat","exam hub","afcat","Reasoned, not yet SERP-checked","","","","AFCAT","AFCAT: Free Mock Tests & Exam Pattern | TakeMockTest"
"https://takemocktest.com/in/afcat/mock-test","mock-test","afcat mock test 2026","Reasoned, not yet SERP-checked","","","","AFCAT Mock Test 2026","AFCAT Mock Test 2026, Practice Free Test Series"
"https://takemocktest.com/in/afcat/exam-pattern","exam-pattern","afcat exam pattern","Reasoned, not yet SERP-checked","","","","AFCAT Exam Pattern","AFCAT Exam Pattern 2026: Marks & Duration | TakeMockTest"
"https://takemocktest.com/in/afcat/test/verbal-numerical-and-reasoning-full-mock-1","full mock test","afcat verbal, numerical and reasoning full mock test 1","Class GSC-observed, this URL not yet in GSC","","","","AFCAT Verbal, Numerical and Reasoning Full Mock Test 1","AFCAT Verbal, Numerical and Reasoning Full Mock Test 1"
"https://takemocktest.com/in/territorial-army","exam hub","territorial army","Reasoned, not yet SERP-checked","","","","Territorial Army","Territorial Army: Free Mock Tests & Exam Pattern"
"https://takemocktest.com/in/territorial-army/mock-test","mock-test","territorial army mock test 2026","Reasoned, not yet SERP-checked","","","","Territorial Army Mock Test 2026","Territorial Army Mock Test 2026, Practice Free Test Series"
"https://takemocktest.com/in/territorial-army/exam-pattern","exam-pattern","territorial army exam pattern","Reasoned, not yet SERP-checked","","","","Territorial Army Exam Pattern","Territorial Army Exam Pattern 2026: Marks & Duration"
"https://takemocktest.com/in/territorial-army/test/reasoning-and-english-full-mock-1","full mock test","territorial army reasoning and english full mock test 1","Class GSC-observed, this URL not yet in GSC","","","","Territorial Army Reasoning and English Full Mock Test 1","Territorial Army Reasoning and English Full Mock Test 1"
"https://takemocktest.com/in/territorial-army/test/reasoning-sectional-1","sectional test","territorial army reasoning mock test 1","SERP-verified 2026-09-09","","","","Territorial Army Reasoning Mock Test 1","Territorial Army Reasoning Mock Test 1: Free Practice"
"https://takemocktest.com/in/inet","exam hub","inet","Reasoned, not yet SERP-checked","","","","INET","INET: Free Mock Tests & Exam Pattern | TakeMockTest"
"https://takemocktest.com/in/inet/mock-test","mock-test","inet mock test 2026","Reasoned, not yet SERP-checked","","","","INET Mock Test 2026","INET Mock Test 2026, Practice Free Test Series"
"https://takemocktest.com/in/inet/exam-pattern","exam-pattern","inet exam pattern","Reasoned, not yet SERP-checked","","","","INET Exam Pattern","INET Exam Pattern 2026: Marks & Duration | TakeMockTest"
"https://takemocktest.com/in/inet/test/english-and-reasoning-numerical-ability-full-mock-1","full mock test","inet english and reasoning & numerical ability full mock test 1","Class GSC-observed, this URL not yet in GSC","","","","INET English and Reasoning & Numerical Ability Full Mock Test 1","INET English and Reasoning & Numerical Ability Full Mock Test 1"
"https://takemocktest.com/in/inet/test/english-sectional-1","sectional test","inet english mock test 1","SERP-verified 2026-09-09","","","","INET English Mock Test 1","INET English Mock Test 1: Free Practice | TakeMockTest"
"https://takemocktest.com/in/inet/test/reasoning-and-numerical-ability-sectional-1","sectional test","inet reasoning and numerical ability mock test 1","SERP-verified 2026-09-09","","","","INET Reasoning and Numerical Ability Mock Test 1","INET Reasoning and Numerical Ability Mock Test 1"
"https://takemocktest.com/in/agniveer-vayu","exam hub","agniveer vayu","Reasoned, not yet SERP-checked","","","","Agniveer Vayu","Agniveer Vayu: Free Mock Tests & Exam Pattern | TakeMockTest"
"https://takemocktest.com/in/agniveer-vayu/mock-test","mock-test","agniveer vayu mock test 2026","Reasoned, not yet SERP-checked","","","","Agniveer Vayu Mock Test 2026","Agniveer Vayu Mock Test 2026, Practice Free Test Series"
"https://takemocktest.com/in/agniveer-vayu/exam-pattern","exam-pattern","agniveer vayu exam pattern","Reasoned, not yet SERP-checked","","","","Agniveer Vayu Exam Pattern","Agniveer Vayu Exam Pattern 2026: Marks & Duration"
"https://takemocktest.com/in/agniveer-vayu/test/english-and-mathematics-full-mock-1","full mock test","agniveer vayu english and mathematics full mock test 1","Class GSC-observed, this URL not yet in GSC","","","","Agniveer Vayu English and Mathematics Full Mock Test 1","Agniveer Vayu English and Mathematics Full Mock Test 1"
"https://takemocktest.com/in/agniveer-vayu/test/english-sectional-1","sectional test","agniveer vayu english mock test 1","SERP-verified 2026-09-09","","","","Agniveer Vayu English Mock Test 1","Agniveer Vayu English Mock Test 1: Free Practice"
"https://takemocktest.com/in/agniveer-vayu/test/mathematics-sectional-1","sectional test","agniveer vayu mathematics mock test 1","SERP-verified 2026-09-09","","","","Agniveer Vayu Mathematics Mock Test 1","Agniveer Vayu Mathematics Mock Test 1: Free Practice"
"https://takemocktest.com/in/navy-ssr","exam hub","navy ssr","Reasoned, not yet SERP-checked","","","","Navy SSR","Navy SSR: Free Mock Tests & Exam Pattern | TakeMockTest"
"https://takemocktest.com/in/navy-ssr/mock-test","mock-test","navy ssr mock test 2026","Reasoned, not yet SERP-checked","","","","Navy SSR Mock Test 2026","Navy SSR Mock Test 2026, Practice Free Test Series"
"https://takemocktest.com/in/navy-ssr/exam-pattern","exam-pattern","navy ssr exam pattern","Reasoned, not yet SERP-checked","","","","Navy SSR Exam Pattern","Navy SSR Exam Pattern 2026: Marks & Duration | TakeMockTest"
"https://takemocktest.com/in/navy-ssr/test/english-and-mathematics-full-mock-1","full mock test","navy ssr english and mathematics full mock test 1","Class GSC-observed, this URL not yet in GSC","","","","Navy SSR English and Mathematics Full Mock Test 1","Navy SSR English and Mathematics Full Mock Test 1 (2026)"
"https://takemocktest.com/in/navy-ssr/test/english-sectional-1","sectional test","navy ssr english mock test 1","SERP-verified 2026-09-09","","","","Navy SSR English Mock Test 1","Navy SSR English Mock Test 1: Free Practice | TakeMockTest"
"https://takemocktest.com/in/navy-ssr/test/mathematics-sectional-1","sectional test","navy ssr mathematics mock test 1","SERP-verified 2026-09-09","","","","Navy SSR Mathematics Mock Test 1","Navy SSR Mathematics Mock Test 1: Free Practice"
"https://takemocktest.com/in/clat","exam hub","clat","Reasoned, not yet SERP-checked","","","","CLAT","CLAT: Free Mock Tests & Exam Pattern | TakeMockTest"
"https://takemocktest.com/in/clat/mock-test","mock-test","clat mock test 2026","Reasoned, not yet SERP-checked","","","","CLAT Mock Test 2026","CLAT Mock Test 2026, Practice Free Test Series"
"https://takemocktest.com/in/clat/exam-pattern","exam-pattern","clat exam pattern","Reasoned, not yet SERP-checked","","","","CLAT Exam Pattern","CLAT Exam Pattern 2026: Marks & Duration | TakeMockTest"
"https://takemocktest.com/in/clat/test/english-legal-logical-quantitative-full-mock-1","full mock test","clat english, legal reasoning, logical reasoning and quantitative techniques full mock test 1","Class GSC-observed, this URL not yet in GSC","","","","CLAT English, Legal Reasoning, Logical Reasoning and Quantitative Techniques Full Mock Test 1","CLAT English, Legal Reasoning, Logical Reasoning and Quantitative Techniques Full Mock Test 1"
"https://takemocktest.com/in/clat/test/legal-reasoning-sectional-1","sectional test","clat legal reasoning mock test 1","SERP-verified 2026-09-09","","","","CLAT Legal Reasoning Mock Test 1","CLAT Legal Reasoning Mock Test 1: Free Practice"
"https://takemocktest.com/in/clat/test/pg-full-mock-1","full mock test","clat postgraduate (ll.m.) full mock test 1","Class GSC-observed, this URL not yet in GSC","","","","CLAT Postgraduate (LL.M.) Full Mock Test 1","CLAT Postgraduate (LL.M.) Full Mock Test 1 (2026)"
"https://takemocktest.com/in/ailet","exam hub","ailet","Reasoned, not yet SERP-checked","","","","AILET","AILET: Free Mock Tests & Exam Pattern | TakeMockTest"
"https://takemocktest.com/in/ailet/mock-test","mock-test","ailet mock test 2026","Reasoned, not yet SERP-checked","","","","AILET Mock Test 2026","AILET Mock Test 2026, Practice Free Test Series"
"https://takemocktest.com/in/ailet/exam-pattern","exam-pattern","ailet exam pattern","Reasoned, not yet SERP-checked","","","","AILET Exam Pattern","AILET Exam Pattern 2026: Marks & Duration | TakeMockTest"
"https://takemocktest.com/in/ailet/test/english-and-logical-reasoning-full-mock-1","full mock test","ailet english and logical reasoning full mock test 1","Class GSC-observed, this URL not yet in GSC","","","","AILET English and Logical Reasoning Full Mock Test 1","AILET English and Logical Reasoning Full Mock Test 1 (2026)"
"https://takemocktest.com/in/ailet/test/english-sectional-1","sectional test","ailet english mock test 1","SERP-verified 2026-09-09","","","","AILET English Mock Test 1","AILET English Mock Test 1: Free Practice | TakeMockTest"
"https://takemocktest.com/in/ailet/test/logical-reasoning-sectional-1","sectional test","ailet logical reasoning mock test 1","SERP-verified 2026-09-09","","","","AILET Logical Reasoning Mock Test 1","AILET Logical Reasoning Mock Test 1: Free Practice"
"https://takemocktest.com/in/ailet/test/llm-full-mock-1","full mock test","ailet ll.m. (one year) full mock test 1","Class GSC-observed, this URL not yet in GSC","","","","AILET LL.M. (One Year) Full Mock Test 1","AILET LL.M. (One Year) Full Mock Test 1 (2026)"
"https://takemocktest.com/in/ailet/test/llm-full-mock-2","full mock test","ailet ll.m. (one year) full mock test 2","Class GSC-observed, this URL not yet in GSC","","","","AILET LL.M. (One Year) Full Mock Test 2","AILET LL.M. (One Year) Full Mock Test 2 (2026)"
"https://takemocktest.com/in/slat","exam hub","slat","Reasoned, not yet SERP-checked","","","","SLAT","SLAT: Free Mock Tests & Exam Pattern | TakeMockTest"
"https://takemocktest.com/in/slat/mock-test","mock-test","slat mock test 2026","Reasoned, not yet SERP-checked","","","","SLAT Mock Test 2026","SLAT Mock Test 2026, Practice Free Test Series"
"https://takemocktest.com/in/slat/exam-pattern","exam-pattern","slat exam pattern","Reasoned, not yet SERP-checked","","","","SLAT Exam Pattern","SLAT Exam Pattern 2026: Marks & Duration | TakeMockTest"
"https://takemocktest.com/in/slat/test/logical-legal-analytical-reading-full-mock-1","full mock test","slat logical reasoning, legal reasoning, analytical reasoning, reading comprehension and general knowledge full mock test 1","Class GSC-observed, this URL not yet in GSC","","","","SLAT Logical Reasoning, Legal Reasoning, Analytical Reasoning, Reading Comprehension and General Knowledge Full Mock Test 1","SLAT Logical Reasoning, Legal Reasoning, Analytical Reasoning, Reading Comprehension and General Knowledge Full Mock Test 1"
"https://takemocktest.com/in/slat/test/logical-reasoning-sectional-1","sectional test","slat logical reasoning mock test 1","SERP-verified 2026-09-09","","","","SLAT Logical Reasoning Mock Test 1","SLAT Logical Reasoning Mock Test 1: Free Practice"
"https://takemocktest.com/in/slat/test/legal-reasoning-sectional-1","sectional test","slat legal reasoning mock test 1","SERP-verified 2026-09-09","","","","SLAT Legal Reasoning Mock Test 1","SLAT Legal Reasoning Mock Test 1: Free Practice"
"https://takemocktest.com/in/slat/test/analytical-reasoning-sectional-1","sectional test","slat analytical reasoning mock test 1","SERP-verified 2026-09-09","","","","SLAT Analytical Reasoning Mock Test 1","SLAT Analytical Reasoning Mock Test 1: Free Practice"
"https://takemocktest.com/in/slat/test/reading-comprehension-sectional-1","sectional test","slat reading comprehension mock test 1","SERP-verified 2026-09-09","","","","SLAT Reading Comprehension Mock Test 1","SLAT Reading Comprehension Mock Test 1: Free Practice"
"https://takemocktest.com/in/slat/test/general-knowledge-sectional-1","sectional test","slat general knowledge mock test 1","SERP-verified 2026-09-09","","","","SLAT General Knowledge Mock Test 1","SLAT General Knowledge Mock Test 1: Free Practice"
"https://takemocktest.com/in/mh-cet-law","exam hub","mh cet law","Reasoned, not yet SERP-checked","","","","MH CET Law","MH CET Law: Free Mock Tests & Exam Pattern | TakeMockTest"
"https://takemocktest.com/in/mh-cet-law/mock-test","mock-test","mh cet law mock test 2026","Reasoned, not yet SERP-checked","","","","MH CET Law Mock Test 2026","MH CET Law Mock Test 2026, Practice Free Test Series"
"https://takemocktest.com/in/mh-cet-law/exam-pattern","exam-pattern","mh cet law exam pattern","Reasoned, not yet SERP-checked","","","","MH CET Law Exam Pattern","MH CET Law Exam Pattern 2026: Marks & Duration"
"https://takemocktest.com/in/mh-cet-law/test/legal-logical-english-mathematics-full-mock-1","full mock test","mh cet law legal aptitude, logical reasoning, english and mathematics full mock test 1","Class GSC-observed, this URL not yet in GSC","","","","MH CET Law Legal Aptitude, Logical Reasoning, English and Mathematics Full Mock Test 1","MH CET Law Legal Aptitude, Logical Reasoning, English and Mathematics Full Mock Test 1"
"https://takemocktest.com/in/mh-cet-law-3-year","exam hub","mh cet law (3-year llb)","Reasoned, not yet SERP-checked","","","","MH CET Law (3-Year LLB)","MH CET Law (3-Year LLB): Free Mock Tests & Exam Pattern"
"https://takemocktest.com/in/mh-cet-law-3-year/mock-test","mock-test","mh cet law (3-year llb) mock test 2026","Reasoned, not yet SERP-checked","","","","MH CET Law (3-Year LLB) Mock Test 2026","MH CET Law (3-Year LLB) Mock Test 2026, Practice Free Test Series"
"https://takemocktest.com/in/mh-cet-law-3-year/exam-pattern","exam-pattern","mh cet law (3-year llb) exam pattern","Reasoned, not yet SERP-checked","","","","MH CET Law (3-Year LLB) Exam Pattern","MH CET Law (3-Year LLB) Exam Pattern 2026: Marks & Duration"
"https://takemocktest.com/in/mh-cet-law-3-year/test/legal-logical-english-full-mock-1","full mock test","mh cet law (3-year llb) legal aptitude, logical reasoning and english full mock test 1","Class GSC-observed, this URL not yet in GSC","","","","MH CET Law (3-Year LLB) Legal Aptitude, Logical Reasoning and English Full Mock Test 1","MH CET Law (3-Year LLB) Legal Aptitude, Logical Reasoning and English Full Mock Test 1"
"https://takemocktest.com/in/mh-cet-law-3-year/test/english-sectional-1","sectional test","mh cet law (3-year llb) english mock test 1","SERP-verified 2026-09-09","","","","MH CET Law (3-Year LLB) English Mock Test 1","MH CET Law (3-Year LLB) English Mock Test 1: Free Practice"
"https://takemocktest.com/in/cat","exam hub","cat","Reasoned, not yet SERP-checked","","","","CAT","CAT: Free Mock Tests & Exam Pattern | TakeMockTest"
"https://takemocktest.com/in/cat/mock-test","mock-test","cat mock test 2026","Reasoned, not yet SERP-checked","","","","CAT Mock Test 2026","CAT Mock Test 2026, Practice Free Test Series | TakeMockTest"
"https://takemocktest.com/in/cat/exam-pattern","exam-pattern","cat exam pattern","Reasoned, not yet SERP-checked","","","","CAT Exam Pattern","CAT Exam Pattern 2026: Marks & Duration | TakeMockTest"
"https://takemocktest.com/in/cat/test/varc-dilr-qa-full-mock-1","full mock test","cat varc, dilr and qa full mock test 1","Class GSC-observed, this URL not yet in GSC","","","","CAT VARC, DILR and QA Full Mock Test 1","CAT VARC, DILR and QA Full Mock Test 1 (2026) | TakeMockTest"
"https://takemocktest.com/in/cat/test/verbal-ability-and-reading-comprehension-sectional-1","sectional test","cat verbal ability and reading comprehension mock test 1","SERP-verified 2026-09-09","","","","CAT Verbal Ability and Reading Comprehension Mock Test 1","CAT Verbal Ability and Reading Comprehension Mock Test 1"
"https://takemocktest.com/in/cat/test/data-interpretation-and-logical-reasoning-sectional-1","sectional test","cat data interpretation and logical reasoning mock test 1","SERP-verified 2026-09-09","","","","CAT Data Interpretation and Logical Reasoning Mock Test 1","CAT Data Interpretation and Logical Reasoning Mock Test 1"
"https://takemocktest.com/in/cat/test/quantitative-aptitude-sectional-1","sectional test","cat quantitative aptitude mock test 1","SERP-verified 2026-09-09","","","","CAT Quantitative Aptitude Mock Test 1","CAT Quantitative Aptitude Mock Test 1: Free Practice"
"https://takemocktest.com/in/cmat","exam hub","cmat","Reasoned, not yet SERP-checked","","","","CMAT","CMAT: Free Mock Tests & Exam Pattern | TakeMockTest"
"https://takemocktest.com/in/cmat/mock-test","mock-test","cmat mock test 2026","Reasoned, not yet SERP-checked","","","","CMAT Mock Test 2026","CMAT Mock Test 2026, Practice Free Test Series"
"https://takemocktest.com/in/cmat/exam-pattern","exam-pattern","cmat exam pattern","Reasoned, not yet SERP-checked","","","","CMAT Exam Pattern","CMAT Exam Pattern 2026: Marks & Duration | TakeMockTest"
"https://takemocktest.com/in/cmat/test/qtdi-logical-reasoning-language-comprehension-full-mock-1","full mock test","cmat quantitative techniques and di, logical reasoning, language comprehension, general awareness and innovation & entrepreneurship full mock test 1","Class GSC-observed, this URL not yet in GSC","","","","CMAT Quantitative Techniques and DI, Logical Reasoning, Language Comprehension, General Awareness and Innovation & Entrepreneurship Full Mock Test 1","CMAT Quantitative Techniques and DI, Logical Reasoning, Language Comprehension, General Awareness and Innovation & Entrepreneurship Full Mock Test 1"
"https://takemocktest.com/in/cmat/test/quantitative-techniques-and-data-interpretation-sectional-1","sectional test","cmat quantitative techniques and data interpretation mock test 1","SERP-verified 2026-09-09","","","","CMAT Quantitative Techniques and Data Interpretation Mock Test 1","CMAT Quantitative Techniques and Data Interpretation Mock Test 1"
"https://takemocktest.com/in/cmat/test/logical-reasoning-sectional-1","sectional test","cmat logical reasoning mock test 1","SERP-verified 2026-09-09","","","","CMAT Logical Reasoning Mock Test 1","CMAT Logical Reasoning Mock Test 1: Free Practice"
"https://takemocktest.com/in/cmat/test/language-comprehension-sectional-1","sectional test","cmat language comprehension mock test 1","SERP-verified 2026-09-09","","","","CMAT Language Comprehension Mock Test 1","CMAT Language Comprehension Mock Test 1: Free Practice"
"https://takemocktest.com/in/cmat/test/general-awareness-sectional-1","sectional test","cmat general awareness mock test 1","SERP-verified 2026-09-09","","","","CMAT General Awareness Mock Test 1","CMAT General Awareness Mock Test 1: Free Practice"
"https://takemocktest.com/in/cmat/test/innovation-entrepreneurship-sectional-1","sectional test","cmat innovation & entrepreneurship mock test 1","SERP-verified 2026-09-09","","","","CMAT Innovation & Entrepreneurship Mock Test 1","CMAT Innovation & Entrepreneurship Mock Test 1"
"https://takemocktest.com/in/nmat","exam hub","nmat","Reasoned, not yet SERP-checked","","","","NMAT","NMAT: Free Mock Tests & Exam Pattern | TakeMockTest"
"https://takemocktest.com/in/nmat/mock-test","mock-test","nmat mock test 2026","Reasoned, not yet SERP-checked","","","","NMAT Mock Test 2026","NMAT Mock Test 2026, Practice Free Test Series"
"https://takemocktest.com/in/nmat/exam-pattern","exam-pattern","nmat exam pattern","Reasoned, not yet SERP-checked","","","","NMAT Exam Pattern","NMAT Exam Pattern 2026: Marks & Duration | TakeMockTest"
"https://takemocktest.com/in/nmat/test/language-logical-reasoning-quantitative-full-mock-1","full mock test","nmat language skills, logical reasoning and quantitative skills full mock test 1","Class GSC-observed, this URL not yet in GSC","","","","NMAT Language Skills, Logical Reasoning and Quantitative Skills Full Mock Test 1","NMAT Language Skills, Logical Reasoning and Quantitative Skills Full Mock Test 1"
"https://takemocktest.com/in/nmat/test/language-skills-sectional-1","sectional test","nmat language skills mock test 1","SERP-verified 2026-09-09","","","","NMAT Language Skills Mock Test 1","NMAT Language Skills Mock Test 1: Free Practice"
"https://takemocktest.com/in/nmat/test/logical-reasoning-sectional-1","sectional test","nmat logical reasoning mock test 1","SERP-verified 2026-09-09","","","","NMAT Logical Reasoning Mock Test 1","NMAT Logical Reasoning Mock Test 1: Free Practice"
"https://takemocktest.com/in/nmat/test/quantitative-skills-sectional-1","sectional test","nmat quantitative skills mock test 1","SERP-verified 2026-09-09","","","","NMAT Quantitative Skills Mock Test 1","NMAT Quantitative Skills Mock Test 1: Free Practice"
"https://takemocktest.com/in/snap","exam hub","snap","Reasoned, not yet SERP-checked","","","","SNAP","SNAP: Free Mock Tests & Exam Pattern | TakeMockTest"
"https://takemocktest.com/in/snap/mock-test","mock-test","snap mock test 2026","Reasoned, not yet SERP-checked","","","","SNAP Mock Test 2026","SNAP Mock Test 2026, Practice Free Test Series"
"https://takemocktest.com/in/snap/exam-pattern","exam-pattern","snap exam pattern","Reasoned, not yet SERP-checked","","","","SNAP Exam Pattern","SNAP Exam Pattern 2026: Marks & Duration | TakeMockTest"
"https://takemocktest.com/in/snap/test/general-english-analytical-logical-reasoning-quantitative-di-ds-full-mock-1","full mock test","snap general english, analytical and logical reasoning, and quantitative, di and ds full mock test 1","Class GSC-observed, this URL not yet in GSC","","","","SNAP General English, Analytical and Logical Reasoning, and Quantitative, DI and DS Full Mock Test 1","SNAP General English, Analytical and Logical Reasoning, and Quantitative, DI and DS Full Mock Test 1"
"https://takemocktest.com/in/snap/test/general-english-sectional-1","sectional test","snap general english mock test 1","SERP-verified 2026-09-09","","","","SNAP General English Mock Test 1","SNAP General English Mock Test 1: Free Practice"
"https://takemocktest.com/in/snap/test/analytical-and-logical-reasoning-sectional-1","sectional test","snap analytical and logical reasoning mock test 1","SERP-verified 2026-09-09","","","","SNAP Analytical and Logical Reasoning Mock Test 1","SNAP Analytical and Logical Reasoning Mock Test 1"
"https://takemocktest.com/in/snap/test/quantitative-di-ds-sectional-1","sectional test","snap quantitative, di and ds mock test 1","SERP-verified 2026-09-09","","","","SNAP Quantitative, DI and DS Mock Test 1","SNAP Quantitative, DI and DS Mock Test 1: Free Practice"
"https://takemocktest.com/in/atma","exam hub","atma","Reasoned, not yet SERP-checked","","","","ATMA","ATMA: Free Mock Tests & Exam Pattern | TakeMockTest"
"https://takemocktest.com/in/atma/mock-test","mock-test","atma mock test 2026","Reasoned, not yet SERP-checked","","","","ATMA Mock Test 2026","ATMA Mock Test 2026, Practice Free Test Series"
"https://takemocktest.com/in/atma/exam-pattern","exam-pattern","atma exam pattern","Reasoned, not yet SERP-checked","","","","ATMA Exam Pattern","ATMA Exam Pattern 2026: Marks & Duration | TakeMockTest"
"https://takemocktest.com/in/atma/test/analytical-reasoning-verbal-quantitative-skills-full-mock-1","full mock test","atma analytical reasoning skills, verbal skills, and quantitative skills full mock test 1","Class GSC-observed, this URL not yet in GSC","","","","ATMA Analytical Reasoning Skills, Verbal Skills, and Quantitative Skills Full Mock Test 1","ATMA Analytical Reasoning Skills, Verbal Skills, and Quantitative Skills Full Mock Test 1"
"https://takemocktest.com/in/atma/test/analytical-reasoning-skills-1-sectional-1","sectional test","atma analytical reasoning skills i mock test 1","SERP-verified 2026-09-09","","","","ATMA Analytical Reasoning Skills I Mock Test 1","ATMA Analytical Reasoning Skills I Mock Test 1"
"https://takemocktest.com/in/atma/test/analytical-reasoning-skills-2-sectional-1","sectional test","atma analytical reasoning skills ii mock test 1","SERP-verified 2026-09-09","","","","ATMA Analytical Reasoning Skills II Mock Test 1","ATMA Analytical Reasoning Skills II Mock Test 1"
"https://takemocktest.com/in/atma/test/verbal-skills-1-sectional-1","sectional test","atma verbal skills i mock test 1","SERP-verified 2026-09-09","","","","ATMA Verbal Skills I Mock Test 1","ATMA Verbal Skills I Mock Test 1: Free Practice"
"https://takemocktest.com/in/atma/test/verbal-skills-2-sectional-1","sectional test","atma verbal skills ii mock test 1","SERP-verified 2026-09-09","","","","ATMA Verbal Skills II Mock Test 1","ATMA Verbal Skills II Mock Test 1: Free Practice"
"https://takemocktest.com/in/atma/test/quantitative-skills-1-sectional-1","sectional test","atma quantitative skills i mock test 1","SERP-verified 2026-09-09","","","","ATMA Quantitative Skills I Mock Test 1","ATMA Quantitative Skills I Mock Test 1: Free Practice"
"https://takemocktest.com/in/atma/test/quantitative-skills-2-sectional-1","sectional test","atma quantitative skills ii mock test 1","SERP-verified 2026-09-09","","","","ATMA Quantitative Skills II Mock Test 1","ATMA Quantitative Skills II Mock Test 1: Free Practice"
"https://takemocktest.com/in/ibsat","exam hub","ibsat","Reasoned, not yet SERP-checked","","","","IBSAT","IBSAT: Free Mock Tests & Exam Pattern | TakeMockTest"
"https://takemocktest.com/in/ibsat/mock-test","mock-test","ibsat mock test 2026","Reasoned, not yet SERP-checked","","","","IBSAT Mock Test 2026","IBSAT Mock Test 2026, Practice Free Test Series"
"https://takemocktest.com/in/ibsat/exam-pattern","exam-pattern","ibsat exam pattern","Reasoned, not yet SERP-checked","","","","IBSAT Exam Pattern","IBSAT Exam Pattern 2026: Marks & Duration | TakeMockTest"
"https://takemocktest.com/in/ibsat/test/verbal-ability-reading-comprehension-quantitative-aptitude-data-adequacy-and-di-full-mock-1","full mock test","ibsat verbal ability, reading comprehension, quantitative aptitude, and data adequacy and di full mock test 1","Class GSC-observed, this URL not yet in GSC","","","","IBSAT Verbal Ability, Reading Comprehension, Quantitative Aptitude, and Data Adequacy and DI Full Mock Test 1","IBSAT Verbal Ability, Reading Comprehension, Quantitative Aptitude, and Data Adequacy and DI Full Mock Test 1"
"https://takemocktest.com/in/ibsat/test/verbal-ability-sectional-1","sectional test","ibsat verbal ability mock test 1","SERP-verified 2026-09-09","","","","IBSAT Verbal Ability Mock Test 1","IBSAT Verbal Ability Mock Test 1: Free Practice"
"https://takemocktest.com/in/ibsat/test/reading-comprehension-sectional-1","sectional test","ibsat reading comprehension mock test 1","SERP-verified 2026-09-09","","","","IBSAT Reading Comprehension Mock Test 1","IBSAT Reading Comprehension Mock Test 1: Free Practice"
"https://takemocktest.com/in/ibsat/test/quantitative-aptitude-sectional-1","sectional test","ibsat quantitative aptitude mock test 1","SERP-verified 2026-09-09","","","","IBSAT Quantitative Aptitude Mock Test 1","IBSAT Quantitative Aptitude Mock Test 1: Free Practice"
"https://takemocktest.com/in/ibsat/test/data-adequacy-and-di-sectional-1","sectional test","ibsat data adequacy and di mock test 1","SERP-verified 2026-09-09","","","","IBSAT Data Adequacy and DI Mock Test 1","IBSAT Data Adequacy and DI Mock Test 1: Free Practice"
"https://takemocktest.com/in/mat","exam hub","mat","Reasoned, not yet SERP-checked","","","","MAT","MAT: Free Mock Tests & Exam Pattern | TakeMockTest"
"https://takemocktest.com/in/mat/mock-test","mock-test","mat mock test 2026","Reasoned, not yet SERP-checked","","","","MAT Mock Test 2026","MAT Mock Test 2026, Practice Free Test Series | TakeMockTest"
"https://takemocktest.com/in/mat/exam-pattern","exam-pattern","mat exam pattern","Reasoned, not yet SERP-checked","","","","MAT Exam Pattern","MAT Exam Pattern 2026: Marks & Duration | TakeMockTest"
"https://takemocktest.com/in/mat/test/language-comprehension-intelligence-critical-reasoning-mathematical-skills-data-analysis-sufficiency-full-mock-1","full mock test","mat language comprehension, intelligence and critical reasoning, mathematical skills, and data analysis and sufficiency full mock test 1","Class GSC-observed, this URL not yet in GSC","","","","MAT Language Comprehension, Intelligence and Critical Reasoning, Mathematical Skills, and Data Analysis and Sufficiency Full Mock Test 1","MAT Language Comprehension, Intelligence and Critical Reasoning, Mathematical Skills, and Data Analysis and Sufficiency Full Mock Test 1"
"https://takemocktest.com/in/mat/test/language-comprehension-sectional-1","sectional test","mat language comprehension mock test 1","SERP-verified 2026-09-09","","","","MAT Language Comprehension Mock Test 1","MAT Language Comprehension Mock Test 1: Free Practice"
"https://takemocktest.com/in/mat/test/intelligence-critical-reasoning-sectional-1","sectional test","mat intelligence and critical reasoning mock test 1","SERP-verified 2026-09-09","","","","MAT Intelligence and Critical Reasoning Mock Test 1","MAT Intelligence and Critical Reasoning Mock Test 1"
"https://takemocktest.com/in/mat/test/mathematical-skills-sectional-1","sectional test","mathematical skills mock test 1","SERP-verified 2026-09-09","","","","Mathematical Skills Mock Test 1","Mathematical Skills Mock Test 1: Free Practice"
"https://takemocktest.com/in/mat/test/data-analysis-sufficiency-sectional-1","sectional test","mat data analysis and sufficiency mock test 1","SERP-verified 2026-09-09","","","","MAT Data Analysis and Sufficiency Mock Test 1","MAT Data Analysis and Sufficiency Mock Test 1: Free Practice"
"https://takemocktest.com/in/micat","exam hub","micat","Reasoned, not yet SERP-checked","","","","MICAT","MICAT: Free Mock Tests & Exam Pattern | TakeMockTest"
"https://takemocktest.com/in/micat/mock-test","mock-test","micat mock test 2026","Reasoned, not yet SERP-checked","","","","MICAT Mock Test 2026","MICAT Mock Test 2026, Practice Free Test Series"
"https://takemocktest.com/in/micat/exam-pattern","exam-pattern","micat exam pattern","Reasoned, not yet SERP-checked","","","","MICAT Exam Pattern","MICAT Exam Pattern 2026: Marks & Duration | TakeMockTest"
"https://takemocktest.com/in/micat/test/verbal-ability-quantitative-ability-and-data-interpretation-divergent-and-convergent-thinking-full-mock-1","full mock test","micat verbal ability, quantitative ability and data interpretation, and divergent and convergent thinking full mock test 1","Class GSC-observed, this URL not yet in GSC","","","","MICAT Verbal Ability, Quantitative Ability and Data Interpretation, and Divergent and Convergent Thinking Full Mock Test 1","MICAT Verbal Ability, Quantitative Ability and Data Interpretation, and Divergent and Convergent Thinking Full Mock Test 1"
"https://takemocktest.com/in/micat/test/verbal-ability-sectional-1","sectional test","micat verbal ability mock test 1","SERP-verified 2026-09-09","","","","MICAT Verbal Ability Mock Test 1","MICAT Verbal Ability Mock Test 1: Free Practice"
"https://takemocktest.com/in/micat/test/quantitative-ability-data-interpretation-sectional-1","sectional test","micat quantitative ability and data interpretation mock test 1","SERP-verified 2026-09-09","","","","MICAT Quantitative Ability and Data Interpretation Mock Test 1","MICAT Quantitative Ability and Data Interpretation Mock Test 1"
"https://takemocktest.com/in/micat/test/divergent-convergent-thinking-sectional-1","sectional test","micat divergent and convergent thinking mock test 1","SERP-verified 2026-09-09","","","","MICAT Divergent and Convergent Thinking Mock Test 1","MICAT Divergent and Convergent Thinking Mock Test 1"
"https://takemocktest.com/in/tancet-mba","exam hub","tancet mba","Reasoned, not yet SERP-checked","","","","TANCET MBA","TANCET MBA: Free Mock Tests & Exam Pattern | TakeMockTest"
"https://takemocktest.com/in/tancet-mba/mock-test","mock-test","tancet mba mock test 2026","Reasoned, not yet SERP-checked","","","","TANCET MBA Mock Test 2026","TANCET MBA Mock Test 2026, Practice Free Test Series"
"https://takemocktest.com/in/tancet-mba/exam-pattern","exam-pattern","tancet mba exam pattern","Reasoned, not yet SERP-checked","","","","TANCET MBA Exam Pattern","TANCET MBA Exam Pattern 2026: Marks & Duration"
"https://takemocktest.com/in/tancet-mba/test/business-situations-reading-comprehension-quantitative-aptitude-data-sufficiency-general-english-full-mock-1","full mock test","tancet mba business situations, reading comprehension, quantitative aptitude, data sufficiency, and general english full mock test 1","Class GSC-observed, this URL not yet in GSC","","","","TANCET MBA Business Situations, Reading Comprehension, Quantitative Aptitude, Data Sufficiency, and General English Full Mock Test 1","TANCET MBA Business Situations, Reading Comprehension, Quantitative Aptitude, Data Sufficiency, and General English Full Mock Test 1"
"https://takemocktest.com/in/tancet-mba/test/business-situations-sectional-1","sectional test","tancet mba business situations mock test 1","SERP-verified 2026-09-09","","","","TANCET MBA Business Situations Mock Test 1","TANCET MBA Business Situations Mock Test 1: Free Practice"
"https://takemocktest.com/in/tancet-mba/test/reading-comprehension-sectional-1","sectional test","tancet mba reading comprehension mock test 1","SERP-verified 2026-09-09","","","","TANCET MBA Reading Comprehension Mock Test 1","TANCET MBA Reading Comprehension Mock Test 1: Free Practice"
"https://takemocktest.com/in/tancet-mba/test/quantitative-aptitude-sectional-1","sectional test","tancet mba quantitative aptitude mock test 1","SERP-verified 2026-09-09","","","","TANCET MBA Quantitative Aptitude Mock Test 1","TANCET MBA Quantitative Aptitude Mock Test 1: Free Practice"
"https://takemocktest.com/in/tancet-mba/test/data-sufficiency-sectional-1","sectional test","tancet mba data sufficiency mock test 1","SERP-verified 2026-09-09","","","","TANCET MBA Data Sufficiency Mock Test 1","TANCET MBA Data Sufficiency Mock Test 1: Free Practice"
"https://takemocktest.com/in/tancet-mba/test/general-english-sectional-1","sectional test","tancet mba general english mock test 1","SERP-verified 2026-09-09","","","","TANCET MBA General English Mock Test 1","TANCET MBA General English Mock Test 1: Free Practice"
"https://takemocktest.com/in/kmat-karnataka","exam hub","kmat karnataka","Reasoned, not yet SERP-checked","","","","KMAT Karnataka","KMAT Karnataka: Free Mock Tests & Exam Pattern"
"https://takemocktest.com/in/kmat-karnataka/mock-test","mock-test","kmat karnataka mock test 2026","Reasoned, not yet SERP-checked","","","","KMAT Karnataka Mock Test 2026","KMAT Karnataka Mock Test 2026, Practice Free Test Series"
"https://takemocktest.com/in/kmat-karnataka/exam-pattern","exam-pattern","kmat karnataka exam pattern","Reasoned, not yet SERP-checked","","","","KMAT Karnataka Exam Pattern","KMAT Karnataka Exam Pattern 2026: Marks & Duration"
"https://takemocktest.com/in/kmat-karnataka/test/language-comprehension-mathematical-skills-basic-aptitude-full-mock-1","full mock test","kmat karnataka language comprehension, mathematical skills, and basic aptitude full mock test 1","Class GSC-observed, this URL not yet in GSC","","","","KMAT Karnataka Language Comprehension, Mathematical Skills, and Basic Aptitude Full Mock Test 1","KMAT Karnataka Language Comprehension, Mathematical Skills, and Basic Aptitude Full Mock Test 1"
"https://takemocktest.com/in/kmat-karnataka/test/language-comprehension-sectional-1","sectional test","kmat karnataka language comprehension mock test 1","SERP-verified 2026-09-09","","","","KMAT Karnataka Language Comprehension Mock Test 1","KMAT Karnataka Language Comprehension Mock Test 1"
"https://takemocktest.com/in/kmat-karnataka/test/mathematical-skills-sectional-1","sectional test","kmat karnataka mathematical skills mock test 1","SERP-verified 2026-09-09","","","","KMAT Karnataka Mathematical Skills Mock Test 1","KMAT Karnataka Mathematical Skills Mock Test 1"
"https://takemocktest.com/in/kmat-karnataka/test/basic-aptitude-sectional-1","sectional test","kmat karnataka basic aptitude mock test 1","SERP-verified 2026-09-09","","","","KMAT Karnataka Basic Aptitude Mock Test 1","KMAT Karnataka Basic Aptitude Mock Test 1: Free Practice"
"https://takemocktest.com/in/jipmat","exam hub","jipmat","Reasoned, not yet SERP-checked","","","","JIPMAT","JIPMAT: Free Mock Tests & Exam Pattern | TakeMockTest"
"https://takemocktest.com/in/jipmat/mock-test","mock-test","jipmat mock test 2026","Reasoned, not yet SERP-checked","","","","JIPMAT Mock Test 2026","JIPMAT Mock Test 2026, Practice Free Test Series"
"https://takemocktest.com/in/jipmat/exam-pattern","exam-pattern","jipmat exam pattern","Reasoned, not yet SERP-checked","","","","JIPMAT Exam Pattern","JIPMAT Exam Pattern 2026: Marks & Duration | TakeMockTest"
"https://takemocktest.com/in/jipmat/test/quantitative-aptitude-data-interpretation-logical-reasoning-verbal-ability-reading-comprehension-full-mock-1","full mock test","jipmat quantitative aptitude, data interpretation and logical reasoning, and verbal ability and reading comprehension full mock test 1","Class GSC-observed, this URL not yet in GSC","","","","JIPMAT Quantitative Aptitude, Data Interpretation and Logical Reasoning, and Verbal Ability and Reading Comprehension Full Mock Test 1","JIPMAT Quantitative Aptitude, Data Interpretation and Logical Reasoning, and Verbal Ability and Reading Comprehension Full Mock Test 1"
"https://takemocktest.com/in/jipmat/test/quantitative-aptitude-sectional-1","sectional test","jipmat quantitative aptitude mock test 1","SERP-verified 2026-09-09","","","","JIPMAT Quantitative Aptitude Mock Test 1","JIPMAT Quantitative Aptitude Mock Test 1: Free Practice"
"https://takemocktest.com/in/jipmat/test/data-interpretation-logical-reasoning-sectional-1","sectional test","jipmat data interpretation and logical reasoning mock test 1","SERP-verified 2026-09-09","","","","JIPMAT Data Interpretation and Logical Reasoning Mock Test 1","JIPMAT Data Interpretation and Logical Reasoning Mock Test 1"
"https://takemocktest.com/in/jipmat/test/verbal-ability-reading-comprehension-sectional-1","sectional test","jipmat verbal ability and reading comprehension mock test 1","SERP-verified 2026-09-09","","","","JIPMAT Verbal Ability and Reading Comprehension Mock Test 1","JIPMAT Verbal Ability and Reading Comprehension Mock Test 1"
"https://takemocktest.com/in/mht-cet","exam hub","mht cet","Reasoned, not yet SERP-checked","","","","MHT CET","MHT CET: Free Mock Tests & Exam Pattern | TakeMockTest"
"https://takemocktest.com/in/mht-cet/mock-test","mock-test","mht cet mock test 2026","Reasoned, not yet SERP-checked","","","","MHT CET Mock Test 2026","MHT CET Mock Test 2026, Practice Free Test Series"
"https://takemocktest.com/in/mht-cet/exam-pattern","exam-pattern","mht cet exam pattern","Reasoned, not yet SERP-checked","","","","MHT CET Exam Pattern","MHT CET Exam Pattern 2026: Marks & Duration | TakeMockTest"
"https://takemocktest.com/in/mht-cet/test/pcm-full-mock-1","full mock test","mht cet pcm full mock test 1","Class GSC-observed, this URL not yet in GSC","","","","MHT CET PCM Full Mock Test 1","MHT CET PCM Full Mock Test 1 (2026): Free Online Test"
"https://takemocktest.com/in/mht-cet/test/pcm-mathematics-sectional-1","sectional test","mht cet mathematics mock test 1","SERP-verified 2026-09-09","","","","MHT CET Mathematics Mock Test 1","MHT CET Mathematics Mock Test 1: Free Practice"
"https://takemocktest.com/in/mht-cet/test/pcm-full-mock-2","full mock test","mht cet pcm full mock test 2","Class GSC-observed, this URL not yet in GSC","","","","MHT CET PCM Full Mock Test 2","MHT CET PCM Full Mock Test 2 (2026): Free Online Test"
"https://takemocktest.com/in/mht-cet/test/pcm-mathematics-sectional-2","sectional test","mht cet mathematics mock test 2","SERP-verified 2026-09-09","","","","MHT CET Mathematics Mock Test 2","MHT CET Mathematics Mock Test 2: Free Practice"
"https://takemocktest.com/in/wbjee","exam hub","wbjee","Reasoned, not yet SERP-checked","","","","WBJEE","WBJEE: Free Mock Tests & Exam Pattern | TakeMockTest"
"https://takemocktest.com/in/wbjee/mock-test","mock-test","wbjee mock test 2026","Reasoned, not yet SERP-checked","","","","WBJEE Mock Test 2026","WBJEE Mock Test 2026, Practice Free Test Series"
"https://takemocktest.com/in/wbjee/exam-pattern","exam-pattern","wbjee exam pattern","Reasoned, not yet SERP-checked","","","","WBJEE Exam Pattern","WBJEE Exam Pattern 2026: Marks & Duration | TakeMockTest"
"https://takemocktest.com/in/wbjee/test/engineering-full-mock-1","full mock test","wbjee engineering full mock test 1","Class GSC-observed, this URL not yet in GSC","","","","WBJEE Engineering Full Mock Test 1","WBJEE Engineering Full Mock Test 1 (2026): Free Online Test"
"https://takemocktest.com/in/wbjee/test/engineering-full-mock-2","full mock test","wbjee engineering full mock test 2","Class GSC-observed, this URL not yet in GSC","","","","WBJEE Engineering Full Mock Test 2","WBJEE Engineering Full Mock Test 2 (2026): Free Online Test"
"https://takemocktest.com/in/ap-eapcet","exam hub","ap eapcet","Reasoned, not yet SERP-checked","","","","AP EAPCET","AP EAPCET: Free Mock Tests & Exam Pattern | TakeMockTest"
"https://takemocktest.com/in/ap-eapcet/mock-test","mock-test","ap eapcet mock test 2026","Reasoned, not yet SERP-checked","","","","AP EAPCET Mock Test 2026","AP EAPCET Mock Test 2026, Practice Free Test Series"
"https://takemocktest.com/in/ap-eapcet/exam-pattern","exam-pattern","ap eapcet exam pattern","Reasoned, not yet SERP-checked","","","","AP EAPCET Exam Pattern","AP EAPCET Exam Pattern 2026: Marks & Duration | TakeMockTest"
"https://takemocktest.com/in/ap-eapcet/test/engineering-full-mock-1","full mock test","ap eapcet engineering full mock test 1","Class GSC-observed, this URL not yet in GSC","","","","AP EAPCET Engineering Full Mock Test 1","AP EAPCET Engineering Full Mock Test 1 (2026) | TakeMockTest"
"https://takemocktest.com/in/ap-eapcet/test/engineering-mathematics-sectional-1","sectional test","ap eapcet mathematics sectional practice test 1 mock test","SERP-verified 2026-09-09","","","","AP EAPCET Mathematics Sectional Practice Test 1 Mock Test","AP EAPCET Mathematics Sectional Practice Test 1 Mock Test"
"https://takemocktest.com/in/ap-eapcet/test/engineering-full-mock-2","full mock test","ap eapcet engineering full mock test 2","Class GSC-observed, this URL not yet in GSC","","","","AP EAPCET Engineering Full Mock Test 2","AP EAPCET Engineering Full Mock Test 2 (2026) | TakeMockTest"
"https://takemocktest.com/in/ap-eapcet/test/engineering-mathematics-sectional-2","sectional test","ap eapcet mathematics sectional practice test 2 mock test","SERP-verified 2026-09-09","","","","AP EAPCET Mathematics Sectional Practice Test 2 Mock Test","AP EAPCET Mathematics Sectional Practice Test 2 Mock Test"
"https://takemocktest.com/in/tg-eapcet","exam hub","tg eapcet","Reasoned, not yet SERP-checked","","","","TG EAPCET","TG EAPCET: Free Mock Tests & Exam Pattern | TakeMockTest"
"https://takemocktest.com/in/tg-eapcet/mock-test","mock-test","tg eapcet mock test 2026","Reasoned, not yet SERP-checked","","","","TG EAPCET Mock Test 2026","TG EAPCET Mock Test 2026, Practice Free Test Series"
"https://takemocktest.com/in/tg-eapcet/test/engineering-full-mock-1","full mock test","tg eapcet engineering full mock test 1","Class GSC-observed, this URL not yet in GSC","","","","TG EAPCET Engineering Full Mock Test 1","TG EAPCET Engineering Full Mock Test 1 (2026) | TakeMockTest"
"https://takemocktest.com/in/tg-eapcet/test/engineering-mathematics-sectional-1","sectional test","tg eapcet mathematics sectional practice test 1 mock test","SERP-verified 2026-09-09","","","","TG EAPCET Mathematics Sectional Practice Test 1 Mock Test","TG EAPCET Mathematics Sectional Practice Test 1 Mock Test"
"https://takemocktest.com/in/tg-eapcet/test/engineering-full-mock-2","full mock test","tg eapcet engineering full mock test 2","Class GSC-observed, this URL not yet in GSC","","","","TG EAPCET Engineering Full Mock Test 2","TG EAPCET Engineering Full Mock Test 2 (2026) | TakeMockTest"
"https://takemocktest.com/in/tg-eapcet/test/engineering-mathematics-sectional-2","sectional test","tg eapcet mathematics sectional practice test 2 mock test","SERP-verified 2026-09-09","","","","TG EAPCET Mathematics Sectional Practice Test 2 Mock Test","TG EAPCET Mathematics Sectional Practice Test 2 Mock Test"
"https://takemocktest.com/in/kcet","exam hub","kcet","Reasoned, not yet SERP-checked","","","","KCET","KCET: Free Mock Tests & Exam Pattern | TakeMockTest"
"https://takemocktest.com/in/kcet/mock-test","mock-test","kcet mock test 2026","Reasoned, not yet SERP-checked","","","","KCET Mock Test 2026","KCET Mock Test 2026, Practice Free Test Series"
"https://takemocktest.com/in/kcet/exam-pattern","exam-pattern","kcet exam pattern","Reasoned, not yet SERP-checked","","","","KCET Exam Pattern","KCET Exam Pattern 2026: Marks & Duration | TakeMockTest"
"https://takemocktest.com/in/kcet/test/engineering-full-mock-1","full mock test","kcet engineering full mock test 1","Class GSC-observed, this URL not yet in GSC","","","","KCET Engineering Full Mock Test 1","KCET Engineering Full Mock Test 1 (2026): Free Online Test"
"https://takemocktest.com/in/kcet/test/engineering-physics-paper-practice-1","sectional test","kcet physics paper practice test 1 mock test","SERP-verified 2026-09-09","","","","KCET Physics Paper Practice Test 1 Mock Test","KCET Physics Paper Practice Test 1 Mock Test: Free Practice"
"https://takemocktest.com/in/kcet/test/engineering-chemistry-paper-practice-1","sectional test","kcet chemistry paper practice test 1 mock test","SERP-verified 2026-09-09","","","","KCET Chemistry Paper Practice Test 1 Mock Test","KCET Chemistry Paper Practice Test 1 Mock Test"
"https://takemocktest.com/in/kcet/test/engineering-mathematics-paper-practice-1","sectional test","kcet mathematics paper practice test 1 mock test","SERP-verified 2026-09-09","","","","KCET Mathematics Paper Practice Test 1 Mock Test","KCET Mathematics Paper Practice Test 1 Mock Test"
"https://takemocktest.com/in/kcet/test/engineering-full-mock-2","full mock test","kcet engineering full mock test 2","Class GSC-observed, this URL not yet in GSC","","","","KCET Engineering Full Mock Test 2","KCET Engineering Full Mock Test 2 (2026): Free Online Test"
"https://takemocktest.com/in/kcet/test/engineering-physics-paper-practice-2","sectional test","kcet physics paper practice test 2 mock test","SERP-verified 2026-09-09","","","","KCET Physics Paper Practice Test 2 Mock Test","KCET Physics Paper Practice Test 2 Mock Test: Free Practice"
"https://takemocktest.com/in/kcet/test/engineering-chemistry-paper-practice-2","sectional test","kcet chemistry paper practice test 2 mock test","SERP-verified 2026-09-09","","","","KCET Chemistry Paper Practice Test 2 Mock Test","KCET Chemistry Paper Practice Test 2 Mock Test"
"https://takemocktest.com/in/kcet/test/engineering-mathematics-paper-practice-2","sectional test","kcet mathematics paper practice test 2 mock test","SERP-verified 2026-09-09","","","","KCET Mathematics Paper Practice Test 2 Mock Test","KCET Mathematics Paper Practice Test 2 Mock Test"
"https://takemocktest.com/in/amu-btech","exam hub","amu b.tech.","Reasoned, not yet SERP-checked","","","","AMU B.Tech.","AMU B.Tech.: Free Mock Tests & Exam Pattern | TakeMockTest"
"https://takemocktest.com/in/amu-btech/mock-test","mock-test","amu b.tech. mock test 2026","Reasoned, not yet SERP-checked","","","","AMU B.Tech. Mock Test 2026","AMU B.Tech. Mock Test 2026, Practice Free Test Series"
"https://takemocktest.com/in/amu-btech/exam-pattern","exam-pattern","amu b.tech. exam pattern","Reasoned, not yet SERP-checked","","","","AMU B.Tech. Exam Pattern","AMU B.Tech. Exam Pattern 2026: Marks & Duration"
"https://takemocktest.com/in/amu-btech/test/full-mock-1","full mock test","amu b.tech. full mock test 1","Class GSC-observed, this URL not yet in GSC","","","","AMU B.Tech. Full Mock Test 1","AMU B.Tech. Full Mock Test 1 (2026-27): Free Online Test"
"https://takemocktest.com/in/amu-btech/test/chemistry-sectional-1","sectional test","amu b.tech. chemistry mock test 1","SERP-verified 2026-09-09","","","","AMU B.Tech. Chemistry Mock Test 1","AMU B.Tech. Chemistry Mock Test 1: Free Practice"
"https://takemocktest.com/in/amu-btech/test/physics-sectional-1","sectional test","amu b.tech. physics mock test 1","SERP-verified 2026-09-09","","","","AMU B.Tech. Physics Mock Test 1","AMU B.Tech. Physics Mock Test 1: Free Practice"
"https://takemocktest.com/in/amu-btech/test/mathematics-sectional-1","sectional test","amu b.tech. mathematics mock test 1","SERP-verified 2026-09-09","","","","AMU B.Tech. Mathematics Mock Test 1","AMU B.Tech. Mathematics Mock Test 1: Free Practice"
"https://takemocktest.com/in/assam-cee","exam hub","assam cee","Reasoned, not yet SERP-checked","","","","Assam CEE","Assam CEE: Free Mock Tests & Exam Pattern | TakeMockTest"
"https://takemocktest.com/in/assam-cee/mock-test","mock-test","assam cee mock test 2026","Reasoned, not yet SERP-checked","","","","Assam CEE Mock Test 2026","Assam CEE Mock Test 2026, Practice Free Test Series"
"https://takemocktest.com/in/assam-cee/exam-pattern","exam-pattern","assam cee exam pattern","Reasoned, not yet SERP-checked","","","","Assam CEE Exam Pattern","Assam CEE Exam Pattern 2026: Marks & Duration | TakeMockTest"
"https://takemocktest.com/in/assam-cee/test/full-mock-1","full mock test","assam cee full mock test 1","Class GSC-observed, this URL not yet in GSC","","","","Assam CEE Full Mock Test 1","Assam CEE Full Mock Test 1 (2026): Free Online Test"
"https://takemocktest.com/in/assam-cee/test/mathematics-sectional-1","sectional test","assam cee mathematics mock test 1","SERP-verified 2026-09-09","","","","Assam CEE Mathematics Mock Test 1","Assam CEE Mathematics Mock Test 1: Free Practice"
"https://takemocktest.com/in/assam-cee/test/physics-sectional-1","sectional test","assam cee physics mock test 1","SERP-verified 2026-09-09","","","","Assam CEE Physics Mock Test 1","Assam CEE Physics Mock Test 1: Free Practice | TakeMockTest"
"https://takemocktest.com/in/assam-cee/test/chemistry-sectional-1","sectional test","assam cee chemistry mock test 1","SERP-verified 2026-09-09","","","","Assam CEE Chemistry Mock Test 1","Assam CEE Chemistry Mock Test 1: Free Practice"
"https://takemocktest.com/in/bits-hd","exam hub","bits hd","Reasoned, not yet SERP-checked","","","","BITS HD","BITS HD: Free Mock Tests & Exam Pattern | TakeMockTest"
"https://takemocktest.com/in/bits-hd/mock-test","mock-test","bits hd mock test 2026","Reasoned, not yet SERP-checked","","","","BITS HD Mock Test 2026","BITS HD Mock Test 2026, Practice Free Test Series"
"https://takemocktest.com/in/bits-hd/exam-pattern","exam-pattern","bits hd exam pattern","Reasoned, not yet SERP-checked","","","","BITS HD Exam Pattern","BITS HD Exam Pattern 2026: Marks & Duration | TakeMockTest"
"https://takemocktest.com/in/bits-hd/test/me-cs-full-mock-1","full mock test","bits hd m.e. computer science full mock test 1","Class GSC-observed, this URL not yet in GSC","","","","BITS HD M.E. Computer Science Full Mock Test 1","BITS HD M.E. Computer Science Full Mock Test 1 (2026-27)"
"https://takemocktest.com/in/bits-hd/test/me-cs-full-mock-2","full mock test","bits hd m.e. computer science full mock test 2","Class GSC-observed, this URL not yet in GSC","","","","BITS HD M.E. Computer Science Full Mock Test 2","BITS HD M.E. Computer Science Full Mock Test 2 (2026-27)"
"https://takemocktest.com/in/cg-pet","exam hub","cg pet","Reasoned, not yet SERP-checked","","","","CG PET","CG PET: Free Mock Tests & Exam Pattern | TakeMockTest"
"https://takemocktest.com/in/cg-pet/mock-test","mock-test","cg pet mock test 2026","Reasoned, not yet SERP-checked","","","","CG PET Mock Test 2026","CG PET Mock Test 2026, Practice Free Test Series"
"https://takemocktest.com/in/cg-pet/test/full-mock-1","full mock test","cg pet full mock test 1","Class GSC-observed, this URL not yet in GSC","","","","CG PET Full Mock Test 1","CG PET Full Mock Test 1 (2026): Free Online Test"
"https://takemocktest.com/in/cg-pet/test/physics-sectional-1","sectional test","cg pet physics mock test 1","SERP-verified 2026-09-09","","","","CG PET Physics Mock Test 1","CG PET Physics Mock Test 1: Free Practice | TakeMockTest"
"https://takemocktest.com/in/cg-pet/test/chemistry-sectional-1","sectional test","cg pet chemistry mock test 1","SERP-verified 2026-09-09","","","","CG PET Chemistry Mock Test 1","CG PET Chemistry Mock Test 1: Free Practice | TakeMockTest"
"https://takemocktest.com/in/cg-pet/test/mathematics-sectional-1","sectional test","cg pet mathematics mock test 1","SERP-verified 2026-09-09","","","","CG PET Mathematics Mock Test 1","CG PET Mathematics Mock Test 1: Free Practice | TakeMockTest"
"https://takemocktest.com/in/bcece","exam hub","bcece","Reasoned, not yet SERP-checked","","","","BCECE","BCECE: Free Mock Tests & Exam Pattern | TakeMockTest"
"https://takemocktest.com/in/bcece/mock-test","mock-test","bcece mock test 2026","Reasoned, not yet SERP-checked","","","","BCECE Mock Test 2026","BCECE Mock Test 2026, Practice Free Test Series"
"https://takemocktest.com/in/bcece/test/pcm-engineering-full-mock-1","full mock test","bcece pcm engineering full mock test 1","Class GSC-observed, this URL not yet in GSC","","","","BCECE PCM Engineering Full Mock Test 1","BCECE PCM Engineering Full Mock Test 1 (2026) | TakeMockTest"
"https://takemocktest.com/in/bcece/test/physics-sectional-1","sectional test","bcece physics mock test 1","SERP-verified 2026-09-09","","","","BCECE Physics Mock Test 1","BCECE Physics Mock Test 1: Free Practice | TakeMockTest"
"https://takemocktest.com/in/bcece/test/chemistry-sectional-1","sectional test","bcece chemistry mock test 1","SERP-verified 2026-09-09","","","","BCECE Chemistry Mock Test 1","BCECE Chemistry Mock Test 1: Free Practice | TakeMockTest"
"https://takemocktest.com/in/bcece/test/mathematics-sectional-1","sectional test","bcece mathematics mock test 1","SERP-verified 2026-09-09","","","","BCECE Mathematics Mock Test 1","BCECE Mathematics Mock Test 1: Free Practice | TakeMockTest"
"https://takemocktest.com/in/jcece","exam hub","jcece","Reasoned, not yet SERP-checked","","","","JCECE","JCECE: Free Mock Tests & Exam Pattern | TakeMockTest"
"https://takemocktest.com/in/jcece/mock-test","mock-test","jcece mock test 2026","Reasoned, not yet SERP-checked","","","","JCECE Mock Test 2026","JCECE Mock Test 2026, Practice Free Test Series"
"https://takemocktest.com/in/jcece/exam-pattern","exam-pattern","jcece exam pattern","Reasoned, not yet SERP-checked","","","","JCECE Exam Pattern","JCECE Exam Pattern 2026: Marks & Duration | TakeMockTest"
"https://takemocktest.com/in/jcece/test/pcm-full-mock-1","full mock test","jcece pcm full mock test 1","Class GSC-observed, this URL not yet in GSC","","","","JCECE PCM Full Mock Test 1","JCECE PCM Full Mock Test 1 (2026): Free Online Test"
"https://takemocktest.com/in/jcece/test/physics-sectional-1","sectional test","jcece physics mock test 1","SERP-verified 2026-09-09","","","","JCECE Physics Mock Test 1","JCECE Physics Mock Test 1: Free Practice | TakeMockTest"
"https://takemocktest.com/in/jcece/test/chemistry-sectional-1","sectional test","jcece chemistry mock test 1","SERP-verified 2026-09-09","","","","JCECE Chemistry Mock Test 1","JCECE Chemistry Mock Test 1: Free Practice | TakeMockTest"
"https://takemocktest.com/in/jcece/test/mathematics-sectional-1","sectional test","jcece mathematics mock test 1","SERP-verified 2026-09-09","","","","JCECE Mathematics Mock Test 1","JCECE Mathematics Mock Test 1: Free Practice | TakeMockTest"
"https://takemocktest.com/in/jest","exam hub","jest","Reasoned, not yet SERP-checked","","","","JEST","JEST: Free Mock Tests & Exam Pattern | TakeMockTest"
"https://takemocktest.com/in/jest/mock-test","mock-test","jest mock test 2026","Reasoned, not yet SERP-checked","","","","JEST Mock Test 2026","JEST Mock Test 2026, Practice Free Test Series"
"https://takemocktest.com/in/jest/exam-pattern","exam-pattern","jest exam pattern","Reasoned, not yet SERP-checked","","","","JEST Exam Pattern","JEST Exam Pattern 2026: Marks & Duration | TakeMockTest"
"https://takemocktest.com/in/jest/test/physics-full-mock-1","full mock test","jest physics full mock test 1","Class GSC-observed, this URL not yet in GSC","","","","JEST Physics Full Mock Test 1","JEST Physics Full Mock Test 1 (2026): Free Online Test"
"https://takemocktest.com/in/jest/test/part-a-sectional-1","sectional test","jest part a mock test 1","SERP-verified 2026-09-09","","","","JEST Part A Mock Test 1","JEST Part A Mock Test 1: Free Practice | TakeMockTest"
"https://takemocktest.com/in/jest/test/part-b-sectional-1","sectional test","jest part b mock test 1","SERP-verified 2026-09-09","","","","JEST Part B Mock Test 1","JEST Part B Mock Test 1: Free Practice | TakeMockTest"
"https://takemocktest.com/in/jest/test/part-c-sectional-1","sectional test","jest part c mock test 1","SERP-verified 2026-09-09","","","","JEST Part C Mock Test 1","JEST Part C Mock Test 1: Free Practice | TakeMockTest"
"https://takemocktest.com/in/keam","exam hub","keam","Reasoned, not yet SERP-checked","","","","KEAM","KEAM: Free Mock Tests & Exam Pattern | TakeMockTest"
"https://takemocktest.com/in/keam/mock-test","mock-test","keam mock test 2026","Reasoned, not yet SERP-checked","","","","KEAM Mock Test 2026","KEAM Mock Test 2026, Practice Free Test Series"
"https://takemocktest.com/in/keam/exam-pattern","exam-pattern","keam exam pattern","Reasoned, not yet SERP-checked","","","","KEAM Exam Pattern","KEAM Exam Pattern 2026: Marks & Duration | TakeMockTest"
"https://takemocktest.com/in/keam/test/engineering-full-mock-1","full mock test","keam engineering full mock test 1","Class GSC-observed, this URL not yet in GSC","","","","KEAM Engineering Full Mock Test 1","KEAM Engineering Full Mock Test 1 (2026): Free Online Test"
"https://takemocktest.com/in/keam/test/mathematics-sectional-1","sectional test","keam mathematics mock test 1","SERP-verified 2026-09-09","","","","KEAM Mathematics Mock Test 1","KEAM Mathematics Mock Test 1: Free Practice | TakeMockTest"
"https://takemocktest.com/in/keam/test/physics-sectional-1","sectional test","keam physics mock test 1","SERP-verified 2026-09-09","","","","KEAM Physics Mock Test 1","KEAM Physics Mock Test 1: Free Practice | TakeMockTest"
"https://takemocktest.com/in/keam/test/chemistry-sectional-1","sectional test","keam chemistry mock test 1","SERP-verified 2026-09-09","","","","KEAM Chemistry Mock Test 1","KEAM Chemistry Mock Test 1: Free Practice | TakeMockTest"
"https://takemocktest.com/in/kerala-mca","exam hub","kerala mca","Reasoned, not yet SERP-checked","","","","Kerala MCA","Kerala MCA: Free Mock Tests & Exam Pattern | TakeMockTest"
"https://takemocktest.com/in/kerala-mca/mock-test","mock-test","kerala mca mock test 2026","Reasoned, not yet SERP-checked","","","","Kerala MCA Mock Test 2026","Kerala MCA Mock Test 2026, Practice Free Test Series"
"https://takemocktest.com/in/kerala-mca/exam-pattern","exam-pattern","kerala mca exam pattern","Reasoned, not yet SERP-checked","","","","Kerala MCA Exam Pattern","Kerala MCA Exam Pattern 2026: Marks & Duration"
"https://takemocktest.com/in/kerala-mca/test/mca-full-mock-1","full mock test","kerala mca full mock test 1","Class GSC-observed, this URL not yet in GSC","","","","Kerala MCA Full Mock Test 1","Kerala MCA Full Mock Test 1 (2026): Free Online Test"
"https://takemocktest.com/in/kerala-mca/test/computer-science-sectional-1","sectional test","kerala mca computer science mock test 1","SERP-verified 2026-09-09","","","","Kerala MCA Computer Science Mock Test 1","Kerala MCA Computer Science Mock Test 1: Free Practice"
"https://takemocktest.com/in/kerala-mca/test/mathematics-and-statistics-sectional-1","sectional test","kerala mca mathematics & statistics mock test 1","SERP-verified 2026-09-09","","","","Kerala MCA Mathematics & Statistics Mock Test 1","Kerala MCA Mathematics & Statistics Mock Test 1"
"https://takemocktest.com/in/kerala-mca/test/quantitative-aptitude-and-logical-ability-sectional-1","sectional test","kerala mca quantitative aptitude & logical ability mock test 1","SERP-verified 2026-09-09","","","","Kerala MCA Quantitative Aptitude & Logical Ability Mock Test 1","Kerala MCA Quantitative Aptitude & Logical Ability Mock Test 1"
"https://takemocktest.com/in/kerala-mca/test/english-sectional-1","sectional test","kerala mca english mock test 1","SERP-verified 2026-09-09","","","","Kerala MCA English Mock Test 1","Kerala MCA English Mock Test 1: Free Practice | TakeMockTest"
"https://takemocktest.com/in/ksdat","exam hub","ksdat","Reasoned, not yet SERP-checked","","","","KSDAT","KSDAT: Free Mock Tests & Exam Pattern | TakeMockTest"
"https://takemocktest.com/in/ksdat/mock-test","mock-test","ksdat mock test 2026","Reasoned, not yet SERP-checked","","","","KSDAT Mock Test 2026","KSDAT Mock Test 2026, Practice Free Test Series"
"https://takemocktest.com/in/ksdat/exam-pattern","exam-pattern","ksdat exam pattern","Reasoned, not yet SERP-checked","","","","KSDAT Exam Pattern","KSDAT Exam Pattern 2026: Marks & Duration | TakeMockTest"
"https://takemocktest.com/in/ksdat/test/ksdat-full-mock-1","full mock test","ksdat full mock test 1","Class GSC-observed, this URL not yet in GSC","","","","KSDAT Full Mock Test 1","KSDAT Full Mock Test 1 (2026): Free Online Test"
"https://takemocktest.com/in/ksdat/test/social-and-basic-sciences-sectional-1","sectional test","ksdat social & basic sciences mock test 1","SERP-verified 2026-09-09","","","","KSDAT Social & Basic Sciences Mock Test 1","KSDAT Social & Basic Sciences Mock Test 1: Free Practice"
"https://takemocktest.com/in/ksdat/test/general-knowledge-sectional-1","sectional test","ksdat general knowledge mock test 1","SERP-verified 2026-09-09","","","","KSDAT General Knowledge Mock Test 1","KSDAT General Knowledge Mock Test 1: Free Practice"
"https://takemocktest.com/in/ksdat/test/english-language-sectional-1","sectional test","ksdat english language mock test 1","SERP-verified 2026-09-09","","","","KSDAT English Language Mock Test 1","KSDAT English Language Mock Test 1: Free Practice"
"https://takemocktest.com/in/ksdat/test/numerical-ability-and-analytical-aptitude-sectional-1","sectional test","ksdat numerical ability & analytical aptitude mock test 1","SERP-verified 2026-09-09","","","","KSDAT Numerical Ability & Analytical Aptitude Mock Test 1","KSDAT Numerical Ability & Analytical Aptitude Mock Test 1"
"https://takemocktest.com/in/ksdat/test/design-awareness-sectional-1","sectional test","ksdat design awareness mock test 1","SERP-verified 2026-09-09","","","","KSDAT Design Awareness Mock Test 1","KSDAT Design Awareness Mock Test 1: Free Practice"
"https://takemocktest.com/in/mah-bhmct-bca-bba-bms-bbm-cet","exam hub","mah bhmct/bca/bba/bms/bbm cet","Reasoned, not yet SERP-checked","","","","MAH BHMCT/BCA/BBA/BMS/BBM CET","MAH BHMCT/BCA/BBA/BMS/BBM CET: Free Mock Tests & Exam Pattern"
"https://takemocktest.com/in/mah-bhmct-bca-bba-bms-bbm-cet/mock-test","mock-test","mah bhmct/bca/bba/bms/bbm cet mock test 2026","Reasoned, not yet SERP-checked","","","","MAH BHMCT/BCA/BBA/BMS/BBM CET Mock Test 2026","MAH UG CET Mock Test 2026, Practice Free Test Series"
"https://takemocktest.com/in/mah-bhmct-bca-bba-bms-bbm-cet/exam-pattern","exam-pattern","mah bhmct/bca/bba/bms/bbm cet exam pattern","Reasoned, not yet SERP-checked","","","","MAH BHMCT/BCA/BBA/BMS/BBM CET Exam Pattern","MAH BHMCT/BCA/BBA/BMS/BBM CET Exam Pattern 2026: Marks & Duration"
"https://takemocktest.com/in/mah-bhmct-bca-bba-bms-bbm-cet/test/common-cet-full-mock-1","full mock test","mah bhmct/bca/bba/bms/bbm cet full mock test 1","Class GSC-observed, this URL not yet in GSC","","","","MAH BHMCT/BCA/BBA/BMS/BBM CET Full Mock Test 1","MAH BHMCT/BCA/BBA/BMS/BBM CET Full Mock Test 1 (2026)"
"https://takemocktest.com/in/mah-bhmct-bca-bba-bms-bbm-cet/test/english-language-sectional-1","sectional test","mah bhmct/bca/bba/bms/bbm cet english language mock test 1","SERP-verified 2026-09-09","","","","MAH BHMCT/BCA/BBA/BMS/BBM CET English Language Mock Test 1","MAH BHMCT/BCA/BBA/BMS/BBM CET English Language Mock Test 1"
"https://takemocktest.com/in/mah-bhmct-bca-bba-bms-bbm-cet/test/reasoning-verbal-and-arithmetic-sectional-1","sectional test","mah bhmct/bca/bba/bms/bbm cet reasoning (verbal & arithmetic) mock test 1","SERP-verified 2026-09-09","","","","MAH BHMCT/BCA/BBA/BMS/BBM CET Reasoning (Verbal & Arithmetic) Mock Test 1","MAH BHMCT/BCA/BBA/BMS/BBM CET Reasoning (Verbal & Arithmetic) Mock Test 1"
"https://takemocktest.com/in/mah-bhmct-bca-bba-bms-bbm-cet/test/general-knowledge-and-awareness-sectional-1","sectional test","mah bhmct/bca/bba/bms/bbm cet general knowledge & awareness mock test 1","SERP-verified 2026-09-09","","","","MAH BHMCT/BCA/BBA/BMS/BBM CET General Knowledge & Awareness Mock Test 1","MAH BHMCT/BCA/BBA/BMS/BBM CET General Knowledge & Awareness Mock Test 1"
"https://takemocktest.com/in/mah-bhmct-bca-bba-bms-bbm-cet/test/computer-basics-sectional-1","sectional test","mah bhmct/bca/bba/bms/bbm cet computer basics mock test 1","SERP-verified 2026-09-09","","","","MAH BHMCT/BCA/BBA/BMS/BBM CET Computer Basics Mock Test 1","MAH BHMCT/BCA/BBA/BMS/BBM CET Computer Basics Mock Test 1"
"https://takemocktest.com/in/mah-mba-cet","exam hub","mah mba cet","Reasoned, not yet SERP-checked","","","","MAH MBA CET","MAH MBA CET: Free Mock Tests & Exam Pattern | TakeMockTest"
"https://takemocktest.com/in/mah-mba-cet/mock-test","mock-test","mah mba cet mock test 2026","Reasoned, not yet SERP-checked","","","","MAH MBA CET Mock Test 2026","MAH MBA CET Mock Test 2026, Practice Free Test Series"
"https://takemocktest.com/in/mah-mba-cet/exam-pattern","exam-pattern","mah mba cet exam pattern","Reasoned, not yet SERP-checked","","","","MAH MBA CET Exam Pattern","MAH MBA CET Exam Pattern 2026: Marks & Duration"
"https://takemocktest.com/in/mah-mba-cet/test/mba-mms-full-mock-1","full mock test","mah mba cet mba/mms full mock test 1","Class GSC-observed, this URL not yet in GSC","","","","MAH MBA CET MBA/MMS Full Mock Test 1","MAH MBA CET MBA/MMS Full Mock Test 1 (2026) | TakeMockTest"
"https://takemocktest.com/in/mah-mba-cet/test/logical-reasoning-sectional-1","sectional test","mah mba cet logical reasoning mock test 1","SERP-verified 2026-09-09","","","","MAH MBA CET Logical Reasoning Mock Test 1","MAH MBA CET Logical Reasoning Mock Test 1: Free Practice"
"https://takemocktest.com/in/mah-mba-cet/test/abstract-reasoning-sectional-1","sectional test","mah mba cet abstract reasoning mock test 1","SERP-verified 2026-09-09","","","","MAH MBA CET Abstract Reasoning Mock Test 1","MAH MBA CET Abstract Reasoning Mock Test 1: Free Practice"
"https://takemocktest.com/in/mah-mba-cet/test/quantitative-aptitude-sectional-1","sectional test","mah mba cet quantitative aptitude mock test 1","SERP-verified 2026-09-09","","","","MAH MBA CET Quantitative Aptitude Mock Test 1","MAH MBA CET Quantitative Aptitude Mock Test 1: Free Practice"
"https://takemocktest.com/in/mah-mba-cet/test/verbal-ability-reading-comprehension-sectional-1","sectional test","mah mba cet verbal ability / reading comprehension mock test 1","SERP-verified 2026-09-09","","","","MAH MBA CET Verbal Ability / Reading Comprehension Mock Test 1","MAH MBA CET Verbal Ability / Reading Comprehension Mock Test 1"
"https://takemocktest.com/in/mah-mca-cet","exam hub","mah mca cet","Reasoned, not yet SERP-checked","","","","MAH MCA CET","MAH MCA CET: Free Mock Tests & Exam Pattern | TakeMockTest"
"https://takemocktest.com/in/mah-mca-cet/mock-test","mock-test","mah mca cet mock test 2026","Reasoned, not yet SERP-checked","","","","MAH MCA CET Mock Test 2026","MAH MCA CET Mock Test 2026, Practice Free Test Series"
"https://takemocktest.com/in/mah-mca-cet/exam-pattern","exam-pattern","mah mca cet exam pattern","Reasoned, not yet SERP-checked","","","","MAH MCA CET Exam Pattern","MAH MCA CET Exam Pattern 2026: Marks & Duration"
"https://takemocktest.com/in/mah-mca-cet/test/mca-full-mock-1","full mock test","mah mca cet full mock test 1","Class GSC-observed, this URL not yet in GSC","","","","MAH MCA CET Full Mock Test 1","MAH MCA CET Full Mock Test 1 (2026): Free Online Test"
"https://takemocktest.com/in/mah-mca-cet/test/mathematics-and-statistics-sectional-1","sectional test","mah mca cet mathematics & statistics mock test 1","SERP-verified 2026-09-09","","","","MAH MCA CET Mathematics & Statistics Mock Test 1","MAH MCA CET Mathematics & Statistics Mock Test 1"
"https://takemocktest.com/in/mah-mca-cet/test/logical-abstract-reasoning-sectional-1","sectional test","mah mca cet logical / abstract reasoning mock test 1","SERP-verified 2026-09-09","","","","MAH MCA CET Logical / Abstract Reasoning Mock Test 1","MAH MCA CET Logical / Abstract Reasoning Mock Test 1"
"https://takemocktest.com/in/mah-mca-cet/test/english-comprehension-and-verbal-ability-sectional-1","sectional test","mah mca cet english comprehension & verbal ability mock test 1","SERP-verified 2026-09-09","","","","MAH MCA CET English Comprehension & Verbal Ability Mock Test 1","MAH MCA CET English Comprehension & Verbal Ability Mock Test 1"
"https://takemocktest.com/in/mah-mca-cet/test/computer-concepts-sectional-1","sectional test","mah mca cet computer concepts mock test 1","SERP-verified 2026-09-09","","","","MAH MCA CET Computer Concepts Mock Test 1","MAH MCA CET Computer Concepts Mock Test 1: Free Practice"
"https://takemocktest.com/in/state-set","exam hub","state eligibility test","Reasoned, not yet SERP-checked","","","","State Eligibility Test","State Eligibility Test: Free Mock Tests & Exam Pattern"
"https://takemocktest.com/in/state-set/mock-test","mock-test","state eligibility test mock test 2026","Reasoned, not yet SERP-checked","","","","State Eligibility Test Mock Test 2026","State SET Mock Test 2026, Practice Free Test Series"
"https://takemocktest.com/in/state-set/exam-pattern","exam-pattern","state eligibility test exam pattern","Reasoned, not yet SERP-checked","","","","State Eligibility Test Exam Pattern","State Eligibility Test Exam Pattern 2026: Marks & Duration"
"https://takemocktest.com/in/state-set/test/maharashtra-commerce-full-mock-1","full mock test","state eligibility test maharashtra commerce full mock test 1","Class GSC-observed, this URL not yet in GSC","","","","State Eligibility Test Maharashtra Commerce Full Mock Test 1","State Eligibility Test Maharashtra Commerce Full Mock Test 1"
"https://takemocktest.com/in/state-set/test/paper-i---teaching-and-research-aptitude-sectional-1","sectional test","state eligibility test paper i (teaching & research aptitude) mock test 1","SERP-verified 2026-09-09","","","","State Eligibility Test Paper I (Teaching & Research Aptitude) Mock Test 1","State Eligibility Test Paper I (Teaching & Research Aptitude) Mock Test 1"
"https://takemocktest.com/in/state-set/test/paper-ii---commerce-sectional-1","sectional test","state eligibility test paper ii (commerce) mock test 1","SERP-verified 2026-09-09","","","","State Eligibility Test Paper II (Commerce) Mock Test 1","State Eligibility Test Paper II (Commerce) Mock Test 1"
"https://takemocktest.com/in/cusat-cat","exam hub","cusat cat","Reasoned, not yet SERP-checked","","","","CUSAT CAT","CUSAT CAT: Free Mock Tests & Exam Pattern | TakeMockTest"
"https://takemocktest.com/in/cusat-cat/mock-test","mock-test","cusat cat mock test 2026","Reasoned, not yet SERP-checked","","","","CUSAT CAT Mock Test 2026","CUSAT CAT Mock Test 2026, Practice Free Test Series"
"https://takemocktest.com/in/cusat-cat/exam-pattern","exam-pattern","cusat cat exam pattern","Reasoned, not yet SERP-checked","","","","CUSAT CAT Exam Pattern","CUSAT CAT Exam Pattern 2026: Marks & Duration | TakeMockTest"
"https://takemocktest.com/in/cusat-cat/test/btech-full-mock-1","full mock test","cusat cat b.tech full mock test 1","Class GSC-observed, this URL not yet in GSC","","","","CUSAT CAT B.Tech Full Mock Test 1","CUSAT CAT B.Tech Full Mock Test 1 (2026): Free Online Test"
"https://takemocktest.com/in/cusat-cat/test/mathematics-sectional-1","sectional test","cusat cat mathematics mock test 1","SERP-verified 2026-09-09","","","","CUSAT CAT Mathematics Mock Test 1","CUSAT CAT Mathematics Mock Test 1: Free Practice"
"https://takemocktest.com/in/cusat-cat/test/physics-sectional-1","sectional test","cusat cat physics mock test 1","SERP-verified 2026-09-09","","","","CUSAT CAT Physics Mock Test 1","CUSAT CAT Physics Mock Test 1: Free Practice | TakeMockTest"
"https://takemocktest.com/in/cusat-cat/test/chemistry-sectional-1","sectional test","cusat cat chemistry mock test 1","SERP-verified 2026-09-09","","","","CUSAT CAT Chemistry Mock Test 1","CUSAT CAT Chemistry Mock Test 1: Free Practice"
"https://takemocktest.com/in/cusat-cat/test/btech-full-mock-2","full mock test","cusat cat b.tech full mock test 2","Class GSC-observed, this URL not yet in GSC","","","","CUSAT CAT B.Tech Full Mock Test 2","CUSAT CAT B.Tech Full Mock Test 2 (2026): Free Online Test"
"https://takemocktest.com/in/cusat-cat/test/mathematics-sectional-2","sectional test","cusat cat mathematics mock test 2","SERP-verified 2026-09-09","","","","CUSAT CAT Mathematics Mock Test 2","CUSAT CAT Mathematics Mock Test 2: Free Practice"
"https://takemocktest.com/in/cusat-cat/test/physics-sectional-2","sectional test","cusat cat physics mock test 2","SERP-verified 2026-09-09","","","","CUSAT CAT Physics Mock Test 2","CUSAT CAT Physics Mock Test 2: Free Practice | TakeMockTest"
"https://takemocktest.com/in/cusat-cat/test/chemistry-sectional-2","sectional test","cusat cat chemistry mock test 2","SERP-verified 2026-09-09","","","","CUSAT CAT Chemistry Mock Test 2","CUSAT CAT Chemistry Mock Test 2: Free Practice"
"https://takemocktest.com/in/xat","exam hub","xat","Reasoned, not yet SERP-checked","","","","XAT","XAT: Free Mock Tests & Exam Pattern | TakeMockTest"
"https://takemocktest.com/in/xat/mock-test","mock-test","xat mock test 2026","Reasoned, not yet SERP-checked","","","","XAT Mock Test 2026","XAT Mock Test 2026, Practice Free Test Series | TakeMockTest"
"https://takemocktest.com/in/xat/test/part-1-full-mock-1","full mock test","xat part 1 full mock test 1","Class GSC-observed, this URL not yet in GSC","","","","XAT Part 1 Full Mock Test 1","XAT Part 1 Full Mock Test 1 (2026): Free Online Test"
"https://takemocktest.com/in/xat/test/part-1-verbal-and-logical-ability-sectional-1","sectional test","xat verbal and logical ability mock test 1","SERP-verified 2026-09-09","","","","XAT Verbal and Logical Ability Mock Test 1","XAT Verbal and Logical Ability Mock Test 1: Free Practice"
"https://takemocktest.com/in/xat/test/part-1-decision-making-sectional-1","sectional test","xat decision making mock test 1","SERP-verified 2026-09-09","","","","XAT Decision Making Mock Test 1","XAT Decision Making Mock Test 1: Free Practice"
"https://takemocktest.com/in/xat/test/part-1-quantitative-ability-and-data-interpretation-sectional-1","sectional test","xat quantitative ability and data interpretation mock test 1","SERP-verified 2026-09-09","","","","XAT Quantitative Ability and Data Interpretation Mock Test 1","XAT Quantitative Ability and Data Interpretation Mock Test 1"
"https://takemocktest.com/in/ini-cet","exam hub","ini-cet","Reasoned, not yet SERP-checked","","","","INI-CET","INI-CET: Free Mock Tests & Exam Pattern | TakeMockTest"
"https://takemocktest.com/in/ini-cet/mock-test","mock-test","ini-cet mock test 2026","Reasoned, not yet SERP-checked","","","","INI-CET Mock Test 2026","INI-CET Mock Test 2026, Practice Free Test Series"
"https://takemocktest.com/in/ini-cet/test/medical-full-mock-1","full mock test","ini-cet full mock test 1","Class GSC-observed, this URL not yet in GSC","","","","INI-CET Full Mock Test 1","INI-CET Full Mock Test 1 (2026): Free Online Test"
"https://takemocktest.com/in/fmge","exam hub","fmge","Reasoned, not yet SERP-checked","","","","FMGE","FMGE: Free Mock Tests & Exam Pattern | TakeMockTest"
"https://takemocktest.com/in/fmge/mock-test","mock-test","fmge mock test 2026","Reasoned, not yet SERP-checked","","","","FMGE Mock Test 2026","FMGE Mock Test 2026, Practice Free Test Series"
"https://takemocktest.com/in/fmge/test/part-a-full-mock-1","full mock test","fmge part a full mock test 1","Class GSC-observed, this URL not yet in GSC","","","","FMGE Part A Full Mock Test 1","FMGE Part A Full Mock Test 1 (2026): Free Online Test"
"https://takemocktest.com/in/fmge/test/part-b-full-mock-1","full mock test","fmge part b full mock test 1","Class GSC-observed, this URL not yet in GSC","","","","FMGE Part B Full Mock Test 1","FMGE Part B Full Mock Test 1 (2026): Free Online Test"
"https://takemocktest.com/in/neet-pg","exam hub","neet pg","Reasoned, not yet SERP-checked","","","","NEET PG","NEET PG: Free Mock Tests & Exam Pattern | TakeMockTest"
"https://takemocktest.com/in/neet-pg/mock-test","mock-test","neet pg mock test 2026","Reasoned, not yet SERP-checked","","","","NEET PG Mock Test 2026","NEET PG Mock Test 2026, Practice Free Test Series"
"https://takemocktest.com/in/neet-pg/test/medical-full-mock-1","full mock test","neet pg full mock test 1","Class GSC-observed, this URL not yet in GSC","","","","NEET PG Full Mock Test 1","NEET PG Full Mock Test 1 (2026): Free Online Test"
"https://takemocktest.com/in/cseet","exam hub","cseet","Reasoned, not yet SERP-checked","","","","CSEET","CSEET: Free Mock Tests & Exam Pattern | TakeMockTest"
"https://takemocktest.com/in/cseet/mock-test","mock-test","cseet mock test 2026","Reasoned, not yet SERP-checked","","","","CSEET Mock Test 2026","CSEET Mock Test 2026, Practice Free Test Series"
"https://takemocktest.com/in/cseet/test/business-laws-and-management-full-mock-1","full mock test","cseet business laws & management full mock test 1","Class GSC-observed, this URL not yet in GSC","","","","CSEET Business Laws & Management Full Mock Test 1","CSEET Business Laws & Management Full Mock Test 1 (2026)"
"https://takemocktest.com/in/cseet/test/business-laws-and-management-full-mock-2","full mock test","cseet business laws & management full mock test 2","Class GSC-observed, this URL not yet in GSC","","","","CSEET Business Laws & Management Full Mock Test 2","CSEET Business Laws & Management Full Mock Test 2 (2026)"
"https://takemocktest.com/in/gpat","exam hub","gpat","Reasoned, not yet SERP-checked","","","","GPAT","GPAT: Free Mock Tests & Exam Pattern | TakeMockTest"
"https://takemocktest.com/in/gpat/mock-test","mock-test","gpat mock test 2026","Reasoned, not yet SERP-checked","","","","GPAT Mock Test 2026","GPAT Mock Test 2026, Practice Free Test Series"
"https://takemocktest.com/in/gpat/test/pharmacy-full-mock-1","full mock test","gpat full mock test 1","Class GSC-observed, this URL not yet in GSC","","","","GPAT Full Mock Test 1","GPAT Full Mock Test 1 (2026): Free Online Test"
"https://takemocktest.com/in/gpat/test/pharmacy-full-mock-2","full mock test","gpat full mock test 2","Class GSC-observed, this URL not yet in GSC","","","","GPAT Full Mock Test 2","GPAT Full Mock Test 2 (2026): Free Online Test"
"https://takemocktest.com/in/jam","exam hub","iit jam","Reasoned, not yet SERP-checked","","","","IIT JAM","IIT JAM: Free Mock Tests & Exam Pattern | TakeMockTest"
"https://takemocktest.com/in/jam/mock-test","mock-test","iit jam mock test 2026","Reasoned, not yet SERP-checked","","","","IIT JAM Mock Test 2026","IIT JAM Mock Test 2026, Practice Free Test Series"
"https://takemocktest.com/in/jam/test/mathematics-full-mock-1","full mock test","iit jam mathematics full mock test 1","Class GSC-observed, this URL not yet in GSC","","","","IIT JAM Mathematics Full Mock Test 1","IIT JAM Mathematics Full Mock Test 1 (2026) | TakeMockTest"
"https://takemocktest.com/in/jam/test/mathematics-full-mock-2","full mock test","iit jam mathematics full mock test 2","Class GSC-observed, this URL not yet in GSC","","","","IIT JAM Mathematics Full Mock Test 2","IIT JAM Mathematics Full Mock Test 2 (2026) | TakeMockTest"
"https://takemocktest.com/in/gate","exam hub","gate","Reasoned, not yet SERP-checked","","","","GATE","GATE: Free Mock Tests & Exam Pattern | TakeMockTest"
"https://takemocktest.com/in/gate/mock-test","mock-test","gate mock test 2026","Reasoned, not yet SERP-checked","","","","GATE Mock Test 2026","GATE Mock Test 2026, Practice Free Test Series"
"https://takemocktest.com/in/gate/exam-pattern","exam-pattern","gate exam pattern","Reasoned, not yet SERP-checked","","","","GATE Exam Pattern","GATE Exam Pattern 2026: Marks & Duration | TakeMockTest"
"https://takemocktest.com/in/gate/test/cs-full-mock-1","full mock test","gate cs full mock test 1","Class GSC-observed, this URL not yet in GSC","","","","GATE CS Full Mock Test 1","GATE CS Full Mock Test 1 (2026): Free Online Test"
"https://takemocktest.com/in/gate/test/cs-full-mock-2","full mock test","gate cs full mock test 2","Class GSC-observed, this URL not yet in GSC","","","","GATE CS Full Mock Test 2","GATE CS Full Mock Test 2 (2026): Free Online Test"
"https://takemocktest.com/in/gujcet","exam hub","gujcet","Reasoned, not yet SERP-checked","","","","GUJCET","GUJCET: Free Mock Tests & Exam Pattern | TakeMockTest"
"https://takemocktest.com/in/gujcet/mock-test","mock-test","gujcet mock test 2026","Reasoned, not yet SERP-checked","","","","GUJCET Mock Test 2026","GUJCET Mock Test 2026, Practice Free Test Series"
"https://takemocktest.com/in/gujcet/test/engineering-full-mock-1","full mock test","gujcet engineering full mock test 1","Class GSC-observed, this URL not yet in GSC","","","","GUJCET Engineering Full Mock Test 1","GUJCET Engineering Full Mock Test 1 (2026): Free Online Test"
"https://takemocktest.com/in/jain-jet","exam hub","jain jet","Reasoned, not yet SERP-checked","","","","JAIN JET","JAIN JET: Free Mock Tests & Exam Pattern | TakeMockTest"
"https://takemocktest.com/in/jain-jet/mock-test","mock-test","jain jet mock test 2026","Reasoned, not yet SERP-checked","","","","JAIN JET Mock Test 2026","JAIN JET Mock Test 2026, Practice Free Test Series"
"https://takemocktest.com/in/jain-jet/exam-pattern","exam-pattern","jain jet exam pattern","Reasoned, not yet SERP-checked","","","","JAIN JET Exam Pattern","JAIN JET Exam Pattern 2026: Marks & Duration | TakeMockTest"
"https://takemocktest.com/in/jain-jet/test/full-mock-1","full mock test","jain jet full mock test 1","Class GSC-observed, this URL not yet in GSC","","","","JAIN JET Full Mock Test 1","JAIN JET Full Mock Test 1 (2026): Free Online Test"
"https://takemocktest.com/in/jain-jet/test/physics-sectional-1","sectional test","jain jet physics mock test 1","SERP-verified 2026-09-09","","","","JAIN JET Physics Mock Test 1","JAIN JET Physics Mock Test 1: Free Practice | TakeMockTest"
"https://takemocktest.com/in/jain-jet/test/chemistry-sectional-1","sectional test","jain jet chemistry mock test 1","SERP-verified 2026-09-09","","","","JAIN JET Chemistry Mock Test 1","JAIN JET Chemistry Mock Test 1: Free Practice | TakeMockTest"
"https://takemocktest.com/in/jain-jet/test/mathematics-sectional-1","sectional test","jain jet mathematics mock test 1","SERP-verified 2026-09-09","","","","JAIN JET Mathematics Mock Test 1","JAIN JET Mathematics Mock Test 1: Free Practice"
"https://takemocktest.com/in/jain-jet/test/aptitude-sectional-1","sectional test","jain jet aptitude mock test 1","SERP-verified 2026-09-09","","","","JAIN JET Aptitude Mock Test 1","JAIN JET Aptitude Mock Test 1: Free Practice | TakeMockTest"
"https://takemocktest.com/in/jain-jet/test/logical-reasoning-sectional-1","sectional test","jain jet logical reasoning mock test 1","SERP-verified 2026-09-09","","","","JAIN JET Logical Reasoning Mock Test 1","JAIN JET Logical Reasoning Mock Test 1: Free Practice"
"https://takemocktest.com/in/jain-jet/test/english-sectional-1","sectional test","jain jet english mock test 1","SERP-verified 2026-09-09","","","","JAIN JET English Mock Test 1","JAIN JET English Mock Test 1: Free Practice | TakeMockTest"
"https://takemocktest.com/in/saeee","exam hub","saeee","Reasoned, not yet SERP-checked","","","","SAEEE","SAEEE: Free Mock Tests & Exam Pattern | TakeMockTest"
"https://takemocktest.com/in/saeee/mock-test","mock-test","saeee mock test 2026","Reasoned, not yet SERP-checked","","","","SAEEE Mock Test 2026","SAEEE Mock Test 2026, Practice Free Test Series"
"https://takemocktest.com/in/saeee/exam-pattern","exam-pattern","saeee exam pattern","Reasoned, not yet SERP-checked","","","","SAEEE Exam Pattern","SAEEE Exam Pattern 2026: Marks & Duration | TakeMockTest"
"https://takemocktest.com/in/saeee/test/full-mock-1","full mock test","saeee full mock test 1","Class GSC-observed, this URL not yet in GSC","","","","SAEEE Full Mock Test 1","SAEEE Full Mock Test 1 (2026): Free Online Test"
"https://takemocktest.com/in/saeee/test/mathematics-sectional-1","sectional test","saeee mathematics mock test 1","SERP-verified 2026-09-09","","","","SAEEE Mathematics Mock Test 1","SAEEE Mathematics Mock Test 1: Free Practice | TakeMockTest"
"https://takemocktest.com/in/saeee/test/physics-sectional-1","sectional test","saeee physics mock test 1","SERP-verified 2026-09-09","","","","SAEEE Physics Mock Test 1","SAEEE Physics Mock Test 1: Free Practice | TakeMockTest"
"https://takemocktest.com/in/saeee/test/chemistry-sectional-1","sectional test","saeee chemistry mock test 1","SERP-verified 2026-09-09","","","","SAEEE Chemistry Mock Test 1","SAEEE Chemistry Mock Test 1: Free Practice | TakeMockTest"
"https://takemocktest.com/in/siteee","exam hub","siteee","Reasoned, not yet SERP-checked","","","","SITEEE","SITEEE: Free Mock Tests & Exam Pattern | TakeMockTest"
"https://takemocktest.com/in/siteee/mock-test","mock-test","siteee mock test 2026","Reasoned, not yet SERP-checked","","","","SITEEE Mock Test 2026","SITEEE Mock Test 2026, Practice Free Test Series"
"https://takemocktest.com/in/siteee/exam-pattern","exam-pattern","siteee exam pattern","Reasoned, not yet SERP-checked","","","","SITEEE Exam Pattern","SITEEE Exam Pattern 2026: Marks & Duration | TakeMockTest"
"https://takemocktest.com/in/siteee/test/full-mock-1","full mock test","siteee full mock test 1","Class GSC-observed, this URL not yet in GSC","","","","SITEEE Full Mock Test 1","SITEEE Full Mock Test 1 (2026): Free Online Test"
"https://takemocktest.com/in/siteee/test/physics-sectional-1","sectional test","siteee physics mock test 1","SERP-verified 2026-09-09","","","","SITEEE Physics Mock Test 1","SITEEE Physics Mock Test 1: Free Practice | TakeMockTest"
"https://takemocktest.com/in/siteee/test/chemistry-sectional-1","sectional test","siteee chemistry mock test 1","SERP-verified 2026-09-09","","","","SITEEE Chemistry Mock Test 1","SITEEE Chemistry Mock Test 1: Free Practice | TakeMockTest"
"https://takemocktest.com/in/siteee/test/mathematics-sectional-1","sectional test","siteee mathematics mock test 1","SERP-verified 2026-09-09","","","","SITEEE Mathematics Mock Test 1","SITEEE Mathematics Mock Test 1: Free Practice | TakeMockTest"
"https://takemocktest.com/in/ojee","exam hub","ojee","Reasoned, not yet SERP-checked","","","","OJEE","OJEE: Free Mock Tests & Exam Pattern | TakeMockTest"
"https://takemocktest.com/in/ojee/mock-test","mock-test","ojee mock test 2026","Reasoned, not yet SERP-checked","","","","OJEE Mock Test 2026","OJEE Mock Test 2026, Practice Free Test Series"
"https://takemocktest.com/in/ojee/exam-pattern","exam-pattern","ojee exam pattern","Reasoned, not yet SERP-checked","","","","OJEE Exam Pattern","OJEE Exam Pattern 2026: Marks & Duration | TakeMockTest"
"https://takemocktest.com/in/ojee/test/special-btech-full-mock-1","full mock test","ojee 2nd/special ojee 2026 b.tech full mock test 1","Class GSC-observed, this URL not yet in GSC","","","","OJEE 2nd/Special OJEE 2026 B.Tech Full Mock Test 1","OJEE 2nd/Special OJEE 2026 B.Tech Full Mock Test 1 (2026)"
"https://takemocktest.com/in/ojee/test/special-btech-physics-sectional-1","sectional test","ojee 2nd/special ojee 2026 b.tech physics mock test 1","SERP-verified 2026-09-09","","","","OJEE 2nd/Special OJEE 2026 B.Tech Physics Mock Test 1","OJEE 2nd/Special OJEE 2026 B.Tech Physics Mock Test 1"
"https://takemocktest.com/in/ojee/test/special-btech-chemistry-sectional-1","sectional test","ojee 2nd/special ojee 2026 b.tech chemistry mock test 1","SERP-verified 2026-09-09","","","","OJEE 2nd/Special OJEE 2026 B.Tech Chemistry Mock Test 1","OJEE 2nd/Special OJEE 2026 B.Tech Chemistry Mock Test 1"
"https://takemocktest.com/in/ojee/test/special-btech-mathematics-sectional-1","sectional test","ojee 2nd/special ojee 2026 b.tech mathematics mock test 1","SERP-verified 2026-09-09","","","","OJEE 2nd/Special OJEE 2026 B.Tech Mathematics Mock Test 1","OJEE 2nd/Special OJEE 2026 B.Tech Mathematics Mock Test 1"
"https://takemocktest.com/in/ojee/test/le-tech-diploma-full-mock-1","full mock test","ojee le-tech (diploma) full mock test 1","Class GSC-observed, this URL not yet in GSC","","","","OJEE LE-Tech (Diploma) Full Mock Test 1","OJEE LE-Tech (Diploma) Full Mock Test 1 (2026)"
"https://takemocktest.com/in/upeseat","exam hub","upeseat","Reasoned, not yet SERP-checked","","","","UPESEAT","UPESEAT: Free Mock Tests & Exam Pattern | TakeMockTest"
"https://takemocktest.com/in/upeseat/mock-test","mock-test","upeseat mock test 2026","Reasoned, not yet SERP-checked","","","","UPESEAT Mock Test 2026","UPESEAT Mock Test 2026, Practice Free Test Series"
"https://takemocktest.com/in/upeseat/exam-pattern","exam-pattern","upeseat exam pattern","Reasoned, not yet SERP-checked","","","","UPESEAT Exam Pattern","UPESEAT Exam Pattern 2026: Marks & Duration | TakeMockTest"
"https://takemocktest.com/in/upeseat/test/full-mock-1","full mock test","upeseat full mock test 1","Class GSC-observed, this URL not yet in GSC","","","","UPESEAT Full Mock Test 1","UPESEAT Full Mock Test 1 (2026): Free Online Test"
"https://takemocktest.com/in/upeseat/test/mathematics-sectional-1","sectional test","upeseat mathematics mock test 1","SERP-verified 2026-09-09","","","","UPESEAT Mathematics Mock Test 1","UPESEAT Mathematics Mock Test 1: Free Practice"
"https://takemocktest.com/in/upeseat/test/physics-sectional-1","sectional test","upeseat physics mock test 1","SERP-verified 2026-09-09","","","","UPESEAT Physics Mock Test 1","UPESEAT Physics Mock Test 1: Free Practice | TakeMockTest"
"https://takemocktest.com/in/upeseat/test/chemistry-sectional-1","sectional test","upeseat chemistry mock test 1","SERP-verified 2026-09-09","","","","UPESEAT Chemistry Mock Test 1","UPESEAT Chemistry Mock Test 1: Free Practice | TakeMockTest"
"https://takemocktest.com/in/upeseat/test/english-language-comprehension-sectional-1","sectional test","upeseat english language comprehension mock test 1","SERP-verified 2026-09-09","","","","UPESEAT English Language Comprehension Mock Test 1","UPESEAT English Language Comprehension Mock Test 1"
"https://takemocktest.com/in/nmims-cet","exam hub","nmims-cet","Reasoned, not yet SERP-checked","","","","NMIMS-CET","NMIMS-CET: Free Mock Tests & Exam Pattern | TakeMockTest"
"https://takemocktest.com/in/nmims-cet/mock-test","mock-test","nmims-cet mock test 2026","Reasoned, not yet SERP-checked","","","","NMIMS-CET Mock Test 2026","NMIMS-CET Mock Test 2026, Practice Free Test Series"
"https://takemocktest.com/in/nmims-cet/exam-pattern","exam-pattern","nmims-cet exam pattern","Reasoned, not yet SERP-checked","","","","NMIMS-CET Exam Pattern","NMIMS-CET Exam Pattern 2026: Marks & Duration | TakeMockTest"
"https://takemocktest.com/in/nmims-cet/test/full-mock-1","full mock test","nmims-cet full mock test 1","Class GSC-observed, this URL not yet in GSC","","","","NMIMS-CET Full Mock Test 1","NMIMS-CET Full Mock Test 1 (2026): Free Online Test"
"https://takemocktest.com/in/nmims-cet/test/physics-sectional-1","sectional test","nmims-cet physics mock test 1","SERP-verified 2026-09-09","","","","NMIMS-CET Physics Mock Test 1","NMIMS-CET Physics Mock Test 1: Free Practice | TakeMockTest"
"https://takemocktest.com/in/nmims-cet/test/chemistry-sectional-1","sectional test","nmims-cet chemistry mock test 1","SERP-verified 2026-09-09","","","","NMIMS-CET Chemistry Mock Test 1","NMIMS-CET Chemistry Mock Test 1: Free Practice"
"https://takemocktest.com/in/nmims-cet/test/mathematics-sectional-1","sectional test","nmims-cet mathematics mock test 1","SERP-verified 2026-09-09","","","","NMIMS-CET Mathematics Mock Test 1","NMIMS-CET Mathematics Mock Test 1: Free Practice"
"https://takemocktest.com/in/nmims-cet/test/logical-intelligence-sectional-1","sectional test","nmims-cet logical intelligence mock test 1","SERP-verified 2026-09-09","","","","NMIMS-CET Logical Intelligence Mock Test 1","NMIMS-CET Logical Intelligence Mock Test 1: Free Practice"
"https://takemocktest.com/in/nmims-cet/test/verbal-reasoning-sectional-1","sectional test","nmims-cet verbal reasoning mock test 1","SERP-verified 2026-09-09","","","","NMIMS-CET Verbal Reasoning Mock Test 1","NMIMS-CET Verbal Reasoning Mock Test 1: Free Practice"
"https://takemocktest.com/in/bv-btech","exam hub","bv-btech","Reasoned, not yet SERP-checked","","","","BV-BTECH","BV-BTECH: Free Mock Tests & Exam Pattern | TakeMockTest"
"https://takemocktest.com/in/bv-btech/mock-test","mock-test","bv-btech mock test 2026","Reasoned, not yet SERP-checked","","","","BV-BTECH Mock Test 2026","BV-BTECH Mock Test 2026, Practice Free Test Series"
"https://takemocktest.com/in/bv-btech/exam-pattern","exam-pattern","bv-btech exam pattern","Reasoned, not yet SERP-checked","","","","BV-BTECH Exam Pattern","BV-BTECH Exam Pattern 2026: Marks & Duration | TakeMockTest"
"https://takemocktest.com/in/bv-btech/test/full-mock-1","full mock test","bv-btech full mock test 1","Class GSC-observed, this URL not yet in GSC","","","","BV-BTECH Full Mock Test 1","BV-BTECH Full Mock Test 1 (2026): Free Online Test"
"https://takemocktest.com/in/bv-btech/test/mathematics-sectional-1","sectional test","bv-btech mathematics mock test 1","SERP-verified 2026-09-09","","","","BV-BTECH Mathematics Mock Test 1","BV-BTECH Mathematics Mock Test 1: Free Practice"
"https://takemocktest.com/in/bv-btech/test/physics-sectional-1","sectional test","bv-btech physics mock test 1","SERP-verified 2026-09-09","","","","BV-BTECH Physics Mock Test 1","BV-BTECH Physics Mock Test 1: Free Practice | TakeMockTest"
"https://takemocktest.com/in/bv-btech/test/chemistry-sectional-1","sectional test","bv-btech chemistry mock test 1","SERP-verified 2026-09-09","","","","BV-BTECH Chemistry Mock Test 1","BV-BTECH Chemistry Mock Test 1: Free Practice | TakeMockTest"
"https://takemocktest.com/in/chandigarh-cucet","exam hub","cucet","Reasoned, not yet SERP-checked","","","","CUCET","CUCET: Free Mock Tests & Exam Pattern | TakeMockTest"
"https://takemocktest.com/in/chandigarh-cucet/mock-test","mock-test","cucet mock test 2026","Reasoned, not yet SERP-checked","","","","CUCET Mock Test 2026","CUCET Mock Test 2026, Practice Free Test Series"
"https://takemocktest.com/in/chandigarh-cucet/exam-pattern","exam-pattern","cucet exam pattern","Reasoned, not yet SERP-checked","","","","CUCET Exam Pattern","CUCET Exam Pattern 2026: Marks & Duration | TakeMockTest"
"https://takemocktest.com/in/chandigarh-cucet/test/full-mock-1","full mock test","cucet full mock test 1","Class GSC-observed, this URL not yet in GSC","","","","CUCET Full Mock Test 1","CUCET Full Mock Test 1 (2026): Free Online Test"
"https://takemocktest.com/in/chandigarh-cucet/test/english-sectional-1","sectional test","cucet english mock test 1","SERP-verified 2026-09-09","","","","CUCET English Mock Test 1","CUCET English Mock Test 1: Free Practice | TakeMockTest"
"https://takemocktest.com/in/chandigarh-cucet/test/physics-sectional-1","sectional test","cucet physics mock test 1","SERP-verified 2026-09-09","","","","CUCET Physics Mock Test 1","CUCET Physics Mock Test 1: Free Practice | TakeMockTest"
"https://takemocktest.com/in/chandigarh-cucet/test/chemistry-sectional-1","sectional test","cucet chemistry mock test 1","SERP-verified 2026-09-09","","","","CUCET Chemistry Mock Test 1","CUCET Chemistry Mock Test 1: Free Practice | TakeMockTest"
"https://takemocktest.com/in/chandigarh-cucet/test/mathematics-sectional-1","sectional test","cucet mathematics mock test 1","SERP-verified 2026-09-09","","","","CUCET Mathematics Mock Test 1","CUCET Mathematics Mock Test 1: Free Practice | TakeMockTest"
"https://takemocktest.com/in/chandigarh-cucet/test/aptitude-sectional-1","sectional test","cucet aptitude mock test 1","SERP-verified 2026-09-09","","","","CUCET Aptitude Mock Test 1","CUCET Aptitude Mock Test 1: Free Practice | TakeMockTest"
"https://takemocktest.com/in/imu-cet","exam hub","imu-cet","Reasoned, not yet SERP-checked","","","","IMU-CET","IMU-CET: Free Mock Tests & Exam Pattern | TakeMockTest"
"https://takemocktest.com/in/imu-cet/mock-test","mock-test","imu-cet mock test 2026","Reasoned, not yet SERP-checked","","","","IMU-CET Mock Test 2026","IMU-CET Mock Test 2026, Practice Free Test Series"
"https://takemocktest.com/in/imu-cet/test/full-mock-1","full mock test","imu-cet full mock test 1","Class GSC-observed, this URL not yet in GSC","","","","IMU-CET Full Mock Test 1","IMU-CET Full Mock Test 1 (2026-27): Free Online Test"
"https://takemocktest.com/in/imu-cet/test/english-sectional-1","sectional test","imu-cet english mock test 1","SERP-verified 2026-09-09","","","","IMU-CET English Mock Test 1","IMU-CET English Mock Test 1: Free Practice | TakeMockTest"
"https://takemocktest.com/in/imu-cet/test/general-aptitude-sectional-1","sectional test","imu-cet general aptitude mock test 1","SERP-verified 2026-09-09","","","","IMU-CET General Aptitude Mock Test 1","IMU-CET General Aptitude Mock Test 1: Free Practice"
"https://takemocktest.com/in/imu-cet/test/physics-sectional-1","sectional test","imu-cet physics mock test 1","SERP-verified 2026-09-09","","","","IMU-CET Physics Mock Test 1","IMU-CET Physics Mock Test 1: Free Practice | TakeMockTest"
"https://takemocktest.com/in/imu-cet/test/chemistry-sectional-1","sectional test","imu-cet chemistry mock test 1","SERP-verified 2026-09-09","","","","IMU-CET Chemistry Mock Test 1","IMU-CET Chemistry Mock Test 1: Free Practice | TakeMockTest"
"https://takemocktest.com/in/imu-cet/test/mathematics-sectional-1","sectional test","imu-cet mathematics mock test 1","SERP-verified 2026-09-09","","","","IMU-CET Mathematics Mock Test 1","IMU-CET Mathematics Mock Test 1: Free Practice"
"https://takemocktest.com/in/kleee","exam hub","kleee","Reasoned, not yet SERP-checked","","","","KLEEE","KLEEE: Free Mock Tests & Exam Pattern | TakeMockTest"
"https://takemocktest.com/in/kleee/mock-test","mock-test","kleee mock test 2026","Reasoned, not yet SERP-checked","","","","KLEEE Mock Test 2026","KLEEE Mock Test 2026, Practice Free Test Series"
"https://takemocktest.com/in/kleee/test/btech-pcm-full-mock-1","full mock test","kleee b.tech pcm full mock test 1","Class GSC-observed, this URL not yet in GSC","","","","KLEEE B.Tech PCM Full Mock Test 1","KLEEE B.Tech PCM Full Mock Test 1 (2026): Free Online Test"
"https://takemocktest.com/in/kleee/test/mathematics-sectional-1","sectional test","kleee mathematics mock test 1","SERP-verified 2026-09-09","","","","KLEEE Mathematics Mock Test 1","KLEEE Mathematics Mock Test 1: Free Practice | TakeMockTest"
"https://takemocktest.com/in/kleee/test/physics-sectional-1","sectional test","kleee physics mock test 1","SERP-verified 2026-09-09","","","","KLEEE Physics Mock Test 1","KLEEE Physics Mock Test 1: Free Practice | TakeMockTest"
"https://takemocktest.com/in/kleee/test/chemistry-sectional-1","sectional test","kleee chemistry mock test 1","SERP-verified 2026-09-09","","","","KLEEE Chemistry Mock Test 1","KLEEE Chemistry Mock Test 1: Free Practice | TakeMockTest"
"https://takemocktest.com/in/ap-polycet","exam hub","ap polycet","Reasoned, not yet SERP-checked","","","","AP POLYCET","AP POLYCET: Free Mock Tests & Exam Pattern | TakeMockTest"
"https://takemocktest.com/in/ap-polycet/mock-test","mock-test","ap polycet mock test 2026","Reasoned, not yet SERP-checked","","","","AP POLYCET Mock Test 2026","AP POLYCET Mock Test 2026, Practice Free Test Series"
"https://takemocktest.com/in/ap-polycet/test/polytechnic-full-mock-1","full mock test","ap polycet full mock test 1","Class GSC-observed, this URL not yet in GSC","","","","AP POLYCET Full Mock Test 1","AP POLYCET Full Mock Test 1 (2026): Free Online Test"
"https://takemocktest.com/in/ap-polycet/test/mathematics-sectional-1","sectional test","ap polycet mathematics mock test 1","SERP-verified 2026-09-09","","","","AP POLYCET Mathematics Mock Test 1","AP POLYCET Mathematics Mock Test 1: Free Practice"
"https://takemocktest.com/in/ap-polycet/test/physics-sectional-1","sectional test","ap polycet physics mock test 1","SERP-verified 2026-09-09","","","","AP POLYCET Physics Mock Test 1","AP POLYCET Physics Mock Test 1: Free Practice | TakeMockTest"
"https://takemocktest.com/in/ap-polycet/test/chemistry-sectional-1","sectional test","ap polycet chemistry mock test 1","SERP-verified 2026-09-09","","","","AP POLYCET Chemistry Mock Test 1","AP POLYCET Chemistry Mock Test 1: Free Practice"
"https://takemocktest.com/in/atit","exam hub","atit","Reasoned, not yet SERP-checked","","","","ATIT","ATIT: Free Mock Tests & Exam Pattern | TakeMockTest"
"https://takemocktest.com/in/atit/mock-test","mock-test","atit mock test 2026","Reasoned, not yet SERP-checked","","","","ATIT Mock Test 2026","ATIT Mock Test 2026, Practice Free Test Series"
"https://takemocktest.com/in/atit/test/btech-full-mock-1","full mock test","atit b.tech full mock test 1","Class GSC-observed, this URL not yet in GSC","","","","ATIT B.Tech Full Mock Test 1","ATIT B.Tech Full Mock Test 1 (2026): Free Online Test"
"https://takemocktest.com/in/atit/test/mathematics-sectional-1","sectional test","atit mathematics mock test 1","SERP-verified 2026-09-09","","","","ATIT Mathematics Mock Test 1","ATIT Mathematics Mock Test 1: Free Practice | TakeMockTest"
"https://takemocktest.com/in/atit/test/physics-sectional-1","sectional test","atit physics mock test 1","SERP-verified 2026-09-09","","","","ATIT Physics Mock Test 1","ATIT Physics Mock Test 1: Free Practice | TakeMockTest"
"https://takemocktest.com/in/atit/test/chemistry-sectional-1","sectional test","atit chemistry mock test 1","SERP-verified 2026-09-09","","","","ATIT Chemistry Mock Test 1","ATIT Chemistry Mock Test 1: Free Practice | TakeMockTest"
"https://takemocktest.com/in/atit/test/english-sectional-1","sectional test","atit english mock test 1","SERP-verified 2026-09-09","","","","ATIT English Mock Test 1","ATIT English Mock Test 1: Free Practice | TakeMockTest"
"https://takemocktest.com/in/atit/test/logical-reasoning-sectional-1","sectional test","atit logical reasoning mock test 1","SERP-verified 2026-09-09","","","","ATIT Logical Reasoning Mock Test 1","ATIT Logical Reasoning Mock Test 1: Free Practice"
"https://takemocktest.com/in/ap-ecet","exam hub","ap ecet","Reasoned, not yet SERP-checked","","","","AP ECET","AP ECET: Free Mock Tests & Exam Pattern | TakeMockTest"
"https://takemocktest.com/in/ap-ecet/mock-test","mock-test","ap ecet mock test 2026","Reasoned, not yet SERP-checked","","","","AP ECET Mock Test 2026","AP ECET Mock Test 2026, Practice Free Test Series"
"https://takemocktest.com/in/ap-ecet/exam-pattern","exam-pattern","ap ecet exam pattern","Reasoned, not yet SERP-checked","","","","AP ECET Exam Pattern","AP ECET Exam Pattern 2026: Marks & Duration | TakeMockTest"
"https://takemocktest.com/in/ap-ecet/test/cse-diploma-full-mock-1","full mock test","ap ecet cse full mock test 1","Class GSC-observed, this URL not yet in GSC","","","","AP ECET CSE Full Mock Test 1","AP ECET CSE Full Mock Test 1 (2026): Free Online Test"
"https://takemocktest.com/in/ap-ecet/test/mathematics-sectional-1","sectional test","ap ecet mathematics mock test 1","SERP-verified 2026-09-09","","","","AP ECET Mathematics Mock Test 1","AP ECET Mathematics Mock Test 1: Free Practice"
"https://takemocktest.com/in/ap-ecet/test/physics-sectional-1","sectional test","ap ecet physics mock test 1","SERP-verified 2026-09-09","","","","AP ECET Physics Mock Test 1","AP ECET Physics Mock Test 1: Free Practice | TakeMockTest"
"https://takemocktest.com/in/ap-ecet/test/chemistry-sectional-1","sectional test","ap ecet chemistry mock test 1","SERP-verified 2026-09-09","","","","AP ECET Chemistry Mock Test 1","AP ECET Chemistry Mock Test 1: Free Practice | TakeMockTest"
"https://takemocktest.com/in/ap-ecet/test/computer-science-and-engineering-sectional-1","sectional test","ap ecet computer science and engineering mock test 1","SERP-verified 2026-09-09","","","","AP ECET Computer Science and Engineering Mock Test 1","AP ECET Computer Science and Engineering Mock Test 1"
"https://takemocktest.com/in/ap-pgecet","exam hub","ap pgecet","Reasoned, not yet SERP-checked","","","","AP PGECET","AP PGECET: Free Mock Tests & Exam Pattern | TakeMockTest"
"https://takemocktest.com/in/ap-pgecet/mock-test","mock-test","ap pgecet mock test 2026","Reasoned, not yet SERP-checked","","","","AP PGECET Mock Test 2026","AP PGECET Mock Test 2026, Practice Free Test Series"
"https://takemocktest.com/in/ap-pgecet/exam-pattern","exam-pattern","ap pgecet exam pattern","Reasoned, not yet SERP-checked","","","","AP PGECET Exam Pattern","AP PGECET Exam Pattern 2026: Marks & Duration | TakeMockTest"
"https://takemocktest.com/in/ap-pgecet/test/csit-full-mock-1","full mock test","ap pgecet cs & it full mock test 1","Class GSC-observed, this URL not yet in GSC","","","","AP PGECET CS & IT Full Mock Test 1","AP PGECET CS & IT Full Mock Test 1 (2026): Free Online Test"
"https://takemocktest.com/in/ap-pgecet/test/csit-full-mock-2","full mock test","ap pgecet cs & it full mock test 2","Class GSC-observed, this URL not yet in GSC","","","","AP PGECET CS & IT Full Mock Test 2","AP PGECET CS & IT Full Mock Test 2 (2026): Free Online Test"
"https://takemocktest.com/in/lpunest","exam hub","lpunest","Reasoned, not yet SERP-checked","","","","LPUNEST","LPUNEST: Free Mock Tests & Exam Pattern | TakeMockTest"
"https://takemocktest.com/in/lpunest/mock-test","mock-test","lpunest mock test 2026","Reasoned, not yet SERP-checked","","","","LPUNEST Mock Test 2026","LPUNEST Mock Test 2026, Practice Free Test Series"
"https://takemocktest.com/in/lpunest/test/btech-pcm-full-mock-1","full mock test","lpunest b.tech pcm full mock test 1","Class GSC-observed, this URL not yet in GSC","","","","LPUNEST B.Tech PCM Full Mock Test 1","LPUNEST B.Tech PCM Full Mock Test 1 (2026): Free Online Test"
"https://takemocktest.com/in/lpunest/test/physics-sectional-1","sectional test","lpunest physics mock test 1","SERP-verified 2026-09-09","","","","LPUNEST Physics Mock Test 1","LPUNEST Physics Mock Test 1: Free Practice | TakeMockTest"
"https://takemocktest.com/in/lpunest/test/chemistry-sectional-1","sectional test","lpunest chemistry mock test 1","SERP-verified 2026-09-09","","","","LPUNEST Chemistry Mock Test 1","LPUNEST Chemistry Mock Test 1: Free Practice | TakeMockTest"
"https://takemocktest.com/in/lpunest/test/mathematics-sectional-1","sectional test","lpunest mathematics mock test 1","SERP-verified 2026-09-09","","","","LPUNEST Mathematics Mock Test 1","LPUNEST Mathematics Mock Test 1: Free Practice"
"https://takemocktest.com/in/lpunest/test/english-sectional-1","sectional test","lpunest english mock test 1","SERP-verified 2026-09-09","","","","LPUNEST English Mock Test 1","LPUNEST English Mock Test 1: Free Practice | TakeMockTest"
"https://takemocktest.com/in/nerist-nee","exam hub","nerist nee","Reasoned, not yet SERP-checked","","","","NERIST NEE","NERIST NEE: Free Mock Tests & Exam Pattern | TakeMockTest"
"https://takemocktest.com/in/nerist-nee/mock-test","mock-test","nerist nee mock test 2026","Reasoned, not yet SERP-checked","","","","NERIST NEE Mock Test 2026","NERIST NEE Mock Test 2026, Practice Free Test Series"
"https://takemocktest.com/in/nerist-nee/exam-pattern","exam-pattern","nerist nee exam pattern","Reasoned, not yet SERP-checked","","","","NERIST NEE Exam Pattern","NERIST NEE Exam Pattern 2026: Marks & Duration"
"https://takemocktest.com/in/nerist-nee/test/full-mock-1","full mock test","nerist nee full mock test 1","Class GSC-observed, this URL not yet in GSC","","","","NERIST NEE Full Mock Test 1","NERIST NEE Full Mock Test 1 (2026): Free Online Test"
"https://takemocktest.com/in/nerist-nee/test/physics-sectional-1","sectional test","nerist nee physics mock test 1","SERP-verified 2026-09-09","","","","NERIST NEE Physics Mock Test 1","NERIST NEE Physics Mock Test 1: Free Practice | TakeMockTest"
"https://takemocktest.com/in/nerist-nee/test/chemistry-sectional-1","sectional test","nerist nee chemistry mock test 1","SERP-verified 2026-09-09","","","","NERIST NEE Chemistry Mock Test 1","NERIST NEE Chemistry Mock Test 1: Free Practice"
"https://takemocktest.com/in/nerist-nee/test/mathematics-sectional-1","sectional test","nerist nee mathematics mock test 1","SERP-verified 2026-09-09","","","","NERIST NEE Mathematics Mock Test 1","NERIST NEE Mathematics Mock Test 1: Free Practice"
"https://takemocktest.com/in/bihar-dcece","exam hub","bihar dcece","Reasoned, not yet SERP-checked","","","","Bihar DCECE","Bihar DCECE: Free Mock Tests & Exam Pattern | TakeMockTest"
"https://takemocktest.com/in/bihar-dcece/mock-test","mock-test","bihar dcece mock test 2026","Reasoned, not yet SERP-checked","","","","Bihar DCECE Mock Test 2026","Bihar DCECE Mock Test 2026, Practice Free Test Series"
"https://takemocktest.com/in/bihar-dcece/test/pe-polytechnic-engineering-full-mock-1","full mock test","bihar dcece pe polytechnic engineering full mock test 1","Class GSC-observed, this URL not yet in GSC","","","","Bihar DCECE PE Polytechnic Engineering Full Mock Test 1","Bihar DCECE PE Polytechnic Engineering Full Mock Test 1"
"https://takemocktest.com/in/bihar-dcece/test/physics-sectional-1","sectional test","bihar dcece physics mock test 1","SERP-verified 2026-09-09","","","","Bihar DCECE Physics Mock Test 1","Bihar DCECE Physics Mock Test 1: Free Practice"
"https://takemocktest.com/in/bihar-dcece/test/chemistry-sectional-1","sectional test","bihar dcece chemistry mock test 1","SERP-verified 2026-09-09","","","","Bihar DCECE Chemistry Mock Test 1","Bihar DCECE Chemistry Mock Test 1: Free Practice"
"https://takemocktest.com/in/bihar-dcece/test/mathematics-sectional-1","sectional test","bihar dcece mathematics mock test 1","SERP-verified 2026-09-09","","","","Bihar DCECE Mathematics Mock Test 1","Bihar DCECE Mathematics Mock Test 1: Free Practice"
"https://takemocktest.com/in/hp-pat","exam hub","hp pat","Reasoned, not yet SERP-checked","","","","HP PAT","HP PAT: Free Mock Tests & Exam Pattern | TakeMockTest"
"https://takemocktest.com/in/hp-pat/mock-test","mock-test","hp pat mock test 2026","Reasoned, not yet SERP-checked","","","","HP PAT Mock Test 2026","HP PAT Mock Test 2026, Practice Free Test Series"
"https://takemocktest.com/in/hp-pat/exam-pattern","exam-pattern","hp pat exam pattern","Reasoned, not yet SERP-checked","","","","HP PAT Exam Pattern","HP PAT Exam Pattern 2026: Marks & Duration | TakeMockTest"
"https://takemocktest.com/in/hp-pat/test/first-year-polytechnic-full-mock-1","full mock test","hp pat first year polytechnic full mock test 1","Class GSC-observed, this URL not yet in GSC","","","","HP PAT First Year Polytechnic Full Mock Test 1","HP PAT First Year Polytechnic Full Mock Test 1 (2026)"
"https://takemocktest.com/in/hp-pat/test/mathematics-sectional-1","sectional test","hp pat mathematics mock test 1","SERP-verified 2026-09-09","","","","HP PAT Mathematics Mock Test 1","HP PAT Mathematics Mock Test 1: Free Practice | TakeMockTest"
"https://takemocktest.com/in/hp-pat/test/physics-sectional-1","sectional test","hp pat physics mock test 1","SERP-verified 2026-09-09","","","","HP PAT Physics Mock Test 1","HP PAT Physics Mock Test 1: Free Practice | TakeMockTest"
"https://takemocktest.com/in/hp-pat/test/chemistry-sectional-1","sectional test","hp pat chemistry mock test 1","SERP-verified 2026-09-09","","","","HP PAT Chemistry Mock Test 1","HP PAT Chemistry Mock Test 1: Free Practice | TakeMockTest"
"https://takemocktest.com/in/hp-pat/test/english-sectional-1","sectional test","hp pat english mock test 1","SERP-verified 2026-09-09","","","","HP PAT English Mock Test 1","HP PAT English Mock Test 1: Free Practice | TakeMockTest"
"https://takemocktest.com/in/iemjee","exam hub","iemjee","Reasoned, not yet SERP-checked","","","","IEMJEE","IEMJEE: Free Mock Tests & Exam Pattern | TakeMockTest"
"https://takemocktest.com/in/iemjee/mock-test","mock-test","iemjee mock test 2026","Reasoned, not yet SERP-checked","","","","IEMJEE Mock Test 2026","IEMJEE Mock Test 2026, Practice Free Test Series"
"https://takemocktest.com/in/iemjee/test/btech-online-full-mock-1","full mock test","iemjee b.tech online full mock test 1","Class GSC-observed, this URL not yet in GSC","","","","IEMJEE B.Tech Online Full Mock Test 1","IEMJEE B.Tech Online Full Mock Test 1 (2026) | TakeMockTest"
"https://takemocktest.com/in/iemjee/test/physics-sectional-1","sectional test","iemjee physics mock test 1","SERP-verified 2026-09-09","","","","IEMJEE Physics Mock Test 1","IEMJEE Physics Mock Test 1: Free Practice | TakeMockTest"
"https://takemocktest.com/in/iemjee/test/chemistry-sectional-1","sectional test","iemjee chemistry mock test 1","SERP-verified 2026-09-09","","","","IEMJEE Chemistry Mock Test 1","IEMJEE Chemistry Mock Test 1: Free Practice | TakeMockTest"
"https://takemocktest.com/in/iemjee/test/mathematics-sectional-1","sectional test","iemjee mathematics mock test 1","SERP-verified 2026-09-09","","","","IEMJEE Mathematics Mock Test 1","IEMJEE Mathematics Mock Test 1: Free Practice | TakeMockTest"
"https://takemocktest.com/in/jeecup","exam hub","jeecup","Reasoned, not yet SERP-checked","","","","JEECUP","JEECUP: Free Mock Tests & Exam Pattern | TakeMockTest"
"https://takemocktest.com/in/jeecup/mock-test","mock-test","jeecup mock test 2026","Reasoned, not yet SERP-checked","","","","JEECUP Mock Test 2026","JEECUP Mock Test 2026, Practice Free Test Series"
"https://takemocktest.com/in/jeecup/exam-pattern","exam-pattern","jeecup exam pattern","Reasoned, not yet SERP-checked","","","","JEECUP Exam Pattern","JEECUP Exam Pattern 2026: Marks & Duration | TakeMockTest"
"https://takemocktest.com/in/jeecup/test/group-a-engineering-technology-full-mock-1","full mock test","jeecup group a engineering & technology full mock test 1","Class GSC-observed, this URL not yet in GSC","","","","JEECUP Group A Engineering & Technology Full Mock Test 1","JEECUP Group A Engineering & Technology Full Mock Test 1"
"https://takemocktest.com/in/jeecup/test/mathematics-sectional-1","sectional test","jeecup mathematics mock test 1","SERP-verified 2026-09-09","","","","JEECUP Mathematics Mock Test 1","JEECUP Mathematics Mock Test 1: Free Practice | TakeMockTest"
"https://takemocktest.com/in/jeecup/test/physics-and-chemistry-sectional-1","sectional test","jeecup physics & chemistry mock test 1","SERP-verified 2026-09-09","","","","JEECUP Physics & Chemistry Mock Test 1","JEECUP Physics & Chemistry Mock Test 1: Free Practice"
"https://takemocktest.com/in/mit-wpu-cet","exam hub","mit-wpu cet","Reasoned, not yet SERP-checked","","","","MIT-WPU CET","MIT-WPU CET: Free Mock Tests & Exam Pattern | TakeMockTest"
"https://takemocktest.com/in/mit-wpu-cet/mock-test","mock-test","mit-wpu cet mock test 2026","Reasoned, not yet SERP-checked","","","","MIT-WPU CET Mock Test 2026","MIT-WPU CET Mock Test 2026, Practice Free Test Series"
"https://takemocktest.com/in/mit-wpu-cet/test/btech-after-10th-full-mock-1","full mock test","mit-wpu cet b.tech after 10th cbt full mock test 1","Class GSC-observed, this URL not yet in GSC","","","","MIT-WPU CET B.Tech After 10th CBT Full Mock Test 1","MIT-WPU CET B.Tech After 10th CBT Full Mock Test 1 (2026)"
"https://takemocktest.com/in/mit-wpu-cet/test/basic-mathematics-sectional-1","sectional test","mit-wpu cet basic mathematics mock test 1","SERP-verified 2026-09-09","","","","MIT-WPU CET Basic Mathematics Mock Test 1","MIT-WPU CET Basic Mathematics Mock Test 1: Free Practice"
"https://takemocktest.com/in/mit-wpu-cet/test/basic-english-sectional-1","sectional test","mit-wpu cet basic english mock test 1","SERP-verified 2026-09-09","","","","MIT-WPU CET Basic English Mock Test 1","MIT-WPU CET Basic English Mock Test 1: Free Practice"
"https://takemocktest.com/in/mit-wpu-cet/test/physics-sectional-1","sectional test","mit-wpu cet physics mock test 1","SERP-verified 2026-09-09","","","","MIT-WPU CET Physics Mock Test 1","MIT-WPU CET Physics Mock Test 1: Free Practice"
"https://takemocktest.com/in/mit-wpu-cet/test/chemistry-sectional-1","sectional test","mit-wpu cet chemistry mock test 1","SERP-verified 2026-09-09","","","","MIT-WPU CET Chemistry Mock Test 1","MIT-WPU CET Chemistry Mock Test 1: Free Practice"
"https://takemocktest.com/in/jharkhand-pece","exam hub","jharkhand pece","Reasoned, not yet SERP-checked","","","","Jharkhand PECE","Jharkhand PECE: Free Mock Tests & Exam Pattern"
"https://takemocktest.com/in/jharkhand-pece/mock-test","mock-test","jharkhand pece mock test 2026","Reasoned, not yet SERP-checked","","","","Jharkhand PECE Mock Test 2026","Jharkhand PECE Mock Test 2026, Practice Free Test Series"
"https://takemocktest.com/in/jharkhand-pece/exam-pattern","exam-pattern","jharkhand pece exam pattern","Reasoned, not yet SERP-checked","","","","Jharkhand PECE Exam Pattern","Jharkhand PECE Exam Pattern 2026: Marks & Duration"
"https://takemocktest.com/in/jharkhand-pece/test/polytechnic-engineering-full-mock-1","full mock test","jharkhand pece polytechnic engineering full mock test 1","Class GSC-observed, this URL not yet in GSC","","","","Jharkhand PECE Polytechnic Engineering Full Mock Test 1","Jharkhand PECE Polytechnic Engineering Full Mock Test 1"
"https://takemocktest.com/in/jharkhand-pece/test/physics-sectional-1","sectional test","jharkhand pece physics mock test 1","SERP-verified 2026-09-09","","","","Jharkhand PECE Physics Mock Test 1","Jharkhand PECE Physics Mock Test 1: Free Practice"
"https://takemocktest.com/in/jharkhand-pece/test/chemistry-sectional-1","sectional test","jharkhand pece chemistry mock test 1","SERP-verified 2026-09-09","","","","Jharkhand PECE Chemistry Mock Test 1","Jharkhand PECE Chemistry Mock Test 1: Free Practice"
"https://takemocktest.com/in/jharkhand-pece/test/mathematics-sectional-1","sectional test","jharkhand pece mathematics mock test 1","SERP-verified 2026-09-09","","","","Jharkhand PECE Mathematics Mock Test 1","Jharkhand PECE Mathematics Mock Test 1: Free Practice"
"https://takemocktest.com/in/kiitee","exam hub","kiitee","Reasoned, not yet SERP-checked","","","","KIITEE","KIITEE: Free Mock Tests & Exam Pattern | TakeMockTest"
"https://takemocktest.com/in/kiitee/mock-test","mock-test","kiitee mock test 2026","Reasoned, not yet SERP-checked","","","","KIITEE Mock Test 2026","KIITEE Mock Test 2026, Practice Free Test Series"
"https://takemocktest.com/in/kiitee/exam-pattern","exam-pattern","kiitee exam pattern","Reasoned, not yet SERP-checked","","","","KIITEE Exam Pattern","KIITEE Exam Pattern 2026: Marks & Duration | TakeMockTest"
"https://takemocktest.com/in/kiitee/test/btech-full-mock-1","full mock test","kiitee b.tech full mock test 1","Class GSC-observed, this URL not yet in GSC","","","","KIITEE B.Tech Full Mock Test 1","KIITEE B.Tech Full Mock Test 1 (2026): Free Online Test"
"https://takemocktest.com/in/kiitee/test/physics-sectional-1","sectional test","kiitee physics mock test 1","SERP-verified 2026-09-09","","","","KIITEE Physics Mock Test 1","KIITEE Physics Mock Test 1: Free Practice | TakeMockTest"
"https://takemocktest.com/in/kiitee/test/chemistry-sectional-1","sectional test","kiitee chemistry mock test 1","SERP-verified 2026-09-09","","","","KIITEE Chemistry Mock Test 1","KIITEE Chemistry Mock Test 1: Free Practice | TakeMockTest"
"https://takemocktest.com/in/kiitee/test/mathematics-sectional-1","sectional test","kiitee mathematics mock test 1","SERP-verified 2026-09-09","","","","KIITEE Mathematics Mock Test 1","KIITEE Mathematics Mock Test 1: Free Practice | TakeMockTest"
"https://takemocktest.com/in/puleet","exam hub","puleet","Reasoned, not yet SERP-checked","","","","PULEET","PULEET: Free Mock Tests & Exam Pattern | TakeMockTest"
"https://takemocktest.com/in/puleet/mock-test","mock-test","puleet mock test 2026","Reasoned, not yet SERP-checked","","","","PULEET Mock Test 2026","PULEET Mock Test 2026, Practice Free Test Series"
"https://takemocktest.com/in/puleet/exam-pattern","exam-pattern","puleet exam pattern","Reasoned, not yet SERP-checked","","","","PULEET Exam Pattern","PULEET Exam Pattern 2026: Marks & Duration | TakeMockTest"
"https://takemocktest.com/in/puleet/test/engineering-lateral-entry-full-mock-1","full mock test","puleet engineering lateral entry full mock test 1","Class GSC-observed, this URL not yet in GSC","","","","PULEET Engineering Lateral Entry Full Mock Test 1","PULEET Engineering Lateral Entry Full Mock Test 1 (2026)"
"https://takemocktest.com/in/puleet/test/general-engineering-sectional-1","sectional test","puleet general engineering mock test 1","SERP-verified 2026-09-09","","","","PULEET General Engineering Mock Test 1","PULEET General Engineering Mock Test 1: Free Practice"
"https://takemocktest.com/in/puleet/test/physics-sectional-1","sectional test","puleet physics mock test 1","SERP-verified 2026-09-09","","","","PULEET Physics Mock Test 1","PULEET Physics Mock Test 1: Free Practice | TakeMockTest"
"https://takemocktest.com/in/puleet/test/chemistry-sectional-1","sectional test","puleet chemistry mock test 1","SERP-verified 2026-09-09","","","","PULEET Chemistry Mock Test 1","PULEET Chemistry Mock Test 1: Free Practice | TakeMockTest"
"https://takemocktest.com/in/puleet/test/mathematics-sectional-1","sectional test","puleet mathematics mock test 1","SERP-verified 2026-09-09","","","","PULEET Mathematics Mock Test 1","PULEET Mathematics Mock Test 1: Free Practice | TakeMockTest"
"https://takemocktest.com/in/puleet/test/general-aptitude-and-communication-skills-sectional-1","sectional test","puleet general aptitude and communication skills mock test 1","SERP-verified 2026-09-09","","","","PULEET General Aptitude and Communication Skills Mock Test 1","PULEET General Aptitude and Communication Skills Mock Test 1"
"https://takemocktest.com/in/tg-ecet","exam hub","tg ecet","Reasoned, not yet SERP-checked","","","","TG ECET","TG ECET: Free Mock Tests & Exam Pattern | TakeMockTest"
"https://takemocktest.com/in/tg-ecet/mock-test","mock-test","tg ecet mock test 2026","Reasoned, not yet SERP-checked","","","","TG ECET Mock Test 2026","TG ECET Mock Test 2026, Practice Free Test Series"
"https://takemocktest.com/in/tg-ecet/test/cse-diploma-full-mock-1","full mock test","tg ecet cse full mock test 1","Class GSC-observed, this URL not yet in GSC","","","","TG ECET CSE Full Mock Test 1","TG ECET CSE Full Mock Test 1 (2026): Free Online Test"
"https://takemocktest.com/in/tg-ecet/test/mathematics-sectional-1","sectional test","tg ecet mathematics mock test 1","SERP-verified 2026-09-09","","","","TG ECET Mathematics Mock Test 1","TG ECET Mathematics Mock Test 1: Free Practice"
"https://takemocktest.com/in/tg-ecet/test/physics-sectional-1","sectional test","tg ecet physics mock test 1","SERP-verified 2026-09-09","","","","TG ECET Physics Mock Test 1","TG ECET Physics Mock Test 1: Free Practice | TakeMockTest"
"https://takemocktest.com/in/tg-ecet/test/chemistry-sectional-1","sectional test","tg ecet chemistry mock test 1","SERP-verified 2026-09-09","","","","TG ECET Chemistry Mock Test 1","TG ECET Chemistry Mock Test 1: Free Practice | TakeMockTest"
"https://takemocktest.com/in/tg-ecet/test/computer-science-and-engineering-sectional-1","sectional test","tg ecet computer science and engineering mock test 1","SERP-verified 2026-09-09","","","","TG ECET Computer Science and Engineering Mock Test 1","TG ECET Computer Science and Engineering Mock Test 1"
"https://takemocktest.com/in/tg-polycet","exam hub","tg polycet","Reasoned, not yet SERP-checked","","","","TG POLYCET","TG POLYCET: Free Mock Tests & Exam Pattern | TakeMockTest"
"https://takemocktest.com/in/tg-polycet/mock-test","mock-test","tg polycet mock test 2026","Reasoned, not yet SERP-checked","","","","TG POLYCET Mock Test 2026","TG POLYCET Mock Test 2026, Practice Free Test Series"
"https://takemocktest.com/in/tg-polycet/exam-pattern","exam-pattern","tg polycet exam pattern","Reasoned, not yet SERP-checked","","","","TG POLYCET Exam Pattern","TG POLYCET Exam Pattern 2026: Marks & Duration"
"https://takemocktest.com/in/tg-polycet/test/mpc-full-mock-1","full mock test","tg polycet mpc polytechnic full mock test 1","Class GSC-observed, this URL not yet in GSC","","","","TG POLYCET MPC Polytechnic Full Mock Test 1","TG POLYCET MPC Polytechnic Full Mock Test 1 (2026)"
"https://takemocktest.com/in/tg-polycet/test/mathematics-sectional-1","sectional test","tg polycet mathematics mock test 1","SERP-verified 2026-09-09","","","","TG POLYCET Mathematics Mock Test 1","TG POLYCET Mathematics Mock Test 1: Free Practice"
"https://takemocktest.com/in/tg-polycet/test/physics-sectional-1","sectional test","tg polycet physics mock test 1","SERP-verified 2026-09-09","","","","TG POLYCET Physics Mock Test 1","TG POLYCET Physics Mock Test 1: Free Practice | TakeMockTest"
"https://takemocktest.com/in/tg-polycet/test/chemistry-sectional-1","sectional test","tg polycet chemistry mock test 1","SERP-verified 2026-09-09","","","","TG POLYCET Chemistry Mock Test 1","TG POLYCET Chemistry Mock Test 1: Free Practice"
"https://takemocktest.com/in/ctet","exam hub","ctet","Reasoned, not yet SERP-checked","","","","CTET","CTET: Free Mock Tests & Exam Pattern | TakeMockTest"
"https://takemocktest.com/in/ctet/mock-test","mock-test","ctet mock test 2026","Reasoned, not yet SERP-checked","","","","CTET Mock Test 2026","CTET Mock Test 2026, Practice Free Test Series"
"https://takemocktest.com/in/ctet/exam-pattern","exam-pattern","ctet exam pattern","Reasoned, not yet SERP-checked","","","","CTET Exam Pattern","CTET Exam Pattern 2026: Marks & Duration | TakeMockTest"
"https://takemocktest.com/in/ctet/test/paper-1-primary-en-hi-full-mock-1","full mock test","ctet paper i primary stage full mock test 1 (english i + hindi ii)","Class GSC-observed, this URL not yet in GSC","","","","CTET Paper I Primary Stage Full Mock Test 1 (English I + Hindi II)","CTET Paper I Primary Stage Full Mock Test 1 (English I + Hindi II)"
"https://takemocktest.com/in/ctet/test/child-development-and-pedagogy-sectional-1","sectional test","ctet child development and pedagogy mock test 1","SERP-verified 2026-09-09","","","","CTET Child Development and Pedagogy Mock Test 1","CTET Child Development and Pedagogy Mock Test 1"
"https://takemocktest.com/in/ctet/test/mathematics-sectional-1","sectional test","ctet mathematics mock test 1","SERP-verified 2026-09-09","","","","CTET Mathematics Mock Test 1","CTET Mathematics Mock Test 1: Free Practice | TakeMockTest"
"https://takemocktest.com/in/ctet/test/environmental-studies-sectional-1","sectional test","ctet environmental studies mock test 1","SERP-verified 2026-09-09","","","","CTET Environmental Studies Mock Test 1","CTET Environmental Studies Mock Test 1: Free Practice"
"https://takemocktest.com/in/ctet/test/language-i-english-sectional-1","sectional test","ctet language i (english) mock test 1","SERP-verified 2026-09-09","","","","CTET Language I (English) Mock Test 1","CTET Language I (English) Mock Test 1: Free Practice"
"https://takemocktest.com/in/ctet/test/language-ii-hindi-sectional-1","sectional test","ctet language ii (hindi) mock test 1","SERP-verified 2026-09-09","","","","CTET Language II (Hindi) Mock Test 1","CTET Language II (Hindi) Mock Test 1: Free Practice"
"https://takemocktest.com/in/cuet-ug","exam hub","cuet ug","Reasoned, not yet SERP-checked","","","","CUET UG","CUET UG: Free Mock Tests & Exam Pattern | TakeMockTest"
"https://takemocktest.com/in/cuet-ug/mock-test","mock-test","cuet ug mock test 2026","Reasoned, not yet SERP-checked","","","","CUET UG Mock Test 2026","CUET UG Mock Test 2026, Practice Free Test Series"
"https://takemocktest.com/in/cuet-ug/exam-pattern","exam-pattern","cuet ug exam pattern","Reasoned, not yet SERP-checked","","","","CUET UG Exam Pattern","CUET UG Exam Pattern 2026: Marks & Duration | TakeMockTest"
"https://takemocktest.com/in/cuet-ug/test/gat-full-mock-1","full mock test","cuet ug general aptitude test full mock test 1","Class GSC-observed, this URL not yet in GSC","","","","CUET UG General Aptitude Test Full Mock Test 1","CUET UG General Aptitude Test Full Mock Test 1 (2026)"
"https://takemocktest.com/in/cuet-ug/test/general-aptitude-test-sectional-1","sectional test","cuet ug general aptitude test mock test 1","SERP-verified 2026-09-09","","","","CUET UG General Aptitude Test Mock Test 1","CUET UG General Aptitude Test Mock Test 1: Free Practice"
"https://takemocktest.com/in/cuet-ug/test/english-full-mock-1","full mock test","cuet ug english full mock test 1","Class GSC-observed, this URL not yet in GSC","","","","CUET UG English Full Mock Test 1","CUET UG English Full Mock Test 1 (2026): Free Online Test"
"https://takemocktest.com/in/ipmat-indore","exam hub","ipmat indore","Reasoned, not yet SERP-checked","","","","IPMAT Indore","IPMAT Indore: Free Mock Tests & Exam Pattern | TakeMockTest"
"https://takemocktest.com/in/ipmat-indore/mock-test","mock-test","ipmat indore mock test 2026","Reasoned, not yet SERP-checked","","","","IPMAT Indore Mock Test 2026","IPMAT Indore Mock Test 2026, Practice Free Test Series"
"https://takemocktest.com/in/ipmat-indore/test/ipm-at-full-mock-1","full mock test","ipmat indore ipm aptitude test full mock test 1","Class GSC-observed, this URL not yet in GSC","","","","IPMAT Indore IPM Aptitude Test Full Mock Test 1","IPMAT Indore IPM Aptitude Test Full Mock Test 1 (2026)"
"https://takemocktest.com/in/ipmat-indore/test/ipm-at-verbal-ability-sectional-1","sectional test","ipmat indore verbal ability mock test 1","SERP-verified 2026-09-09","","","","IPMAT Indore Verbal Ability Mock Test 1","IPMAT Indore Verbal Ability Mock Test 1: Free Practice"
"https://takemocktest.com/in/ipmat-indore/test/ipm-at-quantitative-ability-mcq-sectional-1","sectional test","ipmat indore quantitative ability (mcq) mock test 1","SERP-verified 2026-09-09","","","","IPMAT Indore Quantitative Ability (MCQ) Mock Test 1","IPMAT Indore Quantitative Ability (MCQ) Mock Test 1"
"https://takemocktest.com/in/ipmat-indore/test/ipm-at-quantitative-ability-short-answer-sectional-1","sectional test","ipmat indore quantitative ability (short answer) mock test 1","SERP-verified 2026-09-09","","","","IPMAT Indore Quantitative Ability (Short Answer) Mock Test 1","IPMAT Indore Quantitative Ability (Short Answer) Mock Test 1"
"https://takemocktest.com/in/ipmat-rohtak","exam hub","ipmat rohtak","Reasoned, not yet SERP-checked","","","","IPMAT Rohtak","IPMAT Rohtak: Free Mock Tests & Exam Pattern | TakeMockTest"
"https://takemocktest.com/in/ipmat-rohtak/mock-test","mock-test","ipmat rohtak mock test 2026","Reasoned, not yet SERP-checked","","","","IPMAT Rohtak Mock Test 2026","IPMAT Rohtak Mock Test 2026, Practice Free Test Series"
"https://takemocktest.com/in/ipmat-rohtak/exam-pattern","exam-pattern","ipmat rohtak exam pattern","Reasoned, not yet SERP-checked","","","","IPMAT Rohtak Exam Pattern","IPMAT Rohtak Exam Pattern 2026: Marks & Duration"
"https://takemocktest.com/in/ipmat-rohtak/test/ipm-at-full-mock-1","full mock test","ipmat rohtak ipm aptitude test full mock test 1","Class GSC-observed, this URL not yet in GSC","","","","IPMAT Rohtak IPM Aptitude Test Full Mock Test 1","IPMAT Rohtak IPM Aptitude Test Full Mock Test 1 (2026)"
"https://takemocktest.com/in/ipmat-rohtak/test/quantitative-ability-sectional-1","sectional test","ipmat rohtak quantitative ability mock test 1","SERP-verified 2026-09-09","","","","IPMAT Rohtak Quantitative Ability Mock Test 1","IPMAT Rohtak Quantitative Ability Mock Test 1: Free Practice"
"https://takemocktest.com/in/ipmat-rohtak/test/logical-reasoning-sectional-1","sectional test","ipmat rohtak logical reasoning mock test 1","SERP-verified 2026-09-09","","","","IPMAT Rohtak Logical Reasoning Mock Test 1","IPMAT Rohtak Logical Reasoning Mock Test 1: Free Practice"
"https://takemocktest.com/in/ipmat-rohtak/test/verbal-ability-sectional-1","sectional test","ipmat rohtak verbal ability mock test 1","SERP-verified 2026-09-09","","","","IPMAT Rohtak Verbal Ability Mock Test 1","IPMAT Rohtak Verbal Ability Mock Test 1: Free Practice"
"https://takemocktest.com/in/nchm-jee","exam hub","nchm jee","Reasoned, not yet SERP-checked","","","","NCHM JEE","NCHM JEE: Free Mock Tests & Exam Pattern | TakeMockTest"
"https://takemocktest.com/in/nchm-jee/mock-test","mock-test","nchm jee mock test 2026","Reasoned, not yet SERP-checked","","","","NCHM JEE Mock Test 2026","NCHM JEE Mock Test 2026, Practice Free Test Series"
"https://takemocktest.com/in/nchm-jee/exam-pattern","exam-pattern","nchm jee exam pattern","Reasoned, not yet SERP-checked","","","","NCHM JEE Exam Pattern","NCHM JEE Exam Pattern 2026: Marks & Duration | TakeMockTest"
"https://takemocktest.com/in/nchm-jee/test/bsc-hha-full-mock-1","full mock test","nchm jee b.sc. hha full mock test 1","Class GSC-observed, this URL not yet in GSC","","","","NCHM JEE B.Sc. HHA Full Mock Test 1","NCHM JEE B.Sc. HHA Full Mock Test 1 (2026): Free Online Test"
"https://takemocktest.com/in/nchm-jee/test/numerical-ability-and-analytical-aptitude-sectional-1","sectional test","nchm jee numerical ability and analytical aptitude mock test 1","SERP-verified 2026-09-09","","","","NCHM JEE Numerical Ability and Analytical Aptitude Mock Test 1","NCHM JEE Numerical Ability and Analytical Aptitude Mock Test 1"
"https://takemocktest.com/in/nchm-jee/test/reasoning-and-logical-deduction-sectional-1","sectional test","nchm jee reasoning and logical deduction mock test 1","SERP-verified 2026-09-09","","","","NCHM JEE Reasoning and Logical Deduction Mock Test 1","NCHM JEE Reasoning and Logical Deduction Mock Test 1"
"https://takemocktest.com/in/nchm-jee/test/general-knowledge-and-current-affairs-sectional-1","sectional test","nchm jee general knowledge & current affairs mock test 1","SERP-verified 2026-09-09","","","","NCHM JEE General Knowledge & Current Affairs Mock Test 1","NCHM JEE General Knowledge & Current Affairs Mock Test 1"
"https://takemocktest.com/in/nchm-jee/test/english-language-sectional-1","sectional test","nchm jee english language mock test 1","SERP-verified 2026-09-09","","","","NCHM JEE English Language Mock Test 1","NCHM JEE English Language Mock Test 1: Free Practice"
"https://takemocktest.com/in/nchm-jee/test/aptitude-for-service-sector-sectional-1","sectional test","nchm jee aptitude for service sector mock test 1","SERP-verified 2026-09-09","","","","NCHM JEE Aptitude for Service Sector Mock Test 1","NCHM JEE Aptitude for Service Sector Mock Test 1"
"https://takemocktest.com/in/cg-ppt","exam hub","cg ppt","Reasoned, not yet SERP-checked","","","","CG PPT","CG PPT: Free Mock Tests & Exam Pattern | TakeMockTest"
"https://takemocktest.com/in/cg-ppt/mock-test","mock-test","cg ppt mock test 2026","Reasoned, not yet SERP-checked","","","","CG PPT Mock Test 2026","CG PPT Mock Test 2026, Practice Free Test Series"
"https://takemocktest.com/in/cg-ppt/test/full-mock-1","full mock test","cg ppt pre polytechnic test full mock test 1","Class GSC-observed, this URL not yet in GSC","","","","CG PPT Pre Polytechnic Test Full Mock Test 1","CG PPT Pre Polytechnic Test Full Mock Test 1 (2026)"
"https://takemocktest.com/in/cg-ppt/test/physics-sectional-1","sectional test","cg ppt physics mock test 1","SERP-verified 2026-09-09","","","","CG PPT Physics Mock Test 1","CG PPT Physics Mock Test 1: Free Practice | TakeMockTest"
"https://takemocktest.com/in/cg-ppt/test/chemistry-sectional-1","sectional test","cg ppt chemistry mock test 1","SERP-verified 2026-09-09","","","","CG PPT Chemistry Mock Test 1","CG PPT Chemistry Mock Test 1: Free Practice | TakeMockTest"
"https://takemocktest.com/in/cg-ppt/test/mathematics-sectional-1","sectional test","cg ppt mathematics mock test 1","SERP-verified 2026-09-09","","","","CG PPT Mathematics Mock Test 1","CG PPT Mathematics Mock Test 1: Free Practice | TakeMockTest"
"https://takemocktest.com/in/tjee","exam hub","tjee","Reasoned, not yet SERP-checked","","","","TJEE","TJEE: Free Mock Tests & Exam Pattern | TakeMockTest"
"https://takemocktest.com/in/tjee/mock-test","mock-test","tjee mock test 2026","Reasoned, not yet SERP-checked","","","","TJEE Mock Test 2026","TJEE Mock Test 2026, Practice Free Test Series"
"https://takemocktest.com/in/tjee/test/engineering-pcm-full-mock-1","full mock test","tjee engineering pcm full mock test 1","Class GSC-observed, this URL not yet in GSC","","","","TJEE Engineering PCM Full Mock Test 1","TJEE Engineering PCM Full Mock Test 1 (2026) | TakeMockTest"
"https://takemocktest.com/in/tjee/test/physics-sectional-1","sectional test","tjee physics mock test 1","SERP-verified 2026-09-09","","","","TJEE Physics Mock Test 1","TJEE Physics Mock Test 1: Free Practice | TakeMockTest"
"https://takemocktest.com/in/tjee/test/chemistry-sectional-1","sectional test","tjee chemistry mock test 1","SERP-verified 2026-09-09","","","","TJEE Chemistry Mock Test 1","TJEE Chemistry Mock Test 1: Free Practice | TakeMockTest"
"https://takemocktest.com/in/tjee/test/mathematics-sectional-1","sectional test","tjee mathematics mock test 1","SERP-verified 2026-09-09","","","","TJEE Mathematics Mock Test 1","TJEE Mathematics Mock Test 1: Free Practice | TakeMockTest"
"https://takemocktest.com/in/uttarakhand-jeep","exam hub","uttarakhand jeep","Reasoned, not yet SERP-checked","","","","Uttarakhand JEEP","Uttarakhand JEEP: Free Mock Tests & Exam Pattern"
"https://takemocktest.com/in/uttarakhand-jeep/mock-test","mock-test","uttarakhand jeep mock test 2026","Reasoned, not yet SERP-checked","","","","Uttarakhand JEEP Mock Test 2026","Uttarakhand JEEP Mock Test 2026, Practice Free Test Series"
"https://takemocktest.com/in/uttarakhand-jeep/test/group-e-full-mock-1","full mock test","uttarakhand jeep group e engineering & technology full mock test 1","Class GSC-observed, this URL not yet in GSC","","","","Uttarakhand JEEP Group E Engineering & Technology Full Mock Test 1","Uttarakhand JEEP Group E Engineering & Technology Full Mock Test 1"
"https://takemocktest.com/in/uttarakhand-jeep/test/mathematics-sectional-1","sectional test","uttarakhand jeep mathematics mock test 1","SERP-verified 2026-09-09","","","","Uttarakhand JEEP Mathematics Mock Test 1","Uttarakhand JEEP Mathematics Mock Test 1: Free Practice"
"https://takemocktest.com/in/uttarakhand-jeep/test/science-physics-and-chemistry-sectional-1","sectional test","uttarakhand jeep science (physics & chemistry) mock test 1","SERP-verified 2026-09-09","","","","Uttarakhand JEEP Science (Physics & Chemistry) Mock Test 1","Uttarakhand JEEP Science (Physics & Chemistry) Mock Test 1"
"https://takemocktest.com/in/neet-ug","exam hub","neet ug","Reasoned, not yet SERP-checked","","","","NEET UG","NEET UG: Free Mock Tests & Exam Pattern | TakeMockTest"
"https://takemocktest.com/in/neet-ug/mock-test","mock-test","neet ug mock test 2026","Reasoned, not yet SERP-checked","","","","NEET UG Mock Test 2026","NEET UG Mock Test 2026, Practice Free Test Series"
"https://takemocktest.com/in/neet-ug/exam-pattern","exam-pattern","neet ug exam pattern","Reasoned, not yet SERP-checked","","","","NEET UG Exam Pattern","NEET UG Exam Pattern 2026: Marks & Duration | TakeMockTest"
"https://takemocktest.com/in/neet-ug/test/neet-ug-full-mock-1","full mock test","neet ug full mock test 1","Class GSC-observed, this URL not yet in GSC","","","","NEET UG Full Mock Test 1","NEET UG Full Mock Test 1 (2026): Free Online Test"
"https://takemocktest.com/in/neet-ug/test/physics-sectional-1","sectional test","neet ug physics mock test 1","SERP-verified 2026-09-09","","","","NEET UG Physics Mock Test 1","NEET UG Physics Mock Test 1: Free Practice | TakeMockTest"
"https://takemocktest.com/in/neet-ug/test/chemistry-sectional-1","sectional test","neet ug chemistry mock test 1","SERP-verified 2026-09-09","","","","NEET UG Chemistry Mock Test 1","NEET UG Chemistry Mock Test 1: Free Practice | TakeMockTest"
"https://takemocktest.com/in/neet-ug/test/biology-botany-and-zoology-sectional-1","sectional test","neet ug biology (botany & zoology) mock test 1","SERP-verified 2026-09-09","","","","NEET UG Biology (Botany & Zoology) Mock Test 1","NEET UG Biology (Botany & Zoology) Mock Test 1"
"https://takemocktest.com/in/nift","exam hub","nift","Reasoned, not yet SERP-checked","","","","NIFT","NIFT: Free Mock Tests & Exam Pattern | TakeMockTest"
"https://takemocktest.com/in/nift/mock-test","mock-test","nift mock test 2026","Reasoned, not yet SERP-checked","","","","NIFT Mock Test 2026","NIFT Mock Test 2026, Practice Free Test Series"
"https://takemocktest.com/in/nift/exam-pattern","exam-pattern","nift exam pattern","Reasoned, not yet SERP-checked","","","","NIFT Exam Pattern","NIFT Exam Pattern 2026: Marks & Duration | TakeMockTest"
"https://takemocktest.com/in/nift/test/bftech-gat-full-mock-1","full mock test","nift b.ftech gat full mock test 1","Class GSC-observed, this URL not yet in GSC","","","","NIFT B.FTech GAT Full Mock Test 1","NIFT B.FTech GAT Full Mock Test 1 (2026): Free Online Test"
"https://takemocktest.com/in/nift/test/section-a-communication-ability-and-english-comprehension-sectional-1","sectional test","nift section a (communication ability & english comprehension) mock test 1","SERP-verified 2026-09-09","","","","NIFT Section A (Communication Ability & English Comprehension) Mock Test 1","NIFT Section A (Communication Ability & English Comprehension) Mock Test 1"
"https://takemocktest.com/in/nift/test/section-a-quantitative-ability-sectional-1","sectional test","nift section a (quantitative ability) mock test 1","SERP-verified 2026-09-09","","","","NIFT Section A (Quantitative Ability) Mock Test 1","NIFT Section A (Quantitative Ability) Mock Test 1"
"https://takemocktest.com/in/nift/test/section-a-analytical-and-logical-ability-sectional-1","sectional test","nift section a (analytical & logical ability) mock test 1","SERP-verified 2026-09-09","","","","NIFT Section A (Analytical & Logical Ability) Mock Test 1","NIFT Section A (Analytical & Logical Ability) Mock Test 1"
"https://takemocktest.com/in/nift/test/section-a-general-knowledge-and-current-affairs-sectional-1","sectional test","nift section a (general knowledge & current affairs) mock test 1","SERP-verified 2026-09-09","","","","NIFT Section A (General Knowledge & Current Affairs) Mock Test 1","NIFT Section A (General Knowledge & Current Affairs) Mock Test 1"
"https://takemocktest.com/in/nift/test/section-b-quantitative-ability-sectional-1","sectional test","nift section b (quantitative ability) mock test 1","SERP-verified 2026-09-09","","","","NIFT Section B (Quantitative Ability) Mock Test 1","NIFT Section B (Quantitative Ability) Mock Test 1"
"https://takemocktest.com/in/nift/test/section-b-analytical-and-logical-ability-sectional-1","sectional test","nift section b (analytical & logical ability) mock test 1","SERP-verified 2026-09-09","","","","NIFT Section B (Analytical & Logical Ability) Mock Test 1","NIFT Section B (Analytical & Logical Ability) Mock Test 1"
"https://takemocktest.com/in/nift/test/section-b-case-study-sectional-1","sectional test","nift section b (case study) mock test 1","SERP-verified 2026-09-09","","","","NIFT Section B (Case Study) Mock Test 1","NIFT Section B (Case Study) Mock Test 1: Free Practice"
"https://takemocktest.com/in/wb-jelet","exam hub","wb jelet","Reasoned, not yet SERP-checked","","","","WB JELET","WB JELET: Free Mock Tests & Exam Pattern | TakeMockTest"
"https://takemocktest.com/in/wb-jelet/mock-test","mock-test","wb jelet mock test 2026","Reasoned, not yet SERP-checked","","","","WB JELET Mock Test 2026","WB JELET Mock Test 2026, Practice Free Test Series"
"https://takemocktest.com/in/wb-jelet/exam-pattern","exam-pattern","wb jelet exam pattern","Reasoned, not yet SERP-checked","","","","WB JELET Exam Pattern","WB JELET Exam Pattern 2026: Marks & Duration | TakeMockTest"
"https://takemocktest.com/in/wb-jelet/test/paper-1-full-mock-1","full mock test","wb jelet paper-i full mock test 1","Class GSC-observed, this URL not yet in GSC","","","","WB JELET Paper-I Full Mock Test 1","WB JELET Paper-I Full Mock Test 1 (2026): Free Online Test"
"https://takemocktest.com/in/wb-jelet/test/mathematics-sectional-1","sectional test","wb jelet mathematics mock test 1","SERP-verified 2026-09-09","","","","WB JELET Mathematics Mock Test 1","WB JELET Mathematics Mock Test 1: Free Practice"
"https://takemocktest.com/in/wb-jelet/test/physics-sectional-1","sectional test","wb jelet physics mock test 1","SERP-verified 2026-09-09","","","","WB JELET Physics Mock Test 1","WB JELET Physics Mock Test 1: Free Practice | TakeMockTest"
"https://takemocktest.com/in/wb-jelet/test/chemistry-sectional-1","sectional test","wb jelet chemistry mock test 1","SERP-verified 2026-09-09","","","","WB JELET Chemistry Mock Test 1","WB JELET Chemistry Mock Test 1: Free Practice | TakeMockTest"
"https://takemocktest.com/in/wb-jelet/test/fundamentals-of-electrical-and-electronics-engineering-sectional-1","sectional test","wb jelet fundamentals of electrical & electronics engineering mock test 1","SERP-verified 2026-09-09","","","","WB JELET Fundamentals of Electrical & Electronics Engineering Mock Test 1","WB JELET Fundamentals of Electrical & Electronics Engineering Mock Test 1"
"https://takemocktest.com/in/vtueee","exam hub","vtueee","Reasoned, not yet SERP-checked","","","","VTUEEE","VTUEEE: Free Mock Tests & Exam Pattern | TakeMockTest"
"https://takemocktest.com/in/vtueee/mock-test","mock-test","vtueee mock test 2026","Reasoned, not yet SERP-checked","","","","VTUEEE Mock Test 2026","VTUEEE Mock Test 2026, Practice Free Test Series"
"https://takemocktest.com/in/vtueee/test/btech-full-mock-1","full mock test","vtueee b.tech full mock test 1","Class GSC-observed, this URL not yet in GSC","","","","VTUEEE B.Tech Full Mock Test 1","VTUEEE B.Tech Full Mock Test 1 (2026): Free Online Test"
"https://takemocktest.com/in/vtueee/test/physics-sectional-1","sectional test","vtueee physics mock test 1","SERP-verified 2026-09-09","","","","VTUEEE Physics Mock Test 1","VTUEEE Physics Mock Test 1: Free Practice | TakeMockTest"
"https://takemocktest.com/in/vtueee/test/chemistry-sectional-1","sectional test","vtueee chemistry mock test 1","SERP-verified 2026-09-09","","","","VTUEEE Chemistry Mock Test 1","VTUEEE Chemistry Mock Test 1: Free Practice | TakeMockTest"
"https://takemocktest.com/in/vtueee/test/mathematics-sectional-1","sectional test","vtueee mathematics mock test 1","SERP-verified 2026-09-09","","","","VTUEEE Mathematics Mock Test 1","VTUEEE Mathematics Mock Test 1: Free Practice | TakeMockTest"
"https://takemocktest.com/in/ap-lawcet","exam hub","ap lawcet","Reasoned, not yet SERP-checked","","","","AP LAWCET","AP LAWCET: Free Mock Tests & Exam Pattern | TakeMockTest"
"https://takemocktest.com/in/ap-lawcet/mock-test","mock-test","ap lawcet mock test 2026","Reasoned, not yet SERP-checked","","","","AP LAWCET Mock Test 2026","AP LAWCET Mock Test 2026, Practice Free Test Series"
"https://takemocktest.com/in/ap-lawcet/exam-pattern","exam-pattern","ap lawcet exam pattern","Reasoned, not yet SERP-checked","","","","AP LAWCET Exam Pattern","AP LAWCET Exam Pattern 2026: Marks & Duration | TakeMockTest"
"https://takemocktest.com/in/ap-lawcet/test/5-year-llb-full-mock-1","full mock test","ap lawcet 5-year ll.b. full mock test 1","Class GSC-observed, this URL not yet in GSC","","","","AP LAWCET 5-Year LL.B. Full Mock Test 1","AP LAWCET 5-Year LL.B. Full Mock Test 1 (2026)"
"https://takemocktest.com/in/ap-lawcet/test/general-knowledge-and-mental-ability-sectional-1","sectional test","ap lawcet general knowledge and mental ability mock test 1","SERP-verified 2026-09-09","","","","AP LAWCET General Knowledge and Mental Ability Mock Test 1","AP LAWCET General Knowledge and Mental Ability Mock Test 1"
"https://takemocktest.com/in/ap-lawcet/test/current-affairs-sectional-1","sectional test","ap lawcet current affairs mock test 1","SERP-verified 2026-09-09","","","","AP LAWCET Current Affairs Mock Test 1","AP LAWCET Current Affairs Mock Test 1: Free Practice"
"https://takemocktest.com/in/ap-lawcet/test/aptitude-for-the-study-of-law-sectional-1","sectional test","ap lawcet aptitude for the study of law mock test 1","SERP-verified 2026-09-09","","","","AP LAWCET Aptitude for the Study of Law Mock Test 1","AP LAWCET Aptitude for the Study of Law Mock Test 1"
"https://takemocktest.com/in/tg-lawcet","exam hub","tg lawcet","Reasoned, not yet SERP-checked","","","","TG LAWCET","TG LAWCET: Free Mock Tests & Exam Pattern | TakeMockTest"
"https://takemocktest.com/in/tg-lawcet/mock-test","mock-test","tg lawcet mock test 2026","Reasoned, not yet SERP-checked","","","","TG LAWCET Mock Test 2026","TG LAWCET Mock Test 2026, Practice Free Test Series"
"https://takemocktest.com/in/tg-lawcet/exam-pattern","exam-pattern","tg lawcet exam pattern","Reasoned, not yet SERP-checked","","","","TG LAWCET Exam Pattern","TG LAWCET Exam Pattern 2026: Marks & Duration | TakeMockTest"
"https://takemocktest.com/in/tg-lawcet/test/5-year-llb-full-mock-1","full mock test","tg lawcet 5-year ll.b. full mock test 1","Class GSC-observed, this URL not yet in GSC","","","","TG LAWCET 5-Year LL.B. Full Mock Test 1","TG LAWCET 5-Year LL.B. Full Mock Test 1 (2026)"
"https://takemocktest.com/in/tg-lawcet/test/general-knowledge-and-mental-ability-sectional-1","sectional test","tg lawcet general knowledge and mental ability mock test 1","SERP-verified 2026-09-09","","","","TG LAWCET General Knowledge and Mental Ability Mock Test 1","TG LAWCET General Knowledge and Mental Ability Mock Test 1"
"https://takemocktest.com/in/tg-lawcet/test/current-affairs-sectional-1","sectional test","tg lawcet current affairs mock test 1","SERP-verified 2026-09-09","","","","TG LAWCET Current Affairs Mock Test 1","TG LAWCET Current Affairs Mock Test 1: Free Practice"
"https://takemocktest.com/in/tg-lawcet/test/aptitude-for-the-study-of-law-sectional-1","sectional test","tg lawcet aptitude for the study of law mock test 1","SERP-verified 2026-09-09","","","","TG LAWCET Aptitude for the Study of Law Mock Test 1","TG LAWCET Aptitude for the Study of Law Mock Test 1"
"https://takemocktest.com/in/iiser-iat","exam hub","iiser iat","Reasoned, not yet SERP-checked","","","","IISER IAT","IISER IAT: Free Mock Tests & Exam Pattern | TakeMockTest"
"https://takemocktest.com/in/iiser-iat/mock-test","mock-test","iiser iat mock test 2026","Reasoned, not yet SERP-checked","","","","IISER IAT Mock Test 2026","IISER IAT Mock Test 2026, Practice Free Test Series"
"https://takemocktest.com/in/iiser-iat/exam-pattern","exam-pattern","iiser iat exam pattern","Reasoned, not yet SERP-checked","","","","IISER IAT Exam Pattern","IISER IAT Exam Pattern 2026: Marks & Duration | TakeMockTest"
"https://takemocktest.com/in/iiser-iat/test/iat-full-mock-1","full mock test","iiser iat full mock test 1","Class GSC-observed, this URL not yet in GSC","","","","IISER IAT Full Mock Test 1","IISER IAT Full Mock Test 1 (2026): Free Online Test"
"https://takemocktest.com/in/iiser-iat/test/biology-sectional-1","sectional test","iiser iat biology mock test 1","SERP-verified 2026-09-09","","","","IISER IAT Biology Mock Test 1","IISER IAT Biology Mock Test 1: Free Practice | TakeMockTest"
"https://takemocktest.com/in/iiser-iat/test/chemistry-sectional-1","sectional test","iiser iat chemistry mock test 1","SERP-verified 2026-09-09","","","","IISER IAT Chemistry Mock Test 1","IISER IAT Chemistry Mock Test 1: Free Practice"
"https://takemocktest.com/in/iiser-iat/test/mathematics-sectional-1","sectional test","iiser iat mathematics mock test 1","SERP-verified 2026-09-09","","","","IISER IAT Mathematics Mock Test 1","IISER IAT Mathematics Mock Test 1: Free Practice"
"https://takemocktest.com/in/iiser-iat/test/physics-sectional-1","sectional test","iiser iat physics mock test 1","SERP-verified 2026-09-09","","","","IISER IAT Physics Mock Test 1","IISER IAT Physics Mock Test 1: Free Practice | TakeMockTest"
"https://takemocktest.com/in/aibe","exam hub","aibe","Reasoned, not yet SERP-checked","","","","AIBE","AIBE: Free Mock Tests & Exam Pattern | TakeMockTest"
"https://takemocktest.com/in/aibe/mock-test","mock-test","aibe mock test 2026","Reasoned, not yet SERP-checked","","","","AIBE Mock Test 2026","AIBE Mock Test 2026, Practice Free Test Series"
"https://takemocktest.com/in/aibe/exam-pattern","exam-pattern","aibe exam pattern","Reasoned, not yet SERP-checked","","","","AIBE Exam Pattern","AIBE Exam Pattern 2026: Marks & Duration | TakeMockTest"
"https://takemocktest.com/in/aibe/test/full-bank-full-mock-1","full mock test","aibe full mock test 1","Class GSC-observed, this URL not yet in GSC","","","","AIBE Full Mock Test 1","AIBE Full Mock Test 1 (2026): Free Online Test"
"https://takemocktest.com/in/aibe/test/full-bank-full-mock-2","full mock test","aibe full mock test 2","Class GSC-observed, this URL not yet in GSC","","","","AIBE Full Mock Test 2","AIBE Full Mock Test 2 (2026): Free Online Test"
"https://takemocktest.com/in/niper-jee","exam hub","niper jee","Reasoned, not yet SERP-checked","","","","NIPER JEE","NIPER JEE: Free Mock Tests & Exam Pattern | TakeMockTest"
"https://takemocktest.com/in/niper-jee/mock-test","mock-test","niper jee mock test 2026","Reasoned, not yet SERP-checked","","","","NIPER JEE Mock Test 2026","NIPER JEE Mock Test 2026, Practice Free Test Series"
"https://takemocktest.com/in/niper-jee/exam-pattern","exam-pattern","niper jee exam pattern","Reasoned, not yet SERP-checked","","","","NIPER JEE Exam Pattern","NIPER JEE Exam Pattern 2026: Marks & Duration | TakeMockTest"
"https://takemocktest.com/in/niper-jee/test/masters-full-mock-1","full mock test","niper jee master's programme full mock test 1","Class GSC-observed, this URL not yet in GSC","","","","NIPER JEE Master's Programme Full Mock Test 1","NIPER JEE Master's Programme Full Mock Test 1 (2026)"
"https://takemocktest.com/in/niper-jee/test/section-a-general-english-aptitude-reasoning-general-knowledge-etc-sectional-1","sectional test","niper jee section a (general english, aptitude, reasoning, general knowledge, etc.) mock test 1","SERP-verified 2026-09-09","","","","NIPER JEE Section A (General English, Aptitude, Reasoning, General Knowledge, etc.) Mock Test 1","NIPER JEE Section A (General English, Aptitude, Reasoning, General Knowledge, etc.) Mock Test 1"
"https://takemocktest.com/in/niper-jee/test/section-b-mainly-b-pharm-syllabus-sectional-1","sectional test","niper jee section b (mainly b.pharm. syllabus) mock test 1","SERP-verified 2026-09-09","","","","NIPER JEE Section B (mainly B.Pharm. syllabus) Mock Test 1","NIPER JEE Section B (mainly B.Pharm. syllabus) Mock Test 1"
"https://takemocktest.com/in/aiapget","exam hub","aiapget","Reasoned, not yet SERP-checked","","","","AIAPGET","AIAPGET: Free Mock Tests & Exam Pattern | TakeMockTest"
"https://takemocktest.com/in/aiapget/mock-test","mock-test","aiapget mock test 2026","Reasoned, not yet SERP-checked","","","","AIAPGET Mock Test 2026","AIAPGET Mock Test 2026, Practice Free Test Series"
"https://takemocktest.com/in/aiapget/exam-pattern","exam-pattern","aiapget exam pattern","Reasoned, not yet SERP-checked","","","","AIAPGET Exam Pattern","AIAPGET Exam Pattern 2026: Marks & Duration | TakeMockTest"
"https://takemocktest.com/in/aiapget/test/homoeopathy-full-mock-1","full mock test","aiapget homoeopathy full mock test 1","Class GSC-observed, this URL not yet in GSC","","","","AIAPGET Homoeopathy Full Mock Test 1","AIAPGET Homoeopathy Full Mock Test 1 (2026) | TakeMockTest"
"https://takemocktest.com/in/aiapget/test/homoeopathy-full-mock-2","full mock test","aiapget homoeopathy full mock test 2","Class GSC-observed, this URL not yet in GSC","","","","AIAPGET Homoeopathy Full Mock Test 2","AIAPGET Homoeopathy Full Mock Test 2 (2026) | TakeMockTest"
"https://takemocktest.com/in/ugc-net","exam hub","ugc net","Reasoned, not yet SERP-checked","","","","UGC NET","UGC NET: Free Mock Tests & Exam Pattern | TakeMockTest"
"https://takemocktest.com/in/ugc-net/mock-test","mock-test","ugc net mock test 2026","Reasoned, not yet SERP-checked","","","","UGC NET Mock Test 2026","UGC NET Mock Test 2026, Practice Free Test Series"
"https://takemocktest.com/in/ugc-net/exam-pattern","exam-pattern","ugc net exam pattern","Reasoned, not yet SERP-checked","","","","UGC NET Exam Pattern","UGC NET Exam Pattern 2026: Marks & Duration | TakeMockTest"
"https://takemocktest.com/in/ugc-net/test/computer-science-applications-full-mock-1","full mock test","ugc net computer science and applications full mock test 1","Class GSC-observed, this URL not yet in GSC","","","","UGC NET Computer Science and Applications Full Mock Test 1","UGC NET Computer Science and Applications Full Mock Test 1"
"https://takemocktest.com/in/ugc-net/test/paper-i-teaching-and-research-aptitude-sectional-1","sectional test","ugc net paper i (teaching & research aptitude) mock test 1","SERP-verified 2026-09-09","","","","UGC NET Paper I (Teaching & Research Aptitude) Mock Test 1","UGC NET Paper I (Teaching & Research Aptitude) Mock Test 1"
"https://takemocktest.com/in/ugc-net/test/paper-ii-computer-science-and-applications-sectional-1","sectional test","ugc net paper ii (computer science and applications) mock test 1","SERP-verified 2026-09-09","","","","UGC NET Paper II (Computer Science and Applications) Mock Test 1","UGC NET Paper II (Computer Science and Applications) Mock Test 1"
"https://takemocktest.com/in/cuet-pg","exam hub","cuet pg","Reasoned, not yet SERP-checked","","","","CUET PG","CUET PG: Free Mock Tests & Exam Pattern | TakeMockTest"
"https://takemocktest.com/in/cuet-pg/mock-test","mock-test","cuet pg mock test 2026","Reasoned, not yet SERP-checked","","","","CUET PG Mock Test 2026","CUET PG Mock Test 2026, Practice Free Test Series"
"https://takemocktest.com/in/cuet-pg/exam-pattern","exam-pattern","cuet pg exam pattern","Reasoned, not yet SERP-checked","","","","CUET PG Exam Pattern","CUET PG Exam Pattern 2026: Marks & Duration | TakeMockTest"
"https://takemocktest.com/in/cuet-pg/test/coqp12-general-management-full-mock-1","full mock test","cuet pg coqp12 general paper full mock test 1","Class GSC-observed, this URL not yet in GSC","","","","CUET PG COQP12 General Paper Full Mock Test 1","CUET PG COQP12 General Paper Full Mock Test 1 (2026)"
"https://takemocktest.com/in/cuet-pg/test/coqp12-general-management-full-mock-2","full mock test","cuet pg coqp12 general paper full mock test 2","Class GSC-observed, this URL not yet in GSC","","","","CUET PG COQP12 General Paper Full Mock Test 2","CUET PG COQP12 General Paper Full Mock Test 2 (2026)"
"https://takemocktest.com/in/icar-aieea-pg","exam hub","icar aieea pg","Reasoned, not yet SERP-checked","","","","ICAR AIEEA PG","ICAR AIEEA PG: Free Mock Tests & Exam Pattern | TakeMockTest"
"https://takemocktest.com/in/icar-aieea-pg/mock-test","mock-test","icar aieea pg mock test 2026","Reasoned, not yet SERP-checked","","","","ICAR AIEEA PG Mock Test 2026","ICAR AIEEA PG Mock Test 2026, Practice Free Test Series"
"https://takemocktest.com/in/icar-aieea-pg/exam-pattern","exam-pattern","icar aieea pg exam pattern","Reasoned, not yet SERP-checked","","","","ICAR AIEEA PG Exam Pattern","ICAR AIEEA PG Exam Pattern 2026: Marks & Duration"
"https://takemocktest.com/in/icar-aieea-pg/test/agronomy-full-mock-1","full mock test","icar aieea pg agronomy full mock test 1","Class GSC-observed, this URL not yet in GSC","","","","ICAR AIEEA PG Agronomy Full Mock Test 1","ICAR AIEEA PG Agronomy Full Mock Test 1 (2026)"
"https://takemocktest.com/in/icar-aieea-pg/test/agronomy-full-mock-2","full mock test","icar aieea pg agronomy full mock test 2","Class GSC-observed, this URL not yet in GSC","","","","ICAR AIEEA PG Agronomy Full Mock Test 2","ICAR AIEEA PG Agronomy Full Mock Test 2 (2026)"
"https://takemocktest.com/in/aiims-bsc-nursing","exam hub","aiims bsc nursing","Reasoned, not yet SERP-checked","","","","AIIMS BSc Nursing","AIIMS BSc Nursing: Free Mock Tests & Exam Pattern"
"https://takemocktest.com/in/aiims-bsc-nursing/mock-test","mock-test","aiims bsc nursing mock test 2026","Reasoned, not yet SERP-checked","","","","AIIMS BSc Nursing Mock Test 2026","AIIMS BSc Nursing Mock Test 2026, Practice Free Test Series"
"https://takemocktest.com/in/aiims-bsc-nursing/exam-pattern","exam-pattern","aiims bsc nursing exam pattern","Reasoned, not yet SERP-checked","","","","AIIMS BSc Nursing Exam Pattern","AIIMS BSc Nursing Exam Pattern 2026: Marks & Duration"
"https://takemocktest.com/in/aiims-bsc-nursing/test/hons-entrance-full-mock-1","full mock test","aiims bsc nursing b.sc. nursing full mock test 1","Class GSC-observed, this URL not yet in GSC","","","","AIIMS BSc Nursing B.Sc. Nursing Full Mock Test 1","AIIMS BSc Nursing B.Sc. Nursing Full Mock Test 1 (2026)"
"https://takemocktest.com/in/aiims-bsc-nursing/test/physics-sectional-1","sectional test","aiims bsc nursing physics mock test 1","SERP-verified 2026-09-09","","","","AIIMS BSc Nursing Physics Mock Test 1","AIIMS BSc Nursing Physics Mock Test 1: Free Practice"
"https://takemocktest.com/in/aiims-bsc-nursing/test/chemistry-sectional-1","sectional test","aiims bsc nursing chemistry mock test 1","SERP-verified 2026-09-09","","","","AIIMS BSc Nursing Chemistry Mock Test 1","AIIMS BSc Nursing Chemistry Mock Test 1: Free Practice"
"https://takemocktest.com/in/aiims-bsc-nursing/test/biology-sectional-1","sectional test","aiims bsc nursing biology mock test 1","SERP-verified 2026-09-09","","","","AIIMS BSc Nursing Biology Mock Test 1","AIIMS BSc Nursing Biology Mock Test 1: Free Practice"
"https://takemocktest.com/in/aiims-bsc-nursing/test/general-knowledge-sectional-1","sectional test","aiims bsc nursing general knowledge mock test 1","SERP-verified 2026-09-09","","","","AIIMS BSc Nursing General Knowledge Mock Test 1","AIIMS BSc Nursing General Knowledge Mock Test 1"
"https://takemocktest.com/in/aiims-norcet","exam hub","aiims norcet","Reasoned, not yet SERP-checked","","","","AIIMS NORCET","AIIMS NORCET: Free Mock Tests & Exam Pattern | TakeMockTest"
"https://takemocktest.com/in/aiims-norcet/mock-test","mock-test","aiims norcet mock test 2026","Reasoned, not yet SERP-checked","","","","AIIMS NORCET Mock Test 2026","AIIMS NORCET Mock Test 2026, Practice Free Test Series"
"https://takemocktest.com/in/aiims-norcet/exam-pattern","exam-pattern","aiims norcet exam pattern","Reasoned, not yet SERP-checked","","","","AIIMS NORCET Exam Pattern","AIIMS NORCET Exam Pattern 2026: Marks & Duration"
"https://takemocktest.com/in/aiims-norcet/test/stage-1-full-mock-1","full mock test","aiims norcet stage i full mock test 1","Class GSC-observed, this URL not yet in GSC","","","","AIIMS NORCET Stage I Full Mock Test 1","AIIMS NORCET Stage I Full Mock Test 1 (2026) | TakeMockTest"
"https://takemocktest.com/in/aiims-norcet/test/block-a-sectional-1","sectional test","aiims norcet block a mock test 1","SERP-verified 2026-09-09","","","","AIIMS NORCET Block A Mock Test 1","AIIMS NORCET Block A Mock Test 1: Free Practice"
"https://takemocktest.com/in/aiims-norcet/test/block-b-sectional-1","sectional test","aiims norcet block b mock test 1","SERP-verified 2026-09-09","","","","AIIMS NORCET Block B Mock Test 1","AIIMS NORCET Block B Mock Test 1: Free Practice"
"https://takemocktest.com/in/aiims-norcet/test/block-c-sectional-1","sectional test","aiims norcet block c mock test 1","SERP-verified 2026-09-09","","","","AIIMS NORCET Block C Mock Test 1","AIIMS NORCET Block C Mock Test 1: Free Practice"
"https://takemocktest.com/in/aiims-norcet/test/block-d-sectional-1","sectional test","aiims norcet block d mock test 1","SERP-verified 2026-09-09","","","","AIIMS NORCET Block D Mock Test 1","AIIMS NORCET Block D Mock Test 1: Free Practice"
"https://takemocktest.com/in/aiims-norcet/test/block-e-sectional-1","sectional test","aiims norcet block e mock test 1","SERP-verified 2026-09-09","","","","AIIMS NORCET Block E Mock Test 1","AIIMS NORCET Block E Mock Test 1: Free Practice"
"https://takemocktest.com/in/ceed","exam hub","ceed","Reasoned, not yet SERP-checked","","","","CEED","CEED: Free Mock Tests & Exam Pattern | TakeMockTest"
"https://takemocktest.com/in/ceed/mock-test","mock-test","ceed mock test 2026","Reasoned, not yet SERP-checked","","","","CEED Mock Test 2026","CEED Mock Test 2026, Practice Free Test Series"
"https://takemocktest.com/in/ceed/exam-pattern","exam-pattern","ceed exam pattern","Reasoned, not yet SERP-checked","","","","CEED Exam Pattern","CEED Exam Pattern 2026: Marks & Duration | TakeMockTest"
"https://takemocktest.com/in/ceed/test/part-a-full-mock-1","full mock test","ceed part a full mock test 1","Class GSC-observed, this URL not yet in GSC","","","","CEED Part A Full Mock Test 1","CEED Part A Full Mock Test 1 (2026): Free Online Test"
"https://takemocktest.com/in/ceed/test/msq-sectional-1","sectional test","ceed msq mock test 1","SERP-verified 2026-09-09","","","","CEED MSQ Mock Test 1","CEED MSQ Mock Test 1: Free Practice | TakeMockTest"
"https://takemocktest.com/in/ceed/test/mcq-sectional-1","sectional test","ceed mcq mock test 1","SERP-verified 2026-09-09","","","","CEED MCQ Mock Test 1","CEED MCQ Mock Test 1: Free Practice | TakeMockTest"
"https://takemocktest.com/in/uceed","exam hub","uceed","Reasoned, not yet SERP-checked","","","","UCEED","UCEED: Free Mock Tests & Exam Pattern | TakeMockTest"
"https://takemocktest.com/in/uceed/mock-test","mock-test","uceed mock test 2026","Reasoned, not yet SERP-checked","","","","UCEED Mock Test 2026","UCEED Mock Test 2026, Practice Free Test Series"
"https://takemocktest.com/in/uceed/exam-pattern","exam-pattern","uceed exam pattern","Reasoned, not yet SERP-checked","","","","UCEED Exam Pattern","UCEED Exam Pattern 2026: Marks & Duration | TakeMockTest"
"https://takemocktest.com/in/uceed/test/part-a-full-mock-1","full mock test","uceed part a full mock test 1","Class GSC-observed, this URL not yet in GSC","","","","UCEED Part A Full Mock Test 1","UCEED Part A Full Mock Test 1 (2026): Free Online Test"
"https://takemocktest.com/in/uceed/test/nat-sectional-1","sectional test","uceed nat mock test 1","SERP-verified 2026-09-09","","","","UCEED NAT Mock Test 1","UCEED NAT Mock Test 1: Free Practice | TakeMockTest"
"https://takemocktest.com/in/uceed/test/msq-sectional-1","sectional test","uceed msq mock test 1","SERP-verified 2026-09-09","","","","UCEED MSQ Mock Test 1","UCEED MSQ Mock Test 1: Free Practice | TakeMockTest"
"https://takemocktest.com/in/uceed/test/mcq-sectional-1","sectional test","uceed mcq mock test 1","SERP-verified 2026-09-09","","","","UCEED MCQ Mock Test 1","UCEED MCQ Mock Test 1: Free Practice | TakeMockTest"
"https://takemocktest.com/in/dbt-bet","exam hub","dbt bet","Reasoned, not yet SERP-checked","","","","DBT BET","DBT BET: Free Mock Tests & Exam Pattern | TakeMockTest"
"https://takemocktest.com/in/dbt-bet/mock-test","mock-test","dbt bet mock test 2026","Reasoned, not yet SERP-checked","","","","DBT BET Mock Test 2026","DBT BET Mock Test 2026, Practice Free Test Series"
"https://takemocktest.com/in/dbt-bet/exam-pattern","exam-pattern","dbt bet exam pattern","Reasoned, not yet SERP-checked","","","","DBT BET Exam Pattern","DBT BET Exam Pattern 2026: Marks & Duration | TakeMockTest"
"https://takemocktest.com/in/dbt-bet/test/section-a-full-mock-1","full mock test","dbt bet section a full mock test 1","Class GSC-observed, this URL not yet in GSC","","","","DBT BET Section A Full Mock Test 1","DBT BET Section A Full Mock Test 1 (2026): Free Online Test"
"https://takemocktest.com/in/dbt-bet/test/section-a-full-mock-2","full mock test","dbt bet section a full mock test 2","Class GSC-observed, this URL not yet in GSC","","","","DBT BET Section A Full Mock Test 2","DBT BET Section A Full Mock Test 2 (2026): Free Online Test"
"https://takemocktest.com/in/dnb-pdcet","exam hub","dnb-pdcet","Reasoned, not yet SERP-checked","","","","DNB-PDCET","DNB-PDCET: Free Mock Tests & Exam Pattern | TakeMockTest"
"https://takemocktest.com/in/dnb-pdcet/mock-test","mock-test","dnb-pdcet mock test 2026","Reasoned, not yet SERP-checked","","","","DNB-PDCET Mock Test 2026","DNB-PDCET Mock Test 2026, Practice Free Test Series"
"https://takemocktest.com/in/dnb-pdcet/exam-pattern","exam-pattern","dnb-pdcet exam pattern","Reasoned, not yet SERP-checked","","","","DNB-PDCET Exam Pattern","DNB-PDCET Exam Pattern 2026: Marks & Duration | TakeMockTest"
"https://takemocktest.com/in/dnb-pdcet/test/anaesthesiology-full-mock-1","full mock test","dnb-pdcet anaesthesiology full mock test 1","Class GSC-observed, this URL not yet in GSC","","","","DNB-PDCET Anaesthesiology Full Mock Test 1","DNB-PDCET Anaesthesiology Full Mock Test 1 (2026)"
"https://takemocktest.com/in/tifr-gs","exam hub","tifr gs","Reasoned, not yet SERP-checked","","","","TIFR GS","TIFR GS: Free Mock Tests & Exam Pattern | TakeMockTest"
"https://takemocktest.com/in/tifr-gs/mock-test","mock-test","tifr gs mock test 2026","Reasoned, not yet SERP-checked","","","","TIFR GS Mock Test 2026","TIFR GS Mock Test 2026, Practice Free Test Series"
"https://takemocktest.com/in/tifr-gs/exam-pattern","exam-pattern","tifr gs exam pattern","Reasoned, not yet SERP-checked","","","","TIFR GS Exam Pattern","TIFR GS Exam Pattern 2026: Marks & Duration | TakeMockTest"
"https://takemocktest.com/in/tifr-gs/test/computer-science-full-mock-1","full mock test","tifr gs computer science full mock test 1","Class GSC-observed, this URL not yet in GSC","","","","TIFR GS Computer Science Full Mock Test 1","TIFR GS Computer Science Full Mock Test 1 (2026)"
"https://takemocktest.com/in/tifr-gs/test/part-a-common-sectional-1","sectional test","tifr gs part a common mock test 1","SERP-verified 2026-09-09","","","","TIFR GS Part A Common Mock Test 1","TIFR GS Part A Common Mock Test 1: Free Practice"
"https://takemocktest.com/in/tifr-gs/test/part-b-computer-science-sectional-1","sectional test","tifr gs part b computer science mock test 1","SERP-verified 2026-09-09","","","","TIFR GS Part B Computer Science Mock Test 1","TIFR GS Part B Computer Science Mock Test 1: Free Practice"
"https://takemocktest.com/ng","country home","free online mock test","Class GSC-observed, this URL not yet in GSC","","","","Free Online Mock Tests for Competitive Exams in Nigeria","Free Mock Tests for Competitive Exams in Nigeria"
"https://takemocktest.com/ng/exams","exam directory","competitive exams list","Reasoned, not yet SERP-checked","","","","Find an exam by name or goal","All Exams in Nigeria: Browse Mock Tests by Goal"
"https://takemocktest.com/ng/logical-reasoning","reasoning hub","logical reasoning questions","Reasoned, not yet SERP-checked","","","","Logical Reasoning Practice 2026","Logical Reasoning Practice 2026: Free Graded Tests"
"https://takemocktest.com/ng/practice","topic practice index","topic wise practice questions","Reasoned, not yet SERP-checked","","","","Topic-wise Practice Questions 2026","Topic-wise Practice Questions 2026: Free Tests"
"https://takemocktest.com/ng/practice/percentage","topic practice","percentage questions with answers","Reasoned, not yet SERP-checked","","","","Percentage Questions with Answers","Percentage Questions with Answers 2026 | TakeMockTest"
"https://takemocktest.com/ng/practice/profit-and-loss","topic practice","profit and loss questions with answers","Reasoned, not yet SERP-checked","","","","Profit and Loss Questions with Answers","Profit and Loss Questions with Answers 2026 | TakeMockTest"
"https://takemocktest.com/ng/practice/ratio-and-proportion","topic practice","ratio and proportion questions with answers","Reasoned, not yet SERP-checked","","","","Ratio and Proportion Questions with Answers","Ratio and Proportion Questions with Answers 2026"
"https://takemocktest.com/ng/practice/time-and-work","topic practice","time and work questions with answers","Reasoned, not yet SERP-checked","","","","Time and Work Questions with Answers","Time and Work Questions with Answers 2026 | TakeMockTest"
"https://takemocktest.com/ng/practice/time-speed-and-distance","topic practice","time, speed and distance questions with answers","Reasoned, not yet SERP-checked","","","","Time, Speed and Distance Questions with Answers","Time, Speed and Distance Questions with Answers 2026"
"https://takemocktest.com/ng/practice/averages","topic practice","averages questions with answers","Reasoned, not yet SERP-checked","","","","Averages Questions with Answers","Averages Questions with Answers 2026 | TakeMockTest"
"https://takemocktest.com/ng/practice/simple-interest","topic practice","simple interest questions with answers","Reasoned, not yet SERP-checked","","","","Simple Interest Questions with Answers","Simple Interest Questions with Answers 2026 | TakeMockTest"
"https://takemocktest.com/ng/practice/compound-interest","topic practice","compound interest questions with answers","Reasoned, not yet SERP-checked","","","","Compound Interest Questions with Answers","Compound Interest Questions with Answers 2026 | TakeMockTest"
"https://takemocktest.com/ng/practice/number-system","topic practice","number system questions with answers","Reasoned, not yet SERP-checked","","","","Number System Questions with Answers","Number System Questions with Answers 2026 | TakeMockTest"
"https://takemocktest.com/ng/practice/simplification","topic practice","simplification questions with answers","Reasoned, not yet SERP-checked","","","","Simplification Questions with Answers","Simplification Questions with Answers 2026 | TakeMockTest"
"https://takemocktest.com/ng/practice/mensuration","topic practice","mensuration questions with answers","Reasoned, not yet SERP-checked","","","","Mensuration Questions with Answers","Mensuration Questions with Answers 2026 | TakeMockTest"
"https://takemocktest.com/ng/practice/data-interpretation","topic practice","data interpretation questions with answers","Reasoned, not yet SERP-checked","","","","Data Interpretation Questions with Answers","Data Interpretation Questions with Answers 2026"
"https://takemocktest.com/ng/practice/probability","topic practice","probability questions with answers","Reasoned, not yet SERP-checked","","","","Probability Questions with Answers","Probability Questions with Answers 2026 | TakeMockTest"
"https://takemocktest.com/ng/practice/permutations-and-combinations","topic practice","permutations and combinations questions with answers","Reasoned, not yet SERP-checked","","","","Permutations and Combinations Questions with Answers","Permutations and Combinations Questions with Answers 2026"
"https://takemocktest.com/ng/practice/number-series","topic practice","number series questions with answers","Reasoned, not yet SERP-checked","","","","Number Series Questions with Answers","Number Series Questions with Answers 2026 | TakeMockTest"
"https://takemocktest.com/ng/practice/coding-and-decoding","topic practice","coding and decoding questions with answers","Reasoned, not yet SERP-checked","","","","Coding and Decoding Questions with Answers","Coding and Decoding Questions with Answers 2026"
"https://takemocktest.com/ng/practice/syllogism","topic practice","syllogism questions with answers","Reasoned, not yet SERP-checked","","","","Syllogism Questions with Answers","Syllogism Questions with Answers 2026 | TakeMockTest"
"https://takemocktest.com/ng/practice/blood-relations","topic practice","blood relations questions with answers","Reasoned, not yet SERP-checked","","","","Blood Relations Questions with Answers","Blood Relations Questions with Answers 2026 | TakeMockTest"
"https://takemocktest.com/ng/practice/direction-sense","topic practice","direction sense questions with answers","Reasoned, not yet SERP-checked","","","","Direction Sense Questions with Answers","Direction Sense Questions with Answers 2026 | TakeMockTest"
"https://takemocktest.com/ng/practice/classification","topic practice","classification questions with answers","Reasoned, not yet SERP-checked","","","","Classification Questions with Answers","Classification Questions with Answers 2026 | TakeMockTest"
"https://takemocktest.com/ng/practice/analogy","topic practice","analogy questions with answers","Reasoned, not yet SERP-checked","","","","Analogy Questions with Answers","Analogy Questions with Answers 2026 | TakeMockTest"
"https://takemocktest.com/ng/practice/data-sufficiency","topic practice","data sufficiency questions with answers","Reasoned, not yet SERP-checked","","","","Data Sufficiency Questions with Answers","Data Sufficiency Questions with Answers 2026 | TakeMockTest"
"https://takemocktest.com/ng/practice/ranking-and-order","topic practice","ranking and order questions with answers","Reasoned, not yet SERP-checked","","","","Ranking and Order Questions with Answers","Ranking and Order Questions with Answers 2026 | TakeMockTest"
"https://takemocktest.com/ng/practice/alphanumeric-series","topic practice","alphanumeric series questions with answers","Reasoned, not yet SERP-checked","","","","Alphanumeric Series Questions with Answers","Alphanumeric Series Questions with Answers 2026"
"https://takemocktest.com/ng/practice/puzzles","topic practice","puzzles questions with answers","Reasoned, not yet SERP-checked","","","","Puzzles Questions with Answers","Puzzles Questions with Answers 2026 | TakeMockTest"
"https://takemocktest.com/ng/practice/coded-inequality","topic practice","coded inequality questions with answers","Reasoned, not yet SERP-checked","","","","Coded Inequality Questions with Answers","Coded Inequality Questions with Answers 2026 | TakeMockTest"
"https://takemocktest.com/ng/practice/seating-arrangement","topic practice","seating arrangement questions with answers","Reasoned, not yet SERP-checked","","","","Seating Arrangement Questions with Answers","Seating Arrangement Questions with Answers 2026"
"https://takemocktest.com/ng/practice/reading-comprehension","topic practice","reading comprehension questions with answers","Reasoned, not yet SERP-checked","","","","Reading Comprehension Questions with Answers","Reading Comprehension Questions with Answers 2026"
"https://takemocktest.com/ng/practice/one-word-substitution","topic practice","one-word substitution questions with answers","Reasoned, not yet SERP-checked","","","","One-Word Substitution Questions with Answers","One-Word Substitution Questions with Answers 2026"
"https://takemocktest.com/ng/practice/fill-in-the-blanks","topic practice","fill in the blanks questions with answers","Reasoned, not yet SERP-checked","","","","Fill in the Blanks Questions with Answers","Fill in the Blanks Questions with Answers 2026"
"https://takemocktest.com/ng/practice/sentence-improvement","topic practice","sentence improvement questions with answers","Reasoned, not yet SERP-checked","","","","Sentence Improvement Questions with Answers","Sentence Improvement Questions with Answers 2026"
"https://takemocktest.com/ng/practice/error-spotting","topic practice","error spotting questions with answers","Reasoned, not yet SERP-checked","","","","Error Spotting Questions with Answers","Error Spotting Questions with Answers 2026 | TakeMockTest"
"https://takemocktest.com/ng/practice/synonyms","topic practice","synonyms questions with answers","Reasoned, not yet SERP-checked","","","","Synonyms Questions with Answers","Synonyms Questions with Answers 2026 | TakeMockTest"
"https://takemocktest.com/ng/practice/antonyms","topic practice","antonyms questions with answers","Reasoned, not yet SERP-checked","","","","Antonyms Questions with Answers","Antonyms Questions with Answers 2026 | TakeMockTest"
"https://takemocktest.com/ng/practice/idioms-and-phrases","topic practice","idioms and phrases questions with answers","Reasoned, not yet SERP-checked","","","","Idioms and Phrases Questions with Answers","Idioms and Phrases Questions with Answers 2026"
"https://takemocktest.com/ng/practice/cloze-test","topic practice","cloze test questions with answers","Reasoned, not yet SERP-checked","","","","Cloze Test Questions with Answers","Cloze Test Questions with Answers 2026 | TakeMockTest"
"https://takemocktest.com/ng/practice/active-and-passive-voice","topic practice","active and passive voice questions with answers","Reasoned, not yet SERP-checked","","","","Active and Passive Voice Questions with Answers","Active and Passive Voice Questions with Answers 2026"
"https://takemocktest.com/ng/practice/direct-and-indirect-speech","topic practice","direct and indirect speech questions with answers","Reasoned, not yet SERP-checked","","","","Direct and Indirect Speech Questions with Answers","Direct and Indirect Speech Questions with Answers 2026"
"https://takemocktest.com/ng/practice/para-jumbles","topic practice","para jumbles questions with answers","Reasoned, not yet SERP-checked","","","","Para Jumbles Questions with Answers","Para Jumbles Questions with Answers 2026 | TakeMockTest"
"https://takemocktest.com/ng/practice/spelling","topic practice","spelling questions with answers","Reasoned, not yet SERP-checked","","","","Spelling Questions with Answers","Spelling Questions with Answers 2026 | TakeMockTest"
"https://takemocktest.com/ng/about","exam hub","about takemocktest","Reasoned, not yet SERP-checked","","","","About TakeMockTest","About and editorial policy | TakeMockTest"
"https://takemocktest.com/ng/exams/university-admission","exam category","university admission exams","Reasoned, not yet SERP-checked","","","","University Admission Exams","University Admission Exams in Nigeria: Mock Test Directory"
"https://takemocktest.com/ng/jamb","exam hub","jamb utme","Reasoned, not yet SERP-checked","","","","JAMB UTME","JAMB UTME: Free Mock Tests & Exam Pattern | TakeMockTest"
"https://takemocktest.com/ng/jamb/mock-test","mock-test","jamb utme mock test 2026","Reasoned, not yet SERP-checked","","","","JAMB UTME Mock Test 2026","JAMB UTME Mock Test 2026, Practice Free Test Series"
"https://takemocktest.com/ng/jamb/syllabus","syllabus","jamb utme syllabus","SERP-verified 2026-09-09","","","","JAMB UTME Syllabus","JAMB UTME Syllabus: Subjects and Topics | TakeMockTest"
"https://takemocktest.com/ng/jamb/selection-process","selection-process","jamb utme selection process","Reasoned, not yet SERP-checked","","","","JAMB UTME Selection Process","JAMB UTME Selection Process: From Registration to Admission"
"https://takemocktest.com/ng/jamb/test/utme-full-mock-1","full mock test","jamb utme full mock test 1 (science)","Class GSC-observed, this URL not yet in GSC","","","","JAMB UTME Full Mock Test 1 (Science)","JAMB UTME Full Mock Test 1 (Science) (2026) | TakeMockTest"
"https://takemocktest.com/ng/jamb/test/utme-full-mock-2","full mock test","jamb utme full mock test 2 (commercial)","Class GSC-observed, this URL not yet in GSC","","","","JAMB UTME Full Mock Test 2 (Commercial)","JAMB UTME Full Mock Test 2 (Commercial) (2026)"
"https://takemocktest.com/ng/jamb/test/utme-full-mock-3","full mock test","jamb utme full mock test 3 (arts)","Class GSC-observed, this URL not yet in GSC","","","","JAMB UTME Full Mock Test 3 (Arts)","JAMB UTME Full Mock Test 3 (Arts) (2026): Free Online Test"
"https://takemocktest.com/ng/jamb/test/utme-literature-in-english-sectional-1","sectional test","jamb utme literature in english mock test 1","SERP-verified 2026-09-09","","","","JAMB UTME Literature in English Mock Test 1","JAMB UTME Literature in English Mock Test 1: Free Practice"
"https://takemocktest.com/ng/jamb/test/utme-use-of-english-sectional-1","sectional test","jamb utme use of english mock test 1","SERP-verified 2026-09-09","","","","JAMB UTME Use of English Mock Test 1","JAMB UTME Use of English Mock Test 1: Free Practice"
"https://takemocktest.com/ng/jamb/test/utme-government-sectional-1","sectional test","jamb utme government mock test 1","SERP-verified 2026-09-09","","","","JAMB UTME Government Mock Test 1","JAMB UTME Government Mock Test 1: Free Practice"
"https://takemocktest.com/ng/jamb/test/utme-economics-sectional-1","sectional test","jamb utme economics mock test 1","SERP-verified 2026-09-09","","","","JAMB UTME Economics Mock Test 1","JAMB UTME Economics Mock Test 1: Free Practice"
"https://takemocktest.com/ng/jamb/test/utme-mathematics-sectional-1","sectional test","jamb utme mathematics mock test 1","SERP-verified 2026-09-09","","","","JAMB UTME Mathematics Mock Test 1","JAMB UTME Mathematics Mock Test 1: Free Practice"
"https://takemocktest.com/ng/jamb/test/utme-physics-sectional-1","sectional test","jamb utme physics mock test 1","SERP-verified 2026-09-09","","","","JAMB UTME Physics Mock Test 1","JAMB UTME Physics Mock Test 1: Free Practice | TakeMockTest"
"https://takemocktest.com/ng/jamb/test/utme-chemistry-sectional-1","sectional test","jamb utme chemistry mock test 1","SERP-verified 2026-09-09","","","","JAMB UTME Chemistry Mock Test 1","JAMB UTME Chemistry Mock Test 1: Free Practice"
